Age,BMI,Heart_Rate,Cholesterol_Level,Follow_Up,Systolic_BP,Diastolic_BP,Visit_Year,Visit_Month,City_Frequency,Gender_Female,Gender_Male,Gender_Unknown,Diabetic_No,Diabetic_Unknown,Diabetic_Yes,Smoker_Former,Smoker_No,Smoker_Unknown,Smoker_Yes,Medications_0,Medications_Aspirin_Metformin,Medications_Lisinopril_Metformin,Notes_BP_High_Recheck,Notes_Feeling_Fine,Notes_Follow_Up_Soon,Notes_No_Notes,Pulse_Pressure,Mean_Arterial_Pressure,Cholesterol_Age_Ratio,Has_Disease
0.6596842761989657,0.447517537800759,0.5354656364574275,0.0,0.0,0.4285714285714286,0.5,2024,5,0.102,0.0,0.0,1.0,0.0,0.0,1.0,0.0,0.0,0.0,1.0,0.0,1.0,0.0,0.0,1.0,0.0,0.0,0.393939393939394,0.45833333333333326,0.28844180225299054,1
0.7059613126314263,0.5552624811526794,0.5354656364574275,0.0,0.0,0.4285714285714286,0.5,2023,2,0.2057,1.0,0.0,0.0,0.0,1.0,0.0,0.0,0.0,1.0,0.0,0.0,1.0,0.0,0.0,0.0,1.0,0.0,0.393939393939394,0.45833333333333326,0.2436929589308451,0
0.6596842761989657,0.47403795200027954,0.8684445203976638,0.0,0.0,0.4285714285714286,0.5,2021,8,0.2057,0.0,0.0,1.0,0.0,1.0,0.0,1.0,0.0,0.0,0.0,0.0,1.0,0.0,0.0,0.0,1.0,0.0,0.393939393939394,0.45833333333333326,0.28844180225299054,0
0.38823676709842325,0.447517537800759,0.8022862621300737,0.0,0.0,0.4285714285714286,0.5,2020,8,0.3999,1.0,0.0,0.0,1.0,0.0,0.0,0.0,0.0,0.0,1.0,1.0,0.0,0.0,0.0,0.0,1.0,0.0,0.393939393939394,0.45833333333333326,0.5826050444903135,0
0.7059613126314263,0.47403795200027954,0.5354656364574275,0.0,0.0,0.4285714285714286,0.5,2020,6,0.3999,0.0,0.0,1.0,1.0,0.0,0.0,1.0,0.0,0.0,0.0,0.0,1.0,0.0,0.0,0.0,0.0,1.0,0.393939393939394,0.45833333333333326,0.2436929589308451,1
0.7059613126314263,0.47403795200027954,0.5354656364574275,0.0,0.0,0.4285714285714286,0.5,2020,9,0.185,0.0,1.0,0.0,1.0,0.0,0.0,1.0,0.0,0.0,0.0,1.0,0.0,0.0,0.0,0.0,0.0,1.0,0.393939393939394,0.45833333333333326,0.2436929589308451,0
0.38823676709842325,0.47403795200027954,0.5354656364574275,0.0,0.0,0.4285714285714286,0.5,2023,4,0.3999,0.0,0.0,1.0,0.0,0.0,1.0,0.0,0.0,0.0,1.0,0.0,1.0,0.0,1.0,0.0,0.0,0.0,0.393939393939394,0.45833333333333326,0.5826050444903135,0
0.9956662742319112,0.47403795200027954,0.7559819110879777,0.0,0.0,0.4285714285714286,0.5,2025,2,0.2057,1.0,0.0,0.0,1.0,0.0,0.0,0.0,0.0,1.0,0.0,0.0,1.0,0.0,1.0,0.0,0.0,0.0,0.393939393939394,0.45833333333333326,0.0029775906947896724,0
0.7059613126314263,0.47403795200027954,0.6702053117729241,0.0,0.0,0.4285714285714286,0.5,2022,12,0.2057,0.0,0.0,1.0,0.0,1.0,0.0,0.0,0.0,1.0,0.0,0.0,1.0,0.0,1.0,0.0,0.0,0.0,0.393939393939394,0.45833333333333326,0.2436929589308451,0
0.38823676709842325,0.447517537800759,0.5354656364574275,0.0,0.0,0.4285714285714286,0.5,2023,7,0.3999,1.0,0.0,0.0,1.0,0.0,0.0,1.0,0.0,0.0,0.0,0.0,0.0,1.0,0.0,0.0,0.0,1.0,0.393939393939394,0.45833333333333326,0.5826050444903135,1
0.7059613126314263,0.47403795200027954,0.6047950046859647,0.0,1.0,0.4285714285714286,0.5,2024,12,0.185,1.0,0.0,0.0,0.0,0.0,1.0,1.0,0.0,0.0,0.0,1.0,0.0,0.0,0.0,0.0,1.0,0.0,0.393939393939394,0.45833333333333326,0.2436929589308451,0
0.6596842761989657,0.47403795200027954,0.08739654977087685,1.0000000000000004,0.0,0.4285714285714286,0.5,2020,2,0.102,0.0,1.0,0.0,0.0,0.0,1.0,1.0,0.0,0.0,0.0,0.0,0.0,1.0,0.0,1.0,0.0,0.0,0.393939393939394,0.45833333333333326,0.34478095320423274,0
0.7703694949060205,0.6944874452053731,0.5354656364574275,1.0000000000000004,1.0,0.4285714285714286,0.5,2022,7,0.185,0.0,0.0,1.0,0.0,1.0,0.0,1.0,0.0,0.0,0.0,0.0,0.0,1.0,0.0,0.0,0.0,1.0,0.393939393939394,0.45833333333333326,0.23715851053783157,1
0.38823676709842325,0.47403795200027954,0.022475549143011975,0.0,0.0,0.4285714285714286,0.5,2024,11,0.102,0.0,0.0,1.0,0.0,1.0,0.0,1.0,0.0,0.0,0.0,1.0,0.0,0.0,0.0,0.0,0.0,1.0,0.393939393939394,0.45833333333333326,0.5826050444903135,0
0.5718284755479183,0.47403795200027954,0.5354656364574275,1.0000000000000004,0.0,0.4285714285714286,0.5,2025,4,0.2057,1.0,0.0,0.0,1.0,0.0,0.0,0.0,0.0,1.0,0.0,1.0,0.0,0.0,0.0,0.0,0.0,1.0,0.393939393939394,0.45833333333333326,0.4354642904026569,1
0.8046533244696281,0.47403795200027954,0.7677328182287129,0.0,0.0,0.4285714285714286,0.5,2020,4,0.3999,0.0,0.0,1.0,0.0,1.0,0.0,0.0,0.0,1.0,0.0,0.0,1.0,0.0,0.0,1.0,0.0,0.0,0.393939393939394,0.45833333333333326,0.15344736073036283,0
0.38823676709842325,0.47403795200027954,0.5354656364574275,1.0000000000000004,1.0,0.4285714285714286,0.5,2020,7,0.2057,0.0,0.0,1.0,0.0,1.0,0.0,0.0,1.0,0.0,0.0,1.0,0.0,0.0,0.0,1.0,0.0,0.0,0.393939393939394,0.45833333333333326,0.6427439125168093,1
0.6596842761989657,0.8547556456757275,0.3329788839402372,0.0,0.0,0.4285714285714286,0.5,2025,6,0.3999,0.0,1.0,0.0,0.0,1.0,0.0,0.0,1.0,0.0,0.0,0.0,1.0,0.0,0.0,0.0,0.0,1.0,0.393939393939394,0.45833333333333326,0.28844180225299054,1
0.38823676709842325,0.447517537800759,0.5354656364574275,1.0000000000000004,0.0,0.4285714285714286,0.5,2021,3,0.2057,0.0,1.0,0.0,1.0,0.0,0.0,0.0,0.0,1.0,0.0,0.0,1.0,0.0,0.0,0.0,0.0,1.0,0.393939393939394,0.45833333333333326,0.6427439125168093,0
0.15019048322368794,0.9185859648863031,0.5354656364574275,1.0000000000000004,0.0,0.4285714285714286,0.30000000000000004,2021,2,0.2057,1.0,0.0,0.0,0.0,1.0,0.0,0.0,0.0,1.0,0.0,0.0,0.0,1.0,0.0,0.0,1.0,0.0,0.47474747474747475,0.3472222222222223,0.9999999999999999,0
0.38823676709842325,0.447517537800759,0.5354656364574275,1.0000000000000004,0.0,0.4285714285714286,0.5,2020,11,0.2057,0.0,0.0,1.0,1.0,0.0,0.0,0.0,1.0,0.0,0.0,1.0,0.0,0.0,0.0,0.0,0.0,1.0,0.393939393939394,0.45833333333333326,0.6427439125168093,0
0.38823676709842325,0.7333640994677713,0.5354656364574275,0.0,1.0,0.4285714285714286,0.5,2024,10,0.185,1.0,0.0,0.0,1.0,0.0,0.0,1.0,0.0,0.0,0.0,0.0,0.0,1.0,1.0,0.0,0.0,0.0,0.393939393939394,0.45833333333333326,0.5826050444903135,0
0.7059613126314263,0.47403795200027954,0.5775595266479012,0.0,0.0,0.6857142857142857,0.3250000000000002,2025,4,0.102,0.0,1.0,0.0,1.0,0.0,0.0,1.0,0.0,0.0,0.0,0.0,1.0,0.0,0.0,1.0,0.0,0.0,0.6464646464646465,0.4861111111111114,0.2436929589308451,0
0.7059613126314263,0.447517537800759,0.5354656364574275,0.0,0.0,0.4285714285714286,0.5,2024,4,0.185,0.0,1.0,0.0,0.0,0.0,1.0,0.0,1.0,0.0,0.0,0.0,0.0,1.0,0.0,0.0,0.0,1.0,0.393939393939394,0.45833333333333326,0.2436929589308451,1
0.38823676709842325,0.5987048035366143,0.5354656364574275,0.0,0.0,0.9428571428571431,0.2250000000000001,2023,4,0.3999,0.0,0.0,1.0,0.0,1.0,0.0,0.0,0.0,1.0,0.0,0.0,1.0,0.0,0.0,0.0,1.0,0.0,0.8686868686868688,0.5555555555555556,0.5826050444903135,0
0.38823676709842325,0.47403795200027954,0.5354656364574275,0.0,1.0,0.4285714285714286,0.5,2025,6,0.3999,0.0,0.0,1.0,0.0,1.0,0.0,0.0,0.0,1.0,0.0,1.0,0.0,0.0,0.0,1.0,0.0,0.0,0.393939393939394,0.45833333333333326,0.5826050444903135,1
0.38823676709842325,0.2627762675498362,0.5354656364574275,0.0,0.0,0.4285714285714286,0.5,2023,10,0.3999,1.0,0.0,0.0,0.0,1.0,0.0,1.0,0.0,0.0,0.0,0.0,0.0,1.0,1.0,0.0,0.0,0.0,0.393939393939394,0.45833333333333326,0.5826050444903135,0
0.9205599781297086,0.9295150030212951,0.5354656364574275,0.0,0.0,0.4285714285714286,0.5,2020,5,0.1074,0.0,1.0,0.0,1.0,0.0,0.0,0.0,0.0,1.0,0.0,1.0,0.0,0.0,0.0,0.0,1.0,0.0,0.393939393939394,0.45833333333333326,0.05784033428027044,1
0.7059613126314263,0.42588274198223797,0.5354656364574275,1.0000000000000004,0.0,0.4285714285714286,0.5,2024,6,0.2057,0.0,1.0,0.0,0.0,0.0,1.0,0.0,1.0,0.0,0.0,1.0,0.0,0.0,0.0,0.0,0.0,1.0,0.393939393939394,0.45833333333333326,0.29887056355028807,0
0.6596842761989657,0.447517537800759,0.5354656364574275,0.0,0.0,0.4285714285714286,0.5,2021,5,0.3999,1.0,0.0,0.0,1.0,0.0,0.0,1.0,0.0,0.0,0.0,0.0,1.0,0.0,0.0,0.0,1.0,0.0,0.393939393939394,0.45833333333333326,0.28844180225299054,1
0.9701451561535046,0.47927427295186975,0.5354656364574275,0.0,0.0,0.4285714285714286,0.5,2020,1,0.102,0.0,0.0,1.0,0.0,1.0,0.0,1.0,0.0,0.0,0.0,1.0,0.0,0.0,1.0,0.0,0.0,0.0,0.393939393939394,0.45833333333333326,0.02093791712409046,0
0.38823676709842325,0.447517537800759,0.5354656364574275,0.0,1.0,0.4285714285714286,0.5,2020,10,0.185,0.0,1.0,0.0,1.0,0.0,0.0,0.0,1.0,0.0,0.0,1.0,0.0,0.0,0.0,0.0,0.0,1.0,0.393939393939394,0.45833333333333326,0.5826050444903135,1
0.38823676709842325,0.447517537800759,0.5354656364574275,0.0,0.0,0.4285714285714286,0.5,2020,9,0.1074,0.0,1.0,0.0,1.0,0.0,0.0,1.0,0.0,0.0,0.0,0.0,1.0,0.0,1.0,0.0,0.0,0.0,0.393939393939394,0.45833333333333326,0.5826050444903135,0
0.38823676709842325,0.47403795200027954,0.5354656364574275,0.0,1.0,0.11428571428571432,0.15000000000000013,2021,7,0.2057,1.0,0.0,0.0,0.0,0.0,1.0,0.0,1.0,0.0,0.0,0.0,0.0,1.0,0.0,0.0,0.0,1.0,0.31313131313131315,0.11111111111111138,0.5826050444903135,0
0.6596842761989657,0.47403795200027954,0.9709410408258288,0.0,1.0,0.4285714285714286,0.5,2023,11,0.185,0.0,1.0,0.0,1.0,0.0,0.0,0.0,1.0,0.0,0.0,1.0,0.0,0.0,0.0,1.0,0.0,0.0,0.393939393939394,0.45833333333333326,0.28844180225299054,1
0.6596842761989657,0.447517537800759,0.5354656364574275,0.0,0.0,0.4285714285714286,0.5,2021,3,0.1074,0.0,0.0,1.0,0.0,1.0,0.0,0.0,0.0,0.0,1.0,0.0,1.0,0.0,1.0,0.0,0.0,0.0,0.393939393939394,0.45833333333333326,0.28844180225299054,1
0.38823676709842325,0.47403795200027954,0.5354656364574275,1.0000000000000004,0.0,0.4285714285714286,0.5,2021,4,0.2057,0.0,1.0,0.0,0.0,0.0,1.0,1.0,0.0,0.0,0.0,0.0,0.0,1.0,1.0,0.0,0.0,0.0,0.393939393939394,0.45833333333333326,0.6427439125168093,0
0.7059613126314263,0.447517537800759,0.6828552126767171,1.0000000000000004,0.0,0.4285714285714286,0.5,2025,1,0.2057,1.0,0.0,0.0,0.0,0.0,1.0,1.0,0.0,0.0,0.0,1.0,0.0,0.0,0.0,0.0,0.0,1.0,0.393939393939394,0.45833333333333326,0.29887056355028807,0
0.38823676709842325,0.47403795200027954,0.5354656364574275,0.0,1.0,0.4285714285714286,0.5,2024,6,0.3999,0.0,1.0,0.0,0.0,1.0,0.0,1.0,0.0,0.0,0.0,0.0,0.0,1.0,0.0,0.0,1.0,0.0,0.393939393939394,0.45833333333333326,0.5826050444903135,0
0.38823676709842325,0.47403795200027954,0.5354656364574275,0.0,1.0,0.4285714285714286,0.5,2021,6,0.2057,0.0,1.0,0.0,1.0,0.0,0.0,1.0,0.0,0.0,0.0,0.0,1.0,0.0,1.0,0.0,0.0,0.0,0.393939393939394,0.45833333333333326,0.5826050444903135,0
0.38823676709842325,0.47403795200027954,0.10825214845806475,0.0,0.0,0.4285714285714286,0.5,2025,6,0.2057,1.0,0.0,0.0,0.0,0.0,1.0,1.0,0.0,0.0,0.0,0.0,0.0,1.0,0.0,1.0,0.0,0.0,0.393939393939394,0.45833333333333326,0.5826050444903135,0
0.988998699993175,0.47403795200027954,0.5354656364574275,0.0,0.0,0.4285714285714286,0.5,2024,6,0.3999,1.0,0.0,0.0,0.0,1.0,0.0,0.0,0.0,1.0,0.0,1.0,0.0,0.0,1.0,0.0,0.0,0.0,0.393939393939394,0.45833333333333326,0.007599980034583148,1
0.7059613126314263,0.447517537800759,0.43085020575924027,0.0,0.0,0.4285714285714286,0.5,2024,8,0.3999,0.0,0.0,1.0,0.0,0.0,1.0,0.0,0.0,0.0,1.0,1.0,0.0,0.0,0.0,0.0,1.0,0.0,0.393939393939394,0.45833333333333326,0.2436929589308451,0
0.38823676709842325,0.447517537800759,0.5354656364574275,0.0,1.0,0.4285714285714286,0.5,2021,7,0.3999,1.0,0.0,0.0,0.0,0.0,1.0,0.0,0.0,1.0,0.0,1.0,0.0,0.0,0.0,0.0,0.0,1.0,0.393939393939394,0.45833333333333326,0.5826050444903135,1
0.6596842761989657,0.47403795200027954,0.5354656364574275,0.0,1.0,0.4285714285714286,0.5,2021,8,0.102,1.0,0.0,0.0,1.0,0.0,0.0,0.0,0.0,1.0,0.0,0.0,1.0,0.0,0.0,0.0,0.0,1.0,0.393939393939394,0.45833333333333326,0.28844180225299054,1
0.9440075965061615,0.47403795200027954,0.5354656364574275,0.0,0.0,0.4285714285714286,0.5,2022,7,0.3999,1.0,0.0,0.0,0.0,0.0,1.0,0.0,0.0,1.0,0.0,1.0,0.0,0.0,0.0,0.0,0.0,1.0,0.393939393939394,0.45833333333333326,0.040067883651383834,0
0.38823676709842325,0.47403795200027954,0.5354656364574275,1.0000000000000004,0.0,0.4285714285714286,0.5,2025,3,0.3999,0.0,0.0,1.0,1.0,0.0,0.0,0.0,0.0,1.0,0.0,0.0,1.0,0.0,0.0,0.0,0.0,1.0,0.393939393939394,0.45833333333333326,0.6427439125168093,1
0.7059613126314263,0.47403795200027954,0.5354656364574275,0.0,0.0,0.40000000000000013,0.5500000000000003,2025,8,0.102,0.0,0.0,1.0,0.0,0.0,1.0,1.0,0.0,0.0,0.0,1.0,0.0,0.0,0.0,0.0,0.0,1.0,0.35353535353535354,0.4722222222222223,0.2436929589308451,1
0.7059613126314263,0.47403795200027954,0.5354656364574275,0.0,0.0,0.8857142857142857,0.5750000000000002,2023,9,0.3999,0.0,0.0,1.0,0.0,1.0,0.0,0.0,0.0,0.0,1.0,1.0,0.0,0.0,0.0,0.0,0.0,1.0,0.686868686868687,0.7222222222222221,0.2436929589308451,1
0.6596842761989657,0.47403795200027954,0.5354656364574275,0.0,1.0,0.4285714285714286,0.5,2023,3,0.102,0.0,0.0,1.0,0.0,1.0,0.0,0.0,1.0,0.0,0.0,0.0,0.0,1.0,0.0,1.0,0.0,0.0,0.393939393939394,0.45833333333333326,0.28844180225299054,0
0.7059613126314263,0.447517537800759,0.5354656364574275,1.0000000000000004,1.0,0.4285714285714286,0.5,2020,6,0.185,1.0,0.0,0.0,0.0,0.0,1.0,0.0,0.0,0.0,1.0,0.0,1.0,0.0,0.0,0.0,0.0,1.0,0.393939393939394,0.45833333333333326,0.29887056355028807,0
0.38823676709842325,0.982752841496032,0.5354656364574275,0.0,0.0,0.4285714285714286,0.5,2021,2,0.185,0.0,0.0,1.0,0.0,0.0,1.0,0.0,0.0,1.0,0.0,1.0,0.0,0.0,1.0,0.0,0.0,0.0,0.393939393939394,0.45833333333333326,0.5826050444903135,0
0.7059613126314263,0.47403795200027954,0.5354656364574275,0.0,1.0,0.4285714285714286,0.5,2021,8,0.185,0.0,1.0,0.0,0.0,1.0,0.0,1.0,0.0,0.0,0.0,1.0,0.0,0.0,0.0,0.0,1.0,0.0,0.393939393939394,0.45833333333333326,0.2436929589308451,0
0.9626295218680472,0.447517537800759,0.5775595266479012,1.0000000000000004,0.0,0.4285714285714286,0.5,2022,1,0.102,0.0,1.0,0.0,1.0,0.0,0.0,0.0,0.0,1.0,0.0,0.0,1.0,0.0,0.0,0.0,0.0,1.0,0.393939393939394,0.45833333333333326,0.07075357481756991,0
0.38823676709842325,0.47403795200027954,0.7677328182287129,1.0000000000000004,0.0,0.20000000000000018,0.6750000000000003,2023,10,0.3999,0.0,1.0,0.0,0.0,1.0,0.0,1.0,0.0,0.0,0.0,0.0,0.0,1.0,1.0,0.0,0.0,0.0,0.16161616161616163,0.44444444444444464,0.6427439125168093,1
0.38823676709842325,0.47403795200027954,0.5354656364574275,0.0,1.0,0.4285714285714286,0.5,2020,8,0.3999,1.0,0.0,0.0,0.0,0.0,1.0,0.0,0.0,0.0,1.0,1.0,0.0,0.0,0.0,1.0,0.0,0.0,0.393939393939394,0.45833333333333326,0.5826050444903135,1
0.7059613126314263,0.11050538862370107,0.5354656364574275,0.0,0.0,0.4285714285714286,0.5,2025,8,0.185,1.0,0.0,0.0,0.0,0.0,1.0,0.0,0.0,1.0,0.0,0.0,1.0,0.0,0.0,1.0,0.0,0.0,0.393939393939394,0.45833333333333326,0.2436929589308451,0
0.38823676709842325,0.47403795200027954,0.2260609770267461,0.0,0.0,0.4285714285714286,0.5,2021,11,0.2057,0.0,1.0,0.0,0.0,1.0,0.0,0.0,0.0,1.0,0.0,0.0,1.0,0.0,1.0,0.0,0.0,0.0,0.393939393939394,0.45833333333333326,0.5826050444903135,1
0.7059613126314263,0.47403795200027954,0.5354656364574275,0.0,1.0,0.4285714285714286,0.5,2022,12,0.1074,0.0,1.0,0.0,0.0,0.0,1.0,0.0,0.0,1.0,0.0,0.0,0.0,1.0,0.0,1.0,0.0,0.0,0.393939393939394,0.45833333333333326,0.2436929589308451,0
0.7059613126314263,0.3056195945699809,0.5354656364574275,0.0,0.0,0.4285714285714286,0.5,2025,4,0.2057,1.0,0.0,0.0,0.0,0.0,1.0,1.0,0.0,0.0,0.0,0.0,1.0,0.0,0.0,0.0,1.0,0.0,0.393939393939394,0.45833333333333326,0.2436929589308451,0
0.6596842761989657,0.47403795200027954,0.5354656364574275,0.0,0.0,0.4285714285714286,0.5,2023,12,0.3999,1.0,0.0,0.0,0.0,0.0,1.0,0.0,1.0,0.0,0.0,0.0,0.0,1.0,0.0,0.0,0.0,1.0,0.393939393939394,0.45833333333333326,0.28844180225299054,1
0.38823676709842325,0.447517537800759,0.8896828119009514,1.0000000000000004,0.0,0.4285714285714286,0.5,2024,4,0.3999,0.0,1.0,0.0,0.0,1.0,0.0,1.0,0.0,0.0,0.0,1.0,0.0,0.0,0.0,0.0,1.0,0.0,0.393939393939394,0.45833333333333326,0.6427439125168093,0
0.6596842761989657,0.47403795200027954,0.5354656364574275,0.0,0.0,0.4285714285714286,0.5,2022,7,0.3999,0.0,0.0,1.0,0.0,0.0,1.0,1.0,0.0,0.0,0.0,1.0,0.0,0.0,1.0,0.0,0.0,0.0,0.393939393939394,0.45833333333333326,0.28844180225299054,1
0.8835170022161242,0.447517537800759,0.5354656364574275,0.0,1.0,0.4285714285714286,0.5,2020,7,0.185,1.0,0.0,0.0,0.0,1.0,0.0,0.0,0.0,0.0,1.0,1.0,0.0,0.0,0.0,0.0,1.0,0.0,0.393939393939394,0.45833333333333326,0.0870426895416461,0
0.6596842761989657,0.14524435432427252,0.2984254400388755,0.0,0.0,0.4285714285714286,0.5,2021,8,0.3999,0.0,0.0,1.0,0.0,0.0,1.0,0.0,0.0,1.0,0.0,1.0,0.0,0.0,0.0,0.0,0.0,1.0,0.393939393939394,0.45833333333333326,0.28844180225299054,0
0.38823676709842325,0.47403795200027954,0.5354656364574275,0.0,0.0,0.9285714285714288,0.07500000000000018,2023,6,0.3999,0.0,0.0,1.0,1.0,0.0,0.0,1.0,0.0,0.0,0.0,0.0,1.0,0.0,0.0,0.0,1.0,0.0,0.9191919191919193,0.4652777777777779,0.5826050444903135,0
0.38823676709842325,0.447517537800759,0.5354656364574275,1.0000000000000004,0.0,0.4285714285714286,0.5,2021,9,0.1074,1.0,0.0,0.0,0.0,1.0,0.0,1.0,0.0,0.0,0.0,0.0,1.0,0.0,0.0,0.0,0.0,1.0,0.393939393939394,0.45833333333333326,0.6427439125168093,1
0.6596842761989657,0.47403795200027954,0.5354656364574275,0.0,1.0,0.4285714285714286,0.5,2021,2,0.2057,1.0,0.0,0.0,0.0,1.0,0.0,1.0,0.0,0.0,0.0,1.0,0.0,0.0,0.0,0.0,0.0,1.0,0.393939393939394,0.45833333333333326,0.28844180225299054,1
0.9774088217319686,0.447517537800759,1.0,0.0,0.0,0.4285714285714286,0.6000000000000001,2022,9,0.1074,0.0,1.0,0.0,0.0,0.0,1.0,0.0,0.0,1.0,0.0,0.0,1.0,0.0,0.0,0.0,0.0,1.0,0.35353535353535354,0.5138888888888891,0.015752803605833893,0
0.6596842761989657,0.47403795200027954,0.7559819110879777,0.0,0.0,0.4285714285714286,0.5,2023,12,0.3999,0.0,1.0,0.0,0.0,0.0,1.0,0.0,0.0,0.0,1.0,1.0,0.0,0.0,0.0,1.0,0.0,0.0,0.393939393939394,0.45833333333333326,0.28844180225299054,0
0.38823676709842325,0.47403795200027954,0.5354656364574275,0.0,0.0,0.4285714285714286,0.5,2022,7,0.3999,0.0,0.0,1.0,0.0,1.0,0.0,0.0,0.0,0.0,1.0,1.0,0.0,0.0,0.0,0.0,0.0,1.0,0.393939393939394,0.45833333333333326,0.5826050444903135,1
0.6596842761989657,0.2627762675498362,0.5354656364574275,0.0,1.0,0.6142857142857143,1.0,2023,7,0.102,0.0,1.0,0.0,1.0,0.0,0.0,0.0,0.0,1.0,0.0,0.0,0.0,1.0,0.0,0.0,0.0,1.0,0.32323232323232326,0.8263888888888891,0.28844180225299054,1
0.8046533244696281,0.447517537800759,0.5354656364574275,0.0,1.0,0.4285714285714286,0.5,2024,7,0.185,0.0,0.0,1.0,0.0,1.0,0.0,0.0,0.0,1.0,0.0,0.0,1.0,0.0,0.0,1.0,0.0,0.0,0.393939393939394,0.45833333333333326,0.15344736073036283,0
0.38823676709842325,0.7291045037602584,0.26280864795822545,1.0000000000000004,0.0,0.4285714285714286,0.5,2020,1,0.102,0.0,1.0,0.0,0.0,0.0,1.0,0.0,1.0,0.0,0.0,0.0,0.0,1.0,1.0,0.0,0.0,0.0,0.393939393939394,0.45833333333333326,0.6427439125168093,1
0.7059613126314263,0.47403795200027954,0.5354656364574275,0.0,0.0,0.4285714285714286,0.5,2020,5,0.2057,0.0,0.0,1.0,0.0,0.0,1.0,0.0,0.0,0.0,1.0,0.0,0.0,1.0,0.0,0.0,0.0,1.0,0.393939393939394,0.45833333333333326,0.2436929589308451,0
0.6596842761989657,0.47403795200027954,0.44638673986166477,0.0,1.0,0.4285714285714286,0.5,2022,5,0.3999,1.0,0.0,0.0,0.0,0.0,1.0,0.0,1.0,0.0,0.0,0.0,0.0,1.0,0.0,0.0,1.0,0.0,0.393939393939394,0.45833333333333326,0.28844180225299054,1
0.7059613126314263,0.47927427295186975,0.08739654977087685,0.0,0.0,0.4285714285714286,0.5,2022,8,0.185,0.0,0.0,1.0,0.0,1.0,0.0,0.0,1.0,0.0,0.0,1.0,0.0,0.0,0.0,0.0,1.0,0.0,0.393939393939394,0.45833333333333326,0.2436929589308451,0
0.7059613126314263,0.447517537800759,0.5354656364574275,0.0,0.0,0.6142857142857143,0.40000000000000013,2023,2,0.2057,0.0,1.0,0.0,1.0,0.0,0.0,0.0,0.0,1.0,0.0,1.0,0.0,0.0,0.0,0.0,1.0,0.0,0.5656565656565657,0.4930555555555556,0.2436929589308451,0
0.7824103183150795,0.47403795200027954,0.5354656364574275,0.0,0.0,0.4285714285714286,0.5,2023,11,0.185,0.0,0.0,1.0,0.0,0.0,1.0,0.0,0.0,1.0,0.0,1.0,0.0,0.0,0.0,0.0,0.0,1.0,0.393939393939394,0.45833333333333326,0.17313381693596927,1
0.38823676709842325,0.47403795200027954,0.5354656364574275,1.0000000000000004,1.0,0.4285714285714286,0.5,2020,6,0.3999,1.0,0.0,0.0,1.0,0.0,0.0,0.0,0.0,1.0,0.0,1.0,0.0,0.0,0.0,0.0,0.0,1.0,0.393939393939394,0.45833333333333326,0.6427439125168093,1
0.7059613126314263,0.6221941181407362,0.8468092285777598,0.0,0.0,0.4285714285714286,0.5,2021,3,0.185,0.0,0.0,1.0,0.0,0.0,1.0,0.0,0.0,0.0,1.0,1.0,0.0,0.0,0.0,0.0,0.0,1.0,0.393939393939394,0.45833333333333326,0.2436929589308451,1
0.38823676709842325,0.9112457543376471,0.022475549143011975,0.0,0.0,0.4285714285714286,0.5,2025,7,0.3999,0.0,1.0,0.0,1.0,0.0,0.0,1.0,0.0,0.0,0.0,1.0,0.0,0.0,0.0,0.0,0.0,1.0,0.393939393939394,0.45833333333333326,0.5826050444903135,0
0.9011428993421277,0.47403795200027954,0.5354656364574275,0.0,0.0,0.4285714285714286,0.5,2020,10,0.185,1.0,0.0,0.0,0.0,1.0,0.0,0.0,1.0,0.0,0.0,1.0,0.0,0.0,0.0,1.0,0.0,0.0,0.393939393939394,0.45833333333333326,0.07297978914527489,0
0.8199546729298165,0.47403795200027954,0.9310248641879211,0.0,0.0,0.11428571428571432,0.9250000000000003,2023,7,0.185,1.0,0.0,0.0,1.0,0.0,0.0,0.0,0.0,1.0,0.0,0.0,1.0,0.0,0.0,0.0,0.0,1.0,0.0,0.5416666666666667,0.1401398181181376,1
0.7059613126314263,0.447517537800759,0.5354656364574275,0.0,0.0,0.4285714285714286,0.5,2021,6,0.3999,1.0,0.0,0.0,1.0,0.0,0.0,1.0,0.0,0.0,0.0,1.0,0.0,0.0,0.0,0.0,1.0,0.0,0.393939393939394,0.45833333333333326,0.2436929589308451,0
0.7059613126314263,0.47403795200027954,0.5354656364574275,1.0000000000000004,0.0,0.4285714285714286,0.5,2021,3,0.2057,0.0,0.0,1.0,0.0,1.0,0.0,1.0,0.0,0.0,0.0,0.0,1.0,0.0,0.0,1.0,0.0,0.0,0.393939393939394,0.45833333333333326,0.29887056355028807,1
0.38823676709842325,0.47403795200027954,0.7677328182287129,1.0000000000000004,0.0,0.20000000000000018,0.6750000000000003,2023,10,0.3999,0.0,1.0,0.0,0.0,1.0,0.0,1.0,0.0,0.0,0.0,0.0,0.0,1.0,1.0,0.0,0.0,0.0,0.16161616161616163,0.44444444444444464,0.6427439125168093,1
0.6596842761989657,0.47403795200027954,0.5354656364574275,0.0,0.0,0.4285714285714286,0.5,2021,7,0.2057,0.0,0.0,1.0,1.0,0.0,0.0,0.0,0.0,1.0,0.0,1.0,0.0,0.0,0.0,0.0,1.0,0.0,0.393939393939394,0.45833333333333326,0.28844180225299054,1
0.6596842761989657,0.447517537800759,0.5354656364574275,1.0000000000000004,0.0,0.4285714285714286,0.5,2022,1,0.3999,0.0,1.0,0.0,0.0,0.0,1.0,0.0,0.0,1.0,0.0,1.0,0.0,0.0,0.0,1.0,0.0,0.0,0.393939393939394,0.45833333333333326,0.34478095320423274,1
0.7059613126314263,0.447517537800759,0.5354656364574275,0.0,0.0,0.4285714285714286,0.5,2021,12,0.102,1.0,0.0,0.0,0.0,1.0,0.0,0.0,0.0,0.0,1.0,1.0,0.0,0.0,0.0,0.0,1.0,0.0,0.393939393939394,0.45833333333333326,0.2436929589308451,0
0.38823676709842325,0.7205409156562008,0.941133700598555,1.0000000000000004,0.0,0.4285714285714286,0.5,2020,9,0.2057,0.0,1.0,0.0,0.0,1.0,0.0,1.0,0.0,0.0,0.0,0.0,0.0,1.0,0.0,1.0,0.0,0.0,0.393939393939394,0.45833333333333326,0.6427439125168093,0
0.6596842761989657,0.2689886319792474,0.5354656364574275,0.0,0.0,0.4285714285714286,0.5,2023,11,0.2057,0.0,1.0,0.0,0.0,0.0,1.0,0.0,0.0,0.0,1.0,0.0,1.0,0.0,0.0,0.0,0.0,1.0,0.393939393939394,0.45833333333333326,0.28844180225299054,0
0.7059613126314263,0.47403795200027954,0.5354656364574275,0.0,0.0,0.4285714285714286,0.5,2025,5,0.3999,0.0,1.0,0.0,1.0,0.0,0.0,0.0,0.0,0.0,1.0,1.0,0.0,0.0,0.0,1.0,0.0,0.0,0.393939393939394,0.45833333333333326,0.2436929589308451,0
0.38823676709842325,0.47403795200027954,0.5354656364574275,0.0,0.0,0.4285714285714286,0.5,2022,10,0.185,0.0,1.0,0.0,0.0,0.0,1.0,0.0,1.0,0.0,0.0,0.0,1.0,0.0,0.0,1.0,0.0,0.0,0.393939393939394,0.45833333333333326,0.5826050444903135,1
0.38823676709842325,0.47403795200027954,0.5354656364574275,0.0,0.0,0.4285714285714286,0.5,2021,2,0.185,1.0,0.0,0.0,0.0,1.0,0.0,1.0,0.0,0.0,0.0,0.0,1.0,0.0,1.0,0.0,0.0,0.0,0.393939393939394,0.45833333333333326,0.5826050444903135,0
0.38823676709842325,0.447517537800759,0.5354656364574275,0.0,0.0,0.4285714285714286,0.5,2025,1,0.185,1.0,0.0,0.0,0.0,1.0,0.0,0.0,0.0,0.0,1.0,0.0,0.0,1.0,0.0,1.0,0.0,0.0,0.393939393939394,0.45833333333333326,0.5826050444903135,1
0.7059613126314263,0.7751698566066048,0.5354656364574275,1.0000000000000004,0.0,0.4285714285714286,0.5,2023,10,0.185,0.0,0.0,1.0,1.0,0.0,0.0,0.0,0.0,1.0,0.0,1.0,0.0,0.0,1.0,0.0,0.0,0.0,0.393939393939394,0.45833333333333326,0.29887056355028807,1
0.38823676709842325,0.43674758522764545,0.5354656364574275,0.0,0.0,0.4285714285714286,0.5,2021,6,0.1074,0.0,0.0,1.0,0.0,1.0,0.0,0.0,0.0,0.0,1.0,1.0,0.0,0.0,0.0,0.0,1.0,0.0,0.393939393939394,0.45833333333333326,0.5826050444903135,0
0.7059613126314263,0.447517537800759,0.5354656364574275,1.0000000000000004,1.0,0.4285714285714286,0.5,2025,9,0.3999,0.0,1.0,0.0,1.0,0.0,0.0,0.0,0.0,1.0,0.0,0.0,1.0,0.0,0.0,1.0,0.0,0.0,0.393939393939394,0.45833333333333326,0.29887056355028807,1
0.7059613126314263,0.47403795200027954,0.8896828119009514,0.0,0.0,0.4285714285714286,0.5,2022,11,0.3999,0.0,1.0,0.0,1.0,0.0,0.0,0.0,1.0,0.0,0.0,1.0,0.0,0.0,0.0,1.0,0.0,0.0,0.393939393939394,0.45833333333333326,0.2436929589308451,1
0.38823676709842325,0.47403795200027954,0.2260609770267461,0.0,0.0,0.4285714285714286,0.5,2020,3,0.185,0.0,1.0,0.0,1.0,0.0,0.0,0.0,1.0,0.0,0.0,0.0,0.0,1.0,0.0,0.0,0.0,1.0,0.393939393939394,0.45833333333333326,0.5826050444903135,0
0.7059613126314263,0.41492132108621993,0.5354656364574275,0.0,0.0,0.4285714285714286,0.5,2021,9,0.2057,1.0,0.0,0.0,1.0,0.0,0.0,0.0,0.0,0.0,1.0,1.0,0.0,0.0,0.0,0.0,0.0,1.0,0.393939393939394,0.45833333333333326,0.2436929589308451,1
0.6793959560724938,0.47403795200027954,0.5354656364574275,0.0,0.0,0.4285714285714286,0.5,2025,7,0.2057,0.0,1.0,0.0,0.0,0.0,1.0,0.0,0.0,1.0,0.0,1.0,0.0,0.0,1.0,0.0,0.0,0.0,0.393939393939394,0.45833333333333326,0.26920028773358684,0
0.6596842761989657,0.08918234902759314,0.5354656364574275,0.0,1.0,0.4285714285714286,0.5,2024,5,0.102,0.0,0.0,1.0,0.0,1.0,0.0,1.0,0.0,0.0,0.0,0.0,1.0,0.0,0.0,0.0,0.0,1.0,0.393939393939394,0.45833333333333326,0.28844180225299054,0
0.38823676709842325,0.24394915786088633,0.5354656364574275,1.0000000000000004,1.0,0.4285714285714286,0.5,2021,8,0.2057,0.0,1.0,0.0,0.0,0.0,1.0,0.0,0.0,1.0,0.0,0.0,1.0,0.0,0.0,0.0,1.0,0.0,0.393939393939394,0.45833333333333326,0.6427439125168093,0
0.7059613126314263,0.47403795200027954,0.5354656364574275,0.0,0.0,0.9142857142857141,0.2250000000000001,2020,6,0.185,0.0,0.0,1.0,1.0,0.0,0.0,0.0,0.0,1.0,0.0,1.0,0.0,0.0,0.0,1.0,0.0,0.0,0.8484848484848486,0.5416666666666667,0.2436929589308451,1
0.6596842761989657,0.47403795200027954,0.476847824478952,0.0,0.0,0.4285714285714286,0.5,2021,1,0.102,0.0,0.0,1.0,1.0,0.0,0.0,0.0,0.0,1.0,0.0,0.0,0.0,1.0,0.0,0.0,0.0,1.0,0.393939393939394,0.45833333333333326,0.28844180225299054,0
0.7059613126314263,0.47403795200027954,0.5354656364574275,0.0,0.0,0.4285714285714286,0.5,2020,8,0.2057,0.0,0.0,1.0,1.0,0.0,0.0,0.0,0.0,1.0,0.0,1.0,0.0,0.0,0.0,0.0,0.0,1.0,0.393939393939394,0.45833333333333326,0.2436929589308451,0
0.38823676709842325,0.19229127057113082,0.5496677092603841,1.0000000000000004,0.0,0.4285714285714286,0.5,2023,10,0.1074,0.0,1.0,0.0,1.0,0.0,0.0,0.0,1.0,0.0,0.0,1.0,0.0,0.0,1.0,0.0,0.0,0.0,0.393939393939394,0.45833333333333326,0.6427439125168093,0
0.38823676709842325,0.8076230909183875,0.5354656364574275,0.0,0.0,0.4285714285714286,0.5,2022,7,0.3999,0.0,0.0,1.0,0.0,0.0,1.0,1.0,0.0,0.0,0.0,0.0,1.0,0.0,0.0,0.0,0.0,1.0,0.393939393939394,0.45833333333333326,0.5826050444903135,0
0.6596842761989657,0.447517537800759,0.5354656364574275,0.0,0.0,0.4285714285714286,0.5,2022,7,0.2057,0.0,0.0,1.0,1.0,0.0,0.0,1.0,0.0,0.0,0.0,1.0,0.0,0.0,0.0,0.0,1.0,0.0,0.393939393939394,0.45833333333333326,0.28844180225299054,0
0.7509524161184398,0.47403795200027954,0.5354656364574275,1.0000000000000004,0.0,0.4285714285714286,0.5,2024,7,0.3999,1.0,0.0,0.0,0.0,0.0,1.0,0.0,0.0,0.0,1.0,0.0,0.0,1.0,0.0,0.0,0.0,1.0,0.393939393939394,0.45833333333333326,0.25548589813363254,1
0.7059613126314263,0.447517537800759,0.5354656364574275,1.0000000000000004,0.0,0.7714285714285714,0.8000000000000003,2022,5,0.185,0.0,1.0,0.0,0.0,1.0,0.0,1.0,0.0,0.0,0.0,1.0,0.0,0.0,1.0,0.0,0.0,0.0,0.5151515151515152,0.7916666666666667,0.29887056355028807,0
0.38823676709842325,0.447517537800759,0.5354656364574275,0.0,1.0,0.4285714285714286,0.5,2025,6,0.3999,0.0,1.0,0.0,0.0,1.0,0.0,1.0,0.0,0.0,0.0,0.0,1.0,0.0,0.0,0.0,1.0,0.0,0.393939393939394,0.45833333333333326,0.5826050444903135,0
0.6596842761989657,0.5891823490275931,0.022475549143011975,1.0000000000000004,0.0,0.4285714285714286,0.5,2024,1,0.185,0.0,0.0,1.0,0.0,0.0,1.0,0.0,0.0,0.0,1.0,1.0,0.0,0.0,0.0,0.0,0.0,1.0,0.393939393939394,0.45833333333333326,0.34478095320423274,1
0.38823676709842325,0.3982943042755771,0.022475549143011975,0.0,0.0,0.4285714285714286,0.5,2022,12,0.3999,0.0,0.0,1.0,0.0,1.0,0.0,0.0,1.0,0.0,0.0,1.0,0.0,0.0,1.0,0.0,0.0,0.0,0.393939393939394,0.45833333333333326,0.5826050444903135,1
0.38823676709842325,0.447517537800759,0.3329788839402372,0.0,1.0,0.4285714285714286,0.5,2022,12,0.3999,0.0,1.0,0.0,0.0,1.0,0.0,1.0,0.0,0.0,0.0,1.0,0.0,0.0,0.0,0.0,0.0,1.0,0.393939393939394,0.45833333333333326,0.5826050444903135,1
0.6596842761989657,0.47403795200027954,0.5354656364574275,1.0000000000000004,0.0,0.6285714285714286,0.625,2023,4,0.2057,1.0,0.0,0.0,0.0,0.0,1.0,1.0,0.0,0.0,0.0,1.0,0.0,0.0,0.0,0.0,1.0,0.0,0.48484848484848486,0.6249999999999998,0.34478095320423274,0
0.38823676709842325,0.47403795200027954,0.5354656364574275,0.0,0.0,0.4285714285714286,0.5,2023,8,0.3999,0.0,0.0,1.0,1.0,0.0,0.0,1.0,0.0,0.0,0.0,0.0,1.0,0.0,0.0,0.0,0.0,1.0,0.393939393939394,0.45833333333333326,0.5826050444903135,1
0.7059613126314263,0.47403795200027954,0.5354656364574275,1.0000000000000004,1.0,0.4285714285714286,0.5,2021,11,0.2057,0.0,0.0,1.0,0.0,1.0,0.0,0.0,0.0,1.0,0.0,0.0,1.0,0.0,0.0,0.0,0.0,1.0,0.393939393939394,0.45833333333333326,0.29887056355028807,0
0.7059613126314263,0.47403795200027954,0.5354656364574275,0.0,1.0,0.4285714285714286,0.5,2021,1,0.1074,1.0,0.0,0.0,0.0,0.0,1.0,0.0,0.0,1.0,0.0,0.0,0.0,1.0,0.0,0.0,0.0,1.0,0.393939393939394,0.45833333333333326,0.2436929589308451,0
0.9956662742319112,0.47403795200027954,0.5354656364574275,0.0,0.0,0.4285714285714286,0.5,2022,3,0.3999,1.0,0.0,0.0,1.0,0.0,0.0,0.0,0.0,1.0,0.0,1.0,0.0,0.0,1.0,0.0,0.0,0.0,0.393939393939394,0.45833333333333326,0.0029775906947896724,0
0.45057144967106383,0.47403795200027954,0.24458064270766489,0.0,0.0,0.4285714285714286,0.5,2020,11,0.3999,1.0,0.0,0.0,0.0,1.0,0.0,0.0,0.0,1.0,0.0,0.0,1.0,0.0,0.0,0.0,1.0,0.0,0.393939393939394,0.45833333333333326,0.5094629413016346,1
0.988998699993175,0.47403795200027954,0.5354656364574275,0.0,1.0,0.4285714285714286,0.5,2021,3,0.102,0.0,0.0,1.0,1.0,0.0,0.0,0.0,0.0,1.0,0.0,0.0,0.0,1.0,0.0,0.0,1.0,0.0,0.393939393939394,0.45833333333333326,0.007599980034583148,0
0.6596842761989657,0.42041421093087683,0.5636976314849393,0.0,0.0,0.028571428571428692,0.6499999999999999,2021,8,0.185,0.0,0.0,1.0,0.0,1.0,0.0,1.0,0.0,0.0,0.0,1.0,0.0,0.0,0.0,0.0,0.0,1.0,0.050505050505050504,0.3472222222222223,0.28844180225299054,0
0.6596842761989657,0.447517537800759,0.6574156301296643,0.0,0.0,0.5,0.40000000000000013,2022,9,0.3999,1.0,0.0,0.0,1.0,0.0,0.0,0.0,1.0,0.0,0.0,0.0,0.0,1.0,0.0,0.0,0.0,1.0,0.48484848484848486,0.4375,0.28844180225299054,1
0.6596842761989657,0.47403795200027954,0.5354656364574275,0.0,0.0,0.4285714285714286,0.5,2025,5,0.3999,0.0,1.0,0.0,1.0,0.0,0.0,1.0,0.0,0.0,0.0,1.0,0.0,0.0,0.0,0.0,1.0,0.0,0.393939393939394,0.45833333333333326,0.28844180225299054,0
0.38823676709842325,0.3056195945699809,0.5354656364574275,0.0,1.0,0.4285714285714286,0.5,2023,9,0.185,1.0,0.0,0.0,1.0,0.0,0.0,0.0,1.0,0.0,0.0,0.0,1.0,0.0,0.0,0.0,0.0,1.0,0.393939393939394,0.45833333333333326,0.5826050444903135,1
0.7059613126314263,0.47403795200027954,0.5354656364574275,0.0,0.0,0.4285714285714286,0.5,2023,11,0.2057,0.0,0.0,1.0,0.0,1.0,0.0,0.0,0.0,1.0,0.0,0.0,1.0,0.0,0.0,0.0,0.0,1.0,0.393939393939394,0.45833333333333326,0.2436929589308451,0
0.6596842761989657,0.5503397132132082,0.5354656364574275,0.0,0.0,0.4285714285714286,0.5,2022,8,0.185,0.0,0.0,1.0,0.0,0.0,1.0,1.0,0.0,0.0,0.0,1.0,0.0,0.0,1.0,0.0,0.0,0.0,0.393939393939394,0.45833333333333326,0.28844180225299054,0
0.6596842761989657,0.447517537800759,0.5354656364574275,1.0000000000000004,0.0,0.8142857142857145,0.875,2021,9,0.3999,0.0,0.0,1.0,0.0,0.0,1.0,0.0,0.0,1.0,0.0,0.0,0.0,1.0,0.0,0.0,1.0,0.0,0.5151515151515152,0.8541666666666667,0.34478095320423274,1
0.8432759846484608,0.185679181103799,0.5354656364574275,0.0,0.0,0.4285714285714286,0.5,2024,12,0.102,0.0,1.0,0.0,0.0,1.0,0.0,1.0,0.0,0.0,0.0,1.0,0.0,0.0,0.0,1.0,0.0,0.0,0.393939393939394,0.45833333333333326,0.12023983935093127,1
0.6596842761989657,0.47403795200027954,0.5354656364574275,0.0,0.0,0.4285714285714286,0.5,2023,10,0.185,0.0,1.0,0.0,0.0,1.0,0.0,0.0,0.0,1.0,0.0,1.0,0.0,0.0,0.0,0.0,1.0,0.0,0.393939393939394,0.45833333333333326,0.28844180225299054,1
0.38823676709842325,0.447517537800759,0.5354656364574275,0.0,1.0,0.4285714285714286,0.5,2021,7,0.2057,1.0,0.0,0.0,0.0,1.0,0.0,0.0,1.0,0.0,0.0,1.0,0.0,0.0,0.0,1.0,0.0,0.0,0.393939393939394,0.45833333333333326,0.5826050444903135,0
0.15019048322368794,0.447517537800759,0.5354656364574275,0.0,1.0,0.4285714285714286,0.5,2023,3,0.3999,1.0,0.0,0.0,0.0,0.0,1.0,1.0,0.0,0.0,0.0,1.0,0.0,0.0,0.0,0.0,0.0,1.0,0.393939393939394,0.45833333333333326,0.9387591798167269,0
0.7059613126314263,0.47403795200027954,0.06615825826759014,0.0,1.0,0.4285714285714286,0.5,2022,2,0.185,1.0,0.0,0.0,0.0,0.0,1.0,0.0,0.0,0.0,1.0,0.0,0.0,1.0,0.0,0.0,0.0,1.0,0.393939393939394,0.45833333333333326,0.2436929589308451,1
0.38823676709842325,0.6498031459531934,0.5354656364574275,0.0,0.0,0.4285714285714286,0.5,2021,6,0.3999,0.0,1.0,0.0,0.0,1.0,0.0,0.0,0.0,0.0,1.0,0.0,1.0,0.0,0.0,0.0,0.0,1.0,0.393939393939394,0.45833333333333326,0.5826050444903135,0
0.7059613126314263,0.447517537800759,0.5354656364574275,1.0000000000000004,0.0,0.30000000000000004,0.8500000000000001,2021,2,0.3999,0.0,0.0,1.0,0.0,0.0,1.0,0.0,0.0,1.0,0.0,0.0,1.0,0.0,1.0,0.0,0.0,0.0,0.16161616161616163,0.5902777777777779,0.29887056355028807,0
0.6596842761989657,0.47403795200027954,0.5354656364574275,0.0,0.0,0.6571428571428573,0.4750000000000001,2025,1,0.1074,0.0,0.0,1.0,0.0,0.0,1.0,0.0,0.0,1.0,0.0,1.0,0.0,0.0,0.0,1.0,0.0,0.0,0.5656565656565657,0.5555555555555556,0.28844180225299054,1
0.38823676709842325,0.6944874452053731,0.5354656364574275,0.0,0.0,0.30000000000000004,0.3500000000000001,2025,3,0.185,0.0,1.0,0.0,1.0,0.0,0.0,1.0,0.0,0.0,0.0,0.0,1.0,0.0,0.0,1.0,0.0,0.0,0.36363636363636365,0.3125,0.5826050444903135,1
0.7059613126314263,0.47403795200027954,0.5354656364574275,0.0,0.0,0.4285714285714286,0.5,2021,12,0.1074,1.0,0.0,0.0,1.0,0.0,0.0,1.0,0.0,0.0,0.0,0.0,1.0,0.0,0.0,0.0,1.0,0.0,0.393939393939394,0.45833333333333326,0.2436929589308451,1
0.23804628387473534,0.09633107473592162,0.5496677092603841,0.0,0.0,0.4285714285714286,0.5,2024,9,0.3999,0.0,0.0,1.0,0.0,0.0,1.0,0.0,0.0,1.0,0.0,0.0,0.0,1.0,0.0,0.0,0.0,1.0,0.393939393939394,0.45833333333333326,0.7845415170589761,0
0.8519443031609923,0.47403795200027954,0.5354656364574275,1.0000000000000004,0.0,0.4285714285714286,0.5,2022,8,0.3999,1.0,0.0,0.0,1.0,0.0,0.0,1.0,0.0,0.0,0.0,1.0,0.0,0.0,0.0,0.0,0.0,1.0,0.393939393939394,0.45833333333333326,0.16298828743946173,0
0.38823676709842325,0.47403795200027954,0.5354656364574275,0.0,0.0,0.4285714285714286,0.5,2024,7,0.185,0.0,1.0,0.0,0.0,0.0,1.0,0.0,0.0,0.0,1.0,1.0,0.0,0.0,1.0,0.0,0.0,0.0,0.393939393939394,0.45833333333333326,0.5826050444903135,0
0.7059613126314263,0.9722875589012907,0.5354656364574275,0.0,0.0,0.4285714285714286,0.5,2025,4,0.185,0.0,1.0,0.0,1.0,0.0,0.0,0.0,0.0,0.0,1.0,0.0,1.0,0.0,0.0,0.0,1.0,0.0,0.393939393939394,0.45833333333333326,0.2436929589308451,1
0.6596842761989657,0.47403795200027954,0.8468092285777598,0.0,0.0,0.4285714285714286,0.5,2022,12,0.3999,0.0,0.0,1.0,0.0,0.0,1.0,0.0,0.0,1.0,0.0,0.0,1.0,0.0,0.0,0.0,1.0,0.0,0.393939393939394,0.45833333333333326,0.28844180225299054,1
0.38823676709842325,0.47403795200027954,0.5354656364574275,1.0000000000000004,0.0,0.4285714285714286,0.5,2025,3,0.3999,0.0,0.0,1.0,1.0,0.0,0.0,0.0,0.0,1.0,0.0,0.0,1.0,0.0,0.0,0.0,0.0,1.0,0.393939393939394,0.45833333333333326,0.6427439125168093,1
0.6596842761989657,0.447517537800759,0.5065277689203116,0.0,1.0,0.4285714285714286,0.5,2023,1,0.3999,1.0,0.0,0.0,1.0,0.0,0.0,1.0,0.0,0.0,0.0,0.0,0.0,1.0,0.0,1.0,0.0,0.0,0.393939393939394,0.45833333333333326,0.28844180225299054,0
0.38823676709842325,0.47403795200027954,0.5354656364574275,0.0,0.0,0.4285714285714286,0.5,2021,6,0.102,1.0,0.0,0.0,0.0,0.0,1.0,1.0,0.0,0.0,0.0,0.0,0.0,1.0,0.0,1.0,0.0,0.0,0.393939393939394,0.45833333333333326,0.5826050444903135,0
0.9326008015387676,0.8076230909183875,0.5354656364574275,0.0,0.0,0.4285714285714286,0.5,2025,8,0.2057,1.0,0.0,0.0,1.0,0.0,0.0,1.0,0.0,0.0,0.0,0.0,1.0,0.0,0.0,0.0,0.0,1.0,0.393939393939394,0.45833333333333326,0.04864299352087206,1
0.6596842761989657,0.447517537800759,0.5354656364574275,0.0,1.0,0.4285714285714286,0.5,2024,6,0.3999,1.0,0.0,0.0,1.0,0.0,0.0,0.0,0.0,0.0,1.0,0.0,1.0,0.0,1.0,0.0,0.0,0.0,0.393939393939394,0.45833333333333326,0.28844180225299054,1
0.7059613126314263,0.47403795200027954,0.5354656364574275,0.0,0.0,0.4285714285714286,0.5,2023,5,0.102,0.0,0.0,1.0,0.0,1.0,0.0,0.0,1.0,0.0,0.0,1.0,0.0,0.0,0.0,1.0,0.0,0.0,0.393939393939394,0.45833333333333326,0.2436929589308451,1
0.38823676709842325,0.8156046833861308,0.5354656364574275,1.0000000000000004,0.0,0.4285714285714286,0.5,2023,11,0.185,0.0,1.0,0.0,0.0,1.0,0.0,0.0,0.0,1.0,0.0,0.0,0.0,1.0,0.0,0.0,0.0,1.0,0.393939393939394,0.45833333333333326,0.6427439125168093,1
0.6596842761989657,0.4313271293300378,0.5354656364574275,0.0,0.0,0.4285714285714286,0.5,2022,10,0.3999,0.0,0.0,1.0,0.0,1.0,0.0,0.0,0.0,1.0,0.0,0.0,1.0,0.0,0.0,0.0,1.0,0.0,0.393939393939394,0.45833333333333326,0.28844180225299054,0
0.38823676709842325,0.45286744524266,0.7441104797203657,0.0,0.0,0.4285714285714286,0.5,2020,6,0.2057,0.0,1.0,0.0,0.0,0.0,1.0,1.0,0.0,0.0,0.0,0.0,1.0,0.0,0.0,0.0,0.0,1.0,0.393939393939394,0.45833333333333326,0.5826050444903135,1
0.38823676709842325,0.47403795200027954,0.6181761295775301,0.0,0.0,0.7714285714285714,0.7250000000000001,2025,6,0.3999,0.0,1.0,0.0,0.0,1.0,0.0,0.0,0.0,1.0,0.0,1.0,0.0,0.0,1.0,0.0,0.0,0.0,0.5454545454545455,0.7499999999999998,0.5826050444903135,0
0.7059613126314263,0.47403795200027954,0.5354656364574275,0.0,0.0,0.12857142857142856,0.3250000000000002,2022,8,0.3999,1.0,0.0,0.0,1.0,0.0,0.0,0.0,0.0,1.0,0.0,0.0,1.0,0.0,0.0,0.0,1.0,0.0,0.25252525252525254,0.2152777777777779,0.2436929589308451,0
0.5195737064824407,0.47403795200027954,0.5354656364574275,0.0,0.0,0.4285714285714286,0.5,2023,2,0.185,1.0,0.0,0.0,1.0,0.0,0.0,1.0,0.0,0.0,0.0,0.0,1.0,0.0,0.0,0.0,0.0,1.0,0.393939393939394,0.45833333333333326,0.4328924311374578,1
0.38823676709842325,0.47403795200027954,0.5354656364574275,0.0,0.0,0.44285714285714284,0.7250000000000001,2024,11,0.3999,1.0,0.0,0.0,1.0,0.0,0.0,0.0,0.0,1.0,0.0,0.0,1.0,0.0,1.0,0.0,0.0,0.0,0.31313131313131315,0.5902777777777779,0.5826050444903135,0
0.6596842761989657,0.447517537800759,0.06615825826759014,1.0000000000000004,0.0,0.4285714285714286,0.5,2020,7,0.185,0.0,0.0,1.0,1.0,0.0,0.0,0.0,1.0,0.0,0.0,1.0,0.0,0.0,0.0,0.0,0.0,1.0,0.393939393939394,0.45833333333333326,0.34478095320423274,1
0.4760925677494707,0.47403795200027954,0.5354656364574275,0.0,0.0,0.4285714285714286,0.5,2022,10,0.185,0.0,0.0,1.0,0.0,1.0,0.0,0.0,0.0,0.0,1.0,1.0,0.0,0.0,0.0,0.0,0.0,1.0,0.393939393939394,0.45833333333333326,0.4806632293150592,1
0.38823676709842325,0.21839069413287104,0.5354656364574275,0.0,0.0,0.4285714285714286,0.5,2020,3,0.1074,1.0,0.0,0.0,1.0,0.0,0.0,0.0,1.0,0.0,0.0,0.0,1.0,0.0,0.0,0.0,0.0,1.0,0.393939393939394,0.45833333333333326,0.5826050444903135,0
0.7059613126314263,0.47403795200027954,0.5354656364574275,0.0,0.0,0.4285714285714286,0.5,2022,10,0.185,0.0,1.0,0.0,0.0,0.0,1.0,0.0,0.0,0.0,1.0,0.0,1.0,0.0,0.0,0.0,1.0,0.0,0.393939393939394,0.45833333333333326,0.2436929589308451,0
0.7059613126314263,0.447517537800759,0.5354656364574275,1.0000000000000004,0.0,0.4285714285714286,0.5,2021,3,0.3999,0.0,0.0,1.0,0.0,0.0,1.0,0.0,0.0,0.0,1.0,1.0,0.0,0.0,0.0,0.0,0.0,1.0,0.393939393939394,0.45833333333333326,0.29887056355028807,1
0.38823676709842325,0.47403795200027954,0.12873860205784737,0.0,1.0,0.4285714285714286,0.5,2021,6,0.3999,1.0,0.0,0.0,1.0,0.0,0.0,0.0,1.0,0.0,0.0,1.0,0.0,0.0,0.0,0.0,0.0,1.0,0.393939393939394,0.45833333333333326,0.5826050444903135,0
0.8295864392961818,0.447517537800759,0.5354656364574275,0.0,1.0,0.4285714285714286,0.5,2021,1,0.3999,1.0,0.0,0.0,1.0,0.0,0.0,0.0,0.0,0.0,1.0,1.0,0.0,0.0,0.0,0.0,0.0,1.0,0.393939393939394,0.45833333333333326,0.13186421916498706,0
0.38823676709842325,0.47403795200027954,0.5354656364574275,0.0,0.0,0.4285714285714286,0.5,2022,7,0.1074,0.0,1.0,0.0,1.0,0.0,0.0,1.0,0.0,0.0,0.0,0.0,0.0,1.0,0.0,0.0,0.0,1.0,0.393939393939394,0.45833333333333326,0.5826050444903135,0
0.7059613126314263,0.47403795200027954,0.5354656364574275,0.0,1.0,0.4285714285714286,0.5,2022,8,0.1074,0.0,0.0,1.0,0.0,0.0,1.0,0.0,0.0,1.0,0.0,0.0,0.0,1.0,0.0,0.0,0.0,1.0,0.393939393939394,0.45833333333333326,0.2436929589308451,0
0.7059613126314263,0.447517537800759,0.5354656364574275,0.0,1.0,0.4285714285714286,0.5,2023,11,0.3999,0.0,1.0,0.0,0.0,0.0,1.0,0.0,0.0,0.0,1.0,0.0,1.0,0.0,1.0,0.0,0.0,0.0,0.393939393939394,0.45833333333333326,0.2436929589308451,1
0.6596842761989657,0.447517537800759,0.5354656364574275,0.0,0.0,0.4285714285714286,0.5,2021,12,0.2057,0.0,1.0,0.0,0.0,1.0,0.0,0.0,1.0,0.0,0.0,0.0,1.0,0.0,0.0,0.0,1.0,0.0,0.393939393939394,0.45833333333333326,0.28844180225299054,0
0.6596842761989657,0.9112457543376471,0.5354656364574275,1.0000000000000004,1.0,0.4285714285714286,0.5,2023,7,0.3999,1.0,0.0,0.0,0.0,0.0,1.0,0.0,1.0,0.0,0.0,0.0,1.0,0.0,1.0,0.0,0.0,0.0,0.393939393939394,0.45833333333333326,0.34478095320423274,1
0.38823676709842325,0.447517537800759,0.49178292733284845,0.0,0.0,0.4285714285714286,0.5,2023,12,0.2057,0.0,0.0,1.0,0.0,0.0,1.0,0.0,0.0,1.0,0.0,1.0,0.0,0.0,0.0,0.0,0.0,1.0,0.393939393939394,0.45833333333333326,0.5826050444903135,1
0.7059613126314263,0.7162367167621775,0.0,0.0,1.0,0.4285714285714286,0.5,2021,6,0.2057,1.0,0.0,0.0,0.0,1.0,0.0,0.0,0.0,1.0,0.0,0.0,1.0,0.0,0.0,0.0,1.0,0.0,0.393939393939394,0.45833333333333326,0.2436929589308451,0
0.9600652426463415,0.19229127057113082,0.5354656364574275,0.0,0.0,0.028571428571428692,0.6750000000000003,2022,6,0.3999,0.0,1.0,0.0,0.0,0.0,1.0,0.0,0.0,1.0,0.0,1.0,0.0,0.0,0.0,0.0,0.0,1.0,0.04040404040404041,0.3611111111111114,0.028228587237241004,0
0.7059613126314263,0.47403795200027954,0.5354656364574275,0.0,1.0,0.4285714285714286,0.5,2024,2,0.2057,0.0,1.0,0.0,1.0,0.0,0.0,0.0,0.0,1.0,0.0,0.0,1.0,0.0,0.0,1.0,0.0,0.0,0.393939393939394,0.45833333333333326,0.2436929589308451,0
0.7059613126314263,0.47403795200027954,0.8791123785104213,0.0,0.0,0.4285714285714286,0.5,2025,2,0.2057,0.0,1.0,0.0,0.0,1.0,0.0,1.0,0.0,0.0,0.0,0.0,1.0,0.0,0.0,0.0,0.0,1.0,0.393939393939394,0.45833333333333326,0.2436929589308451,1
0.6596842761989657,0.6900911776928242,0.26280864795822545,0.0,1.0,0.4285714285714286,0.5,2024,12,0.3999,0.0,0.0,1.0,0.0,1.0,0.0,0.0,1.0,0.0,0.0,0.0,1.0,0.0,0.0,1.0,0.0,0.0,0.393939393939394,0.45833333333333326,0.28844180225299054,1
0.6596842761989657,0.47403795200027954,0.5354656364574275,0.0,0.0,0.7142857142857144,0.0,2021,2,0.3999,1.0,0.0,0.0,0.0,1.0,0.0,0.0,0.0,0.0,1.0,1.0,0.0,0.0,0.0,1.0,0.0,0.0,0.7979797979797981,0.31944444444444464,0.28844180225299054,0
0.6596842761989657,0.447517537800759,0.5354656364574275,0.0,0.0,0.4285714285714286,0.5,2025,2,0.3999,0.0,1.0,0.0,0.0,1.0,0.0,1.0,0.0,0.0,0.0,1.0,0.0,0.0,0.0,0.0,0.0,1.0,0.393939393939394,0.45833333333333326,0.28844180225299054,0
0.6596842761989657,0.7291045037602584,0.5354656364574275,0.0,0.0,0.40000000000000013,0.5,2020,10,0.3999,0.0,0.0,1.0,0.0,1.0,0.0,1.0,0.0,0.0,0.0,1.0,0.0,0.0,0.0,1.0,0.0,0.0,0.37373737373737376,0.44444444444444464,0.28844180225299054,0
0.6596842761989657,0.8662625882489405,0.5354656364574275,0.0,1.0,0.4285714285714286,0.5,2022,2,0.1074,0.0,1.0,0.0,1.0,0.0,0.0,0.0,1.0,0.0,0.0,1.0,0.0,0.0,0.0,0.0,0.0,1.0,0.393939393939394,0.45833333333333326,0.28844180225299054,0
0.8342463837423743,0.45819424286116694,0.5354656364574275,0.0,0.0,0.4285714285714286,0.5,2023,8,0.1074,1.0,0.0,0.0,0.0,0.0,1.0,0.0,1.0,0.0,0.0,0.0,1.0,0.0,0.0,0.0,0.0,1.0,0.393939393939394,0.45833333333333326,0.12788895786680674,0
0.38823676709842325,0.47403795200027954,0.5354656364574275,0.0,0.0,0.4285714285714286,0.5,2023,1,0.2057,1.0,0.0,0.0,0.0,1.0,0.0,1.0,0.0,0.0,0.0,0.0,0.0,1.0,1.0,0.0,0.0,0.0,0.393939393939394,0.45833333333333326,0.5826050444903135,0
0.9266640174205345,0.47403795200027954,0.12873860205784737,0.0,0.0,0.4285714285714286,0.5,2024,9,0.2057,0.0,0.0,1.0,1.0,0.0,0.0,0.0,1.0,0.0,0.0,0.0,0.0,1.0,1.0,0.0,0.0,0.0,0.393939393939394,0.45833333333333326,0.053159268691928246,0
0.9355092890383155,0.47403795200027954,0.5354656364574275,0.0,0.0,0.4285714285714286,0.5,2021,9,0.3999,0.0,0.0,1.0,0.0,0.0,1.0,1.0,0.0,0.0,0.0,0.0,0.0,1.0,0.0,0.0,0.0,1.0,0.393939393939394,0.45833333333333326,0.04644367765757876,1
0.988998699993175,0.47403795200027954,0.5354656364574275,0.0,0.0,0.4285714285714286,0.5,2024,6,0.3999,1.0,0.0,0.0,0.0,1.0,0.0,0.0,0.0,1.0,0.0,1.0,0.0,0.0,1.0,0.0,0.0,0.0,0.393939393939394,0.45833333333333326,0.007599980034583148,1
0.9110688667928428,0.6856791811037986,0.5354656364574275,0.0,0.0,0.4285714285714286,0.5,2021,6,0.3999,0.0,0.0,1.0,1.0,0.0,0.0,0.0,1.0,0.0,0.0,1.0,0.0,0.0,0.0,1.0,0.0,0.0,0.393939393939394,0.45833333333333326,0.06519362749123594,1
0.6596842761989657,0.47403795200027954,0.5354656364574275,0.0,0.0,0.6142857142857143,0.7000000000000002,2022,10,0.2057,0.0,1.0,0.0,1.0,0.0,0.0,0.0,1.0,0.0,0.0,1.0,0.0,0.0,0.0,0.0,0.0,1.0,0.4444444444444445,0.6597222222222221,0.28844180225299054,0
0.6596842761989657,0.447517537800759,0.5354656364574275,0.0,0.0,0.4285714285714286,0.5,2021,9,0.3999,0.0,1.0,0.0,0.0,1.0,0.0,0.0,0.0,1.0,0.0,0.0,1.0,0.0,0.0,1.0,0.0,0.0,0.393939393939394,0.45833333333333326,0.28844180225299054,0
0.7059613126314263,0.7915032309033729,0.5354656364574275,0.0,1.0,0.7571428571428571,0.5750000000000002,2024,7,0.3999,0.0,1.0,0.0,0.0,1.0,0.0,1.0,0.0,0.0,0.0,0.0,1.0,0.0,0.0,0.0,1.0,0.0,0.595959595959596,0.6597222222222221,0.2436929589308451,1
0.38823676709842325,0.47403795200027954,0.5354656364574275,0.0,1.0,0.4285714285714286,0.5,2022,11,0.3999,1.0,0.0,0.0,1.0,0.0,0.0,1.0,0.0,0.0,0.0,0.0,0.0,1.0,0.0,0.0,1.0,0.0,0.393939393939394,0.45833333333333326,0.5826050444903135,0
0.7059613126314263,0.447517537800759,0.3329788839402372,1.0000000000000004,0.0,0.4285714285714286,0.5,2021,3,0.102,0.0,1.0,0.0,0.0,0.0,1.0,1.0,0.0,0.0,0.0,1.0,0.0,0.0,0.0,0.0,0.0,1.0,0.393939393939394,0.45833333333333326,0.29887056355028807,0
0.6596842761989657,0.447517537800759,0.5354656364574275,0.0,1.0,0.4285714285714286,0.5,2021,9,0.3999,1.0,0.0,0.0,1.0,0.0,0.0,0.0,0.0,1.0,0.0,0.0,1.0,0.0,0.0,1.0,0.0,0.0,0.393939393939394,0.45833333333333326,0.28844180225299054,0
0.9774088217319686,0.447517537800759,0.5354656364574275,0.0,0.0,0.15714285714285725,0.25,2021,6,0.3999,0.0,1.0,0.0,1.0,0.0,0.0,0.0,1.0,0.0,0.0,1.0,0.0,0.0,0.0,0.0,0.0,1.0,0.30303030303030304,0.1875,0.015752803605833893,0
0.6596842761989657,0.47927427295186975,0.5354656364574275,1.0000000000000004,0.0,0.3571428571428572,0.8500000000000001,2023,4,0.3999,0.0,0.0,1.0,0.0,1.0,0.0,0.0,1.0,0.0,0.0,1.0,0.0,0.0,0.0,0.0,1.0,0.0,0.20202020202020202,0.6180555555555556,0.34478095320423274,0
0.38823676709842325,0.6543451464146908,0.5354656364574275,1.0000000000000004,1.0,0.4285714285714286,0.5,2025,7,0.2057,0.0,0.0,1.0,0.0,0.0,1.0,0.0,0.0,1.0,0.0,0.0,1.0,0.0,0.0,0.0,0.0,1.0,0.393939393939394,0.45833333333333326,0.6427439125168093,1
0.7059613126314263,0.5939527678633465,0.5354656364574275,0.0,0.0,0.4285714285714286,0.5,2024,1,0.102,1.0,0.0,0.0,0.0,0.0,1.0,0.0,1.0,0.0,0.0,0.0,1.0,0.0,1.0,0.0,0.0,0.0,0.393939393939394,0.45833333333333326,0.2436929589308451,1
0.38823676709842325,0.47403795200027954,0.5354656364574275,0.0,1.0,0.4285714285714286,0.5,2023,4,0.3999,0.0,0.0,1.0,0.0,1.0,0.0,0.0,0.0,1.0,0.0,1.0,0.0,0.0,0.0,0.0,1.0,0.0,0.393939393939394,0.45833333333333326,0.5826050444903135,0
0.9956662742319112,0.47403795200027954,0.5354656364574275,0.0,0.0,0.4285714285714286,0.5,2024,10,0.2057,0.0,1.0,0.0,0.0,1.0,0.0,0.0,0.0,0.0,1.0,0.0,1.0,0.0,1.0,0.0,0.0,0.0,0.393939393939394,0.45833333333333326,0.0029775906947896724,0
0.6596842761989657,0.47403795200027954,0.5354656364574275,0.0,0.0,0.4285714285714286,0.5,2020,4,0.2057,1.0,0.0,0.0,0.0,1.0,0.0,0.0,0.0,0.0,1.0,1.0,0.0,0.0,1.0,0.0,0.0,0.0,0.393939393939394,0.45833333333333326,0.28844180225299054,1
0.38823676709842325,0.4094038544714014,0.5354656364574275,0.0,0.0,0.4285714285714286,0.5,2022,2,0.2057,1.0,0.0,0.0,0.0,0.0,1.0,1.0,0.0,0.0,0.0,1.0,0.0,0.0,0.0,0.0,0.0,1.0,0.393939393939394,0.45833333333333326,0.5826050444903135,1
0.7059613126314263,0.47403795200027954,0.5354656364574275,0.0,0.0,0.4285714285714286,0.5,2024,10,0.2057,1.0,0.0,0.0,1.0,0.0,0.0,0.0,1.0,0.0,0.0,0.0,1.0,0.0,0.0,1.0,0.0,0.0,0.393939393939394,0.45833333333333326,0.2436929589308451,0
0.7059613126314263,0.3116203447626149,0.5354656364574275,0.0,0.0,0.4285714285714286,0.5,2023,10,0.185,0.0,0.0,1.0,0.0,0.0,1.0,0.0,0.0,1.0,0.0,1.0,0.0,0.0,0.0,0.0,1.0,0.0,0.393939393939394,0.45833333333333326,0.2436929589308451,1
0.6596842761989657,0.47403795200027954,0.2984254400388755,0.0,0.0,0.4285714285714286,0.5,2025,6,0.185,0.0,0.0,1.0,0.0,0.0,1.0,0.0,0.0,0.0,1.0,1.0,0.0,0.0,0.0,0.0,0.0,1.0,0.393939393939394,0.45833333333333326,0.28844180225299054,0
0.38823676709842325,0.47403795200027954,0.5354656364574275,0.0,0.0,0.4285714285714286,0.5,2023,8,0.3999,0.0,1.0,0.0,0.0,1.0,0.0,1.0,0.0,0.0,0.0,1.0,0.0,0.0,0.0,1.0,0.0,0.0,0.393939393939394,0.45833333333333326,0.5826050444903135,1
0.38823676709842325,0.47403795200027954,0.5354656364574275,0.0,0.0,0.4285714285714286,0.5,2021,7,0.185,0.0,0.0,1.0,0.0,0.0,1.0,0.0,0.0,1.0,0.0,0.0,1.0,0.0,0.0,0.0,0.0,1.0,0.393939393939394,0.45833333333333326,0.5826050444903135,0
0.9045023319895283,0.3870837567839951,0.5354656364574275,0.0,0.0,0.8142857142857145,0.875,2023,6,0.1074,0.0,1.0,0.0,0.0,0.0,1.0,0.0,1.0,0.0,0.0,1.0,0.0,0.0,0.0,1.0,0.0,0.0,0.5151515151515152,0.8541666666666667,0.07033368718684699,1
0.6596842761989657,0.47403795200027954,0.5354656364574275,0.0,1.0,0.7285714285714286,0.7000000000000002,2023,3,0.1074,0.0,1.0,0.0,0.0,0.0,1.0,1.0,0.0,0.0,0.0,1.0,0.0,0.0,0.0,0.0,0.0,1.0,0.5252525252525253,0.7152777777777779,0.28844180225299054,0
0.6596842761989657,0.34702426153413235,0.5354656364574275,0.0,1.0,0.4285714285714286,0.5,2020,10,0.102,0.0,1.0,0.0,0.0,1.0,0.0,1.0,0.0,0.0,0.0,0.0,1.0,0.0,1.0,0.0,0.0,0.0,0.393939393939394,0.45833333333333326,0.28844180225299054,0
0.7059613126314263,0.47403795200027954,0.5354656364574275,1.0000000000000004,0.0,0.4285714285714286,0.5,2025,3,0.3999,0.0,1.0,0.0,0.0,1.0,0.0,1.0,0.0,0.0,0.0,1.0,0.0,0.0,1.0,0.0,0.0,0.0,0.393939393939394,0.45833333333333326,0.29887056355028807,0
0.6596842761989657,0.447517537800759,0.49178292733284845,0.0,0.0,0.4285714285714286,0.5,2020,11,0.3999,0.0,1.0,0.0,1.0,0.0,0.0,0.0,0.0,1.0,0.0,0.0,1.0,0.0,0.0,0.0,0.0,1.0,0.393939393939394,0.45833333333333326,0.28844180225299054,0
0.9521851354989413,0.447517537800759,0.5354656364574275,0.0,1.0,0.4285714285714286,0.5,2024,2,0.102,0.0,0.0,1.0,1.0,0.0,0.0,0.0,0.0,1.0,0.0,0.0,0.0,1.0,0.0,0.0,0.0,1.0,0.393939393939394,0.45833333333333326,0.034004338394475614,1
0.3003809664473759,0.47403795200027954,0.5354656364574275,0.0,0.0,0.4285714285714286,0.5,2022,6,0.1074,1.0,0.0,0.0,0.0,0.0,1.0,0.0,0.0,1.0,0.0,1.0,0.0,0.0,0.0,0.0,0.0,1.0,0.393939393939394,0.45833333333333326,0.694809747525401,0
0.6596842761989657,0.9185859648863031,0.5354656364574275,1.0000000000000004,1.0,0.40000000000000013,0.40000000000000013,2020,8,0.2057,0.0,1.0,0.0,1.0,0.0,0.0,0.0,0.0,1.0,0.0,1.0,0.0,0.0,0.0,1.0,0.0,0.0,0.41414141414141414,0.38888888888888906,0.34478095320423274,0
0.38823676709842325,0.447517537800759,0.5354656364574275,0.0,1.0,0.4285714285714286,0.5,2025,3,0.3999,0.0,0.0,1.0,0.0,1.0,0.0,0.0,0.0,0.0,1.0,1.0,0.0,0.0,0.0,0.0,1.0,0.0,0.393939393939394,0.45833333333333326,0.5826050444903135,1
0.38823676709842325,0.447517537800759,0.5354656364574275,0.0,0.0,0.9285714285714288,0.4500000000000002,2025,3,0.185,0.0,0.0,1.0,0.0,0.0,1.0,1.0,0.0,0.0,0.0,0.0,1.0,0.0,0.0,0.0,0.0,1.0,0.7676767676767677,0.6736111111111114,0.5826050444903135,1
0.7059613126314263,0.47403795200027954,0.5354656364574275,0.0,1.0,0.4285714285714286,0.5,2022,4,0.2057,1.0,0.0,0.0,0.0,0.0,1.0,0.0,0.0,0.0,1.0,1.0,0.0,0.0,0.0,0.0,0.0,1.0,0.393939393939394,0.45833333333333326,0.2436929589308451,1
0.6596842761989657,0.11753191322556367,0.5354656364574275,1.0000000000000004,0.0,0.4285714285714286,0.5,2021,8,0.3999,1.0,0.0,0.0,0.0,1.0,0.0,1.0,0.0,0.0,0.0,1.0,0.0,0.0,0.0,0.0,1.0,0.0,0.393939393939394,0.45833333333333326,0.34478095320423274,1
0.8760445698180266,0.6314659793486084,0.5354656364574275,1.0000000000000004,0.0,0.4285714285714286,0.5,2024,6,0.2057,1.0,0.0,0.0,0.0,1.0,0.0,0.0,1.0,0.0,0.0,1.0,0.0,0.0,0.0,0.0,0.0,1.0,0.393939393939394,0.45833333333333326,0.14202180837103026,0
0.6596842761989657,0.996569812166014,0.2807540370648489,0.0,0.0,0.4285714285714286,0.5,2024,4,0.3999,1.0,0.0,0.0,0.0,1.0,0.0,0.0,0.0,1.0,0.0,0.0,0.0,1.0,0.0,0.0,1.0,0.0,0.393939393939394,0.45833333333333326,0.28844180225299054,0
0.49892198580547814,0.447517537800759,0.5354656364574275,1.0000000000000004,0.0,0.4285714285714286,0.5,2021,6,0.1074,0.0,0.0,1.0,1.0,0.0,0.0,0.0,1.0,0.0,0.0,1.0,0.0,0.0,0.0,0.0,1.0,0.0,0.393939393939394,0.45833333333333326,0.5144643297858074,1
0.7059613126314263,0.447517537800759,0.5354656364574275,0.0,0.0,0.5142857142857145,0.875,2022,2,0.1074,0.0,0.0,1.0,0.0,1.0,0.0,1.0,0.0,0.0,0.0,1.0,0.0,0.0,0.0,1.0,0.0,0.0,0.30303030303030304,0.7083333333333333,0.2436929589308451,1
0.6596842761989657,0.447517537800759,0.5354656364574275,1.0000000000000004,0.0,0.4285714285714286,0.5,2024,7,0.185,0.0,1.0,0.0,1.0,0.0,0.0,0.0,1.0,0.0,0.0,1.0,0.0,0.0,0.0,0.0,0.0,1.0,0.393939393939394,0.45833333333333326,0.34478095320423274,0
0.6596842761989657,0.47403795200027954,0.7559819110879777,0.0,1.0,0.4285714285714286,0.5,2022,7,0.3999,0.0,1.0,0.0,1.0,0.0,0.0,0.0,0.0,0.0,1.0,1.0,0.0,0.0,0.0,0.0,0.0,1.0,0.393939393939394,0.45833333333333326,0.28844180225299054,0
0.7059613126314263,0.47403795200027954,0.5354656364574275,0.0,0.0,0.4285714285714286,0.5,2025,2,0.3999,0.0,0.0,1.0,1.0,0.0,0.0,1.0,0.0,0.0,0.0,0.0,1.0,0.0,0.0,0.0,0.0,1.0,0.393939393939394,0.45833333333333326,0.2436929589308451,1
0.9912440990023085,0.47403795200027954,0.5354656364574275,1.0000000000000004,0.0,0.4285714285714286,0.5,2020,4,0.3999,0.0,0.0,1.0,0.0,0.0,1.0,0.0,0.0,0.0,1.0,1.0,0.0,0.0,0.0,0.0,1.0,0.0,0.393939393939394,0.45833333333333326,0.04873176631754353,1
0.6596842761989657,0.47403795200027954,0.5354656364574275,1.0000000000000004,0.0,0.4285714285714286,0.5,2021,5,0.3999,0.0,0.0,1.0,1.0,0.0,0.0,1.0,0.0,0.0,0.0,0.0,1.0,0.0,0.0,0.0,0.0,1.0,0.393939393939394,0.45833333333333326,0.34478095320423274,1
0.38823676709842325,0.47403795200027954,0.5354656364574275,0.0,0.0,0.4285714285714286,0.5,2021,7,0.1074,0.0,0.0,1.0,0.0,1.0,0.0,0.0,0.0,1.0,0.0,0.0,1.0,0.0,0.0,0.0,1.0,0.0,0.393939393939394,0.45833333333333326,0.5826050444903135,0
0.38823676709842325,0.447517537800759,0.26280864795822545,0.0,1.0,0.9142857142857141,0.42500000000000004,2021,9,0.3999,1.0,0.0,0.0,0.0,0.0,1.0,1.0,0.0,0.0,0.0,0.0,0.0,1.0,1.0,0.0,0.0,0.0,0.7676767676767677,0.6527777777777779,0.5826050444903135,1
0.6596842761989657,0.447517537800759,0.5354656364574275,1.0000000000000004,1.0,0.4285714285714286,0.5,2020,11,0.3999,0.0,0.0,1.0,1.0,0.0,0.0,0.0,0.0,0.0,1.0,0.0,0.0,1.0,0.0,0.0,1.0,0.0,0.393939393939394,0.45833333333333326,0.34478095320423274,1
0.7059613126314263,0.447517537800759,0.9903945140699006,0.0,0.0,0.4285714285714286,0.5,2020,11,0.3999,0.0,0.0,1.0,0.0,0.0,1.0,1.0,0.0,0.0,0.0,0.0,1.0,0.0,0.0,1.0,0.0,0.0,0.393939393939394,0.45833333333333326,0.2436929589308451,0
0.9236334915818912,0.47403795200027954,0.5354656364574275,0.0,0.0,0.4285714285714286,0.5,2024,5,0.3999,1.0,0.0,0.0,0.0,1.0,0.0,1.0,0.0,0.0,0.0,0.0,0.0,1.0,0.0,0.0,1.0,0.0,0.393939393939394,0.45833333333333326,0.05547858198464192,1
0.7059613126314263,0.447517537800759,0.5354656364574275,1.0000000000000004,0.0,0.4285714285714286,0.5,2025,6,0.3999,1.0,0.0,0.0,1.0,0.0,0.0,0.0,0.0,1.0,0.0,0.0,1.0,0.0,0.0,0.0,0.0,1.0,0.393939393939394,0.45833333333333326,0.29887056355028807,0
0.6596842761989657,0.40386159017052314,0.7559819110879777,0.0,0.0,0.4285714285714286,0.5,2024,7,0.3999,0.0,0.0,1.0,0.0,1.0,0.0,0.0,1.0,0.0,0.0,0.0,1.0,0.0,1.0,0.0,0.0,0.0,0.393939393939394,0.45833333333333326,0.28844180225299054,0
0.38823676709842325,0.447517537800759,0.5354656364574275,0.0,0.0,0.4285714285714286,0.5,2024,1,0.2057,0.0,0.0,1.0,0.0,1.0,0.0,1.0,0.0,0.0,0.0,1.0,0.0,0.0,0.0,0.0,1.0,0.0,0.393939393939394,0.45833333333333326,0.5826050444903135,1
0.7059613126314263,0.47403795200027954,0.5354656364574275,0.0,0.0,0.4285714285714286,0.5,2021,5,0.1074,0.0,1.0,0.0,1.0,0.0,0.0,1.0,0.0,0.0,0.0,0.0,1.0,0.0,0.0,1.0,0.0,0.0,0.393939393939394,0.45833333333333326,0.2436929589308451,1
0.38823676709842325,0.5891823490275931,0.5354656364574275,0.0,0.0,0.4285714285714286,0.5,2022,2,0.3999,0.0,1.0,0.0,1.0,0.0,0.0,1.0,0.0,0.0,0.0,1.0,0.0,0.0,1.0,0.0,0.0,0.0,0.393939393939394,0.45833333333333326,0.5826050444903135,1
0.38823676709842325,0.47403795200027954,0.5354656364574275,0.0,0.0,0.4285714285714286,0.5,2021,5,0.3999,1.0,0.0,0.0,1.0,0.0,0.0,0.0,1.0,0.0,0.0,0.0,0.0,1.0,1.0,0.0,0.0,0.0,0.393939393939394,0.45833333333333326,0.5826050444903135,0
0.7369682696802135,0.47403795200027954,0.5354656364574275,0.0,0.0,0.4285714285714286,0.5,2023,3,0.185,0.0,1.0,0.0,0.0,1.0,0.0,1.0,0.0,0.0,0.0,1.0,0.0,0.0,0.0,1.0,0.0,0.0,0.393939393939394,0.45833333333333326,0.21455289713415707,0
0.7059613126314263,0.45286744524266,0.5354656364574275,1.0000000000000004,0.0,0.5857142857142859,0.15000000000000013,2022,11,0.3999,0.0,1.0,0.0,1.0,0.0,0.0,1.0,0.0,0.0,0.0,1.0,0.0,0.0,0.0,0.0,1.0,0.0,0.6464646464646465,0.3402777777777779,0.29887056355028807,0
0.6596842761989657,0.447517537800759,0.5354656364574275,0.0,0.0,0.4285714285714286,0.5,2021,6,0.2057,0.0,1.0,0.0,0.0,1.0,0.0,1.0,0.0,0.0,0.0,0.0,1.0,0.0,0.0,0.0,0.0,1.0,0.393939393939394,0.45833333333333326,0.28844180225299054,0
0.7059613126314263,0.47403795200027954,0.5354656364574275,0.0,0.0,0.6285714285714286,0.30000000000000004,2022,7,0.2057,1.0,0.0,0.0,0.0,0.0,1.0,0.0,0.0,0.0,1.0,0.0,0.0,1.0,0.0,1.0,0.0,0.0,0.6161616161616162,0.44444444444444464,0.2436929589308451,1
0.7059613126314263,0.447517537800759,0.8896828119009514,0.0,0.0,0.30000000000000004,0.0,2025,7,0.102,0.0,0.0,1.0,0.0,0.0,1.0,0.0,1.0,0.0,0.0,0.0,0.0,1.0,0.0,0.0,1.0,0.0,0.5050505050505052,0.11805555555555558,0.2436929589308451,1
0.6886177335457992,0.447517537800759,0.8791123785104213,0.0,0.0,0.2714285714285716,0.7000000000000002,2023,4,0.2057,0.0,1.0,0.0,0.0,1.0,0.0,0.0,0.0,1.0,0.0,1.0,0.0,0.0,1.0,0.0,0.0,0.0,0.20202020202020202,0.4930555555555556,0.26029014010964224,0
0.954843807693316,0.47403795200027954,0.5354656364574275,0.0,1.0,0.4285714285714286,0.5,2020,4,0.2057,1.0,0.0,0.0,0.0,1.0,0.0,0.0,1.0,0.0,0.0,0.0,1.0,0.0,1.0,0.0,0.0,0.0,0.393939393939394,0.45833333333333326,0.03204823832820272,0
0.757619990357176,0.47403795200027954,0.6574156301296643,0.0,0.0,0.4285714285714286,0.5,2023,1,0.185,0.0,1.0,0.0,0.0,0.0,1.0,1.0,0.0,0.0,0.0,0.0,0.0,1.0,0.0,0.0,1.0,0.0,0.393939393939394,0.45833333333333326,0.19553489140479943,1
0.8683052090642308,0.47403795200027954,0.5354656364574275,0.0,1.0,0.4285714285714286,0.5,2024,3,0.1074,0.0,0.0,1.0,0.0,1.0,0.0,0.0,0.0,1.0,0.0,0.0,1.0,0.0,1.0,0.0,0.0,0.0,0.393939393939394,0.45833333333333326,0.09941696283721821,0
0.8907403066013384,0.447517537800759,0.7199959739199215,0.0,0.0,0.34285714285714297,0.6000000000000001,2023,7,0.2057,0.0,0.0,1.0,1.0,0.0,0.0,0.0,0.0,1.0,0.0,1.0,0.0,0.0,1.0,0.0,0.0,0.0,0.29292929292929293,0.4722222222222223,0.08124334521593937,0
0.7059613126314263,0.47403795200027954,0.5354656364574275,0.0,1.0,0.4285714285714286,0.5,2022,7,0.185,0.0,1.0,0.0,0.0,1.0,0.0,0.0,0.0,1.0,0.0,1.0,0.0,0.0,0.0,0.0,0.0,1.0,0.393939393939394,0.45833333333333326,0.2436929589308451,1
0.7059613126314263,0.47403795200027954,0.5354656364574275,0.0,0.0,0.9142857142857141,0.9500000000000002,2023,11,0.2057,0.0,1.0,0.0,1.0,0.0,0.0,0.0,0.0,1.0,0.0,0.0,0.0,1.0,0.0,0.0,0.0,1.0,0.5555555555555557,0.9444444444444444,0.2436929589308451,1
0.6596842761989657,0.47403795200027954,0.5354656364574275,0.0,0.0,0.4285714285714286,0.5,2022,6,0.3999,0.0,0.0,1.0,0.0,1.0,0.0,0.0,0.0,1.0,0.0,1.0,0.0,0.0,1.0,0.0,0.0,0.0,0.393939393939394,0.45833333333333326,0.28844180225299054,0
0.6596842761989657,0.179031446777127,0.5354656364574275,0.0,0.0,0.4285714285714286,0.5,2024,5,0.2057,0.0,0.0,1.0,1.0,0.0,0.0,1.0,0.0,0.0,0.0,0.0,1.0,0.0,0.0,0.0,0.0,1.0,0.393939393939394,0.45833333333333326,0.28844180225299054,0
0.7059613126314263,0.47403795200027954,0.5354656364574275,0.0,0.0,0.7571428571428571,0.025000000000000133,2022,2,0.3999,0.0,1.0,0.0,0.0,1.0,0.0,1.0,0.0,0.0,0.0,0.0,1.0,0.0,0.0,0.0,1.0,0.0,0.8181818181818183,0.35416666666666674,0.2436929589308451,0
0.6596842761989657,0.47403795200027954,0.5354656364574275,0.0,0.0,0.4285714285714286,0.5,2023,11,0.185,0.0,1.0,0.0,1.0,0.0,0.0,0.0,0.0,0.0,1.0,1.0,0.0,0.0,0.0,0.0,0.0,1.0,0.393939393939394,0.45833333333333326,0.28844180225299054,1
0.6596842761989657,0.47403795200027954,0.06615825826759014,0.0,1.0,0.4285714285714286,0.5,2020,6,0.185,0.0,0.0,1.0,0.0,0.0,1.0,0.0,0.0,1.0,0.0,1.0,0.0,0.0,0.0,1.0,0.0,0.0,0.393939393939394,0.45833333333333326,0.28844180225299054,1
0.38823676709842325,0.47403795200027954,0.6047950046859647,0.0,0.0,0.4285714285714286,0.5,2022,8,0.185,1.0,0.0,0.0,1.0,0.0,0.0,1.0,0.0,0.0,0.0,1.0,0.0,0.0,0.0,0.0,1.0,0.0,0.393939393939394,0.45833333333333326,0.5826050444903135,1
0.7059613126314263,0.447517537800759,0.5354656364574275,0.0,0.0,0.4285714285714286,0.5,2022,6,0.1074,0.0,0.0,1.0,1.0,0.0,0.0,0.0,1.0,0.0,0.0,0.0,0.0,1.0,0.0,0.0,0.0,1.0,0.393939393939394,0.45833333333333326,0.2436929589308451,1
0.7059613126314263,0.47403795200027954,0.16865477869575418,0.0,1.0,0.4285714285714286,0.5,2023,10,0.3999,0.0,0.0,1.0,0.0,1.0,0.0,1.0,0.0,0.0,0.0,0.0,0.0,1.0,0.0,0.0,0.0,1.0,0.393939393939394,0.45833333333333326,0.2436929589308451,0
0.6596842761989657,0.447517537800759,0.5354656364574275,0.0,0.0,0.4285714285714286,0.5,2021,3,0.1074,0.0,0.0,1.0,0.0,1.0,0.0,0.0,0.0,0.0,1.0,0.0,1.0,0.0,1.0,0.0,0.0,0.0,0.393939393939394,0.45833333333333326,0.28844180225299054,1
0.7059613126314263,0.447517537800759,0.5354656364574275,1.0000000000000004,0.0,0.4285714285714286,0.5,2024,7,0.3999,0.0,0.0,1.0,0.0,0.0,1.0,0.0,0.0,1.0,0.0,0.0,1.0,0.0,0.0,1.0,0.0,0.0,0.393939393939394,0.45833333333333326,0.29887056355028807,0
0.7059613126314263,0.47403795200027954,0.9903945140699006,0.0,0.0,0.4285714285714286,0.5,2023,5,0.102,1.0,0.0,0.0,0.0,0.0,1.0,1.0,0.0,0.0,0.0,1.0,0.0,0.0,0.0,0.0,0.0,1.0,0.393939393939394,0.45833333333333326,0.2436929589308451,1
0.6596842761989657,0.47403795200027954,0.5354656364574275,0.0,0.0,0.4285714285714286,0.5,2020,7,0.185,1.0,0.0,0.0,1.0,0.0,0.0,0.0,0.0,0.0,1.0,0.0,1.0,0.0,1.0,0.0,0.0,0.0,0.393939393939394,0.45833333333333326,0.28844180225299054,1
0.38823676709842325,0.447517537800759,0.5354656364574275,1.0000000000000004,0.0,0.4285714285714286,0.5,2025,6,0.3999,0.0,1.0,0.0,0.0,1.0,0.0,1.0,0.0,0.0,0.0,0.0,0.0,1.0,0.0,1.0,0.0,0.0,0.393939393939394,0.45833333333333326,0.6427439125168093,1
0.7059613126314263,0.47403795200027954,0.5354656364574275,0.0,0.0,0.4285714285714286,0.5,2024,11,0.3999,0.0,0.0,1.0,1.0,0.0,0.0,0.0,0.0,1.0,0.0,0.0,0.0,1.0,0.0,0.0,1.0,0.0,0.393939393939394,0.45833333333333326,0.2436929589308451,0
0.9934664678721488,0.447517537800759,0.5354656364574275,0.0,1.0,0.5571428571428572,0.3500000000000001,2023,5,0.2057,0.0,0.0,1.0,0.0,0.0,1.0,1.0,0.0,0.0,0.0,1.0,0.0,0.0,0.0,0.0,1.0,0.0,0.5454545454545455,0.4375,0.004497121634643941,1
0.6596842761989657,0.447517537800759,0.5354656364574275,0.0,1.0,0.4285714285714286,0.5,2021,10,0.185,0.0,0.0,1.0,0.0,1.0,0.0,1.0,0.0,0.0,0.0,0.0,1.0,0.0,1.0,0.0,0.0,0.0,0.393939393939394,0.45833333333333326,0.28844180225299054,0
0.7059613126314263,0.447517537800759,0.5354656364574275,0.0,1.0,0.4285714285714286,0.5,2020,9,0.3999,0.0,1.0,0.0,0.0,0.0,1.0,0.0,0.0,0.0,1.0,0.0,1.0,0.0,0.0,0.0,0.0,1.0,0.393939393939394,0.45833333333333326,0.2436929589308451,1
0.7059613126314263,0.447517537800759,0.5354656364574275,0.0,0.0,0.9571428571428573,0.07500000000000018,2022,1,0.102,0.0,0.0,1.0,0.0,1.0,0.0,0.0,0.0,1.0,0.0,0.0,0.0,1.0,1.0,0.0,0.0,0.0,0.9393939393939396,0.47916666666666674,0.2436929589308451,1
0.38823676709842325,0.47403795200027954,0.5354656364574275,0.0,0.0,0.4285714285714286,0.5,2021,6,0.3999,0.0,0.0,1.0,1.0,0.0,0.0,0.0,1.0,0.0,0.0,1.0,0.0,0.0,1.0,0.0,0.0,0.0,0.393939393939394,0.45833333333333326,0.5826050444903135,0
0.6596842761989657,0.47403795200027954,0.5354656364574275,1.0000000000000004,1.0,0.4285714285714286,0.5,2021,10,0.2057,0.0,0.0,1.0,0.0,1.0,0.0,1.0,0.0,0.0,0.0,1.0,0.0,0.0,0.0,0.0,0.0,1.0,0.393939393939394,0.45833333333333326,0.34478095320423274,0
0.38823676709842325,0.47403795200027954,0.5354656364574275,0.0,0.0,0.4285714285714286,0.5,2022,6,0.185,1.0,0.0,0.0,0.0,0.0,1.0,1.0,0.0,0.0,0.0,1.0,0.0,0.0,1.0,0.0,0.0,0.0,0.393939393939394,0.45833333333333326,0.5826050444903135,0
0.7059613126314263,0.47403795200027954,0.5354656364574275,0.0,0.0,0.642857142857143,0.10000000000000009,2024,9,0.2057,0.0,0.0,1.0,1.0,0.0,0.0,0.0,1.0,0.0,0.0,0.0,1.0,0.0,0.0,0.0,1.0,0.0,0.7070707070707072,0.3402777777777779,0.2436929589308451,1
0.7059613126314263,0.7291045037602584,0.5354656364574275,0.0,0.0,0.6000000000000001,0.4500000000000002,2025,6,0.185,0.0,0.0,1.0,1.0,0.0,0.0,1.0,0.0,0.0,0.0,0.0,0.0,1.0,0.0,1.0,0.0,0.0,0.5353535353535355,0.5138888888888891,0.2436929589308451,1
0.4760925677494707,0.47403795200027954,0.5354656364574275,0.0,0.0,0.4285714285714286,0.5,2023,1,0.3999,1.0,0.0,0.0,1.0,0.0,0.0,0.0,1.0,0.0,0.0,0.0,0.0,1.0,0.0,1.0,0.0,0.0,0.393939393939394,0.45833333333333326,0.4806632293150592,0
0.9844368669660623,0.47403795200027954,0.5354656364574275,0.0,0.0,0.4285714285714286,0.5,2021,7,0.102,0.0,0.0,1.0,0.0,1.0,0.0,0.0,0.0,1.0,0.0,0.0,1.0,0.0,0.0,0.0,0.0,1.0,0.393939393939394,0.45833333333333326,0.010791178982382632,0
0.8098747594226536,0.447517537800759,0.8684445203976638,0.0,1.0,0.8571428571428572,0.625,2020,4,0.3999,0.0,1.0,0.0,0.0,1.0,0.0,1.0,0.0,0.0,0.0,1.0,0.0,0.0,0.0,1.0,0.0,0.0,0.6464646464646465,0.7361111111111114,0.14888439562961983,1
0.6596842761989657,0.47403795200027954,0.5354656364574275,0.0,0.0,0.4285714285714286,0.5,2020,1,0.185,0.0,0.0,1.0,0.0,1.0,0.0,0.0,1.0,0.0,0.0,1.0,0.0,0.0,1.0,0.0,0.0,0.0,0.393939393939394,0.45833333333333326,0.28844180225299054,0
0.38823676709842325,0.5453972146881942,0.6574156301296643,0.0,0.0,0.4285714285714286,0.5,2024,9,0.185,0.0,1.0,0.0,0.0,1.0,0.0,0.0,0.0,0.0,1.0,0.0,0.0,1.0,0.0,0.0,0.0,1.0,0.393939393939394,0.45833333333333326,0.5826050444903135,1
0.6596842761989657,0.447517537800759,0.5354656364574275,0.0,0.0,0.4285714285714286,0.5,2021,3,0.3999,0.0,1.0,0.0,0.0,0.0,1.0,0.0,1.0,0.0,0.0,1.0,0.0,0.0,0.0,0.0,0.0,1.0,0.393939393939394,0.45833333333333326,0.28844180225299054,0
0.6596842761989657,0.47403795200027954,0.5354656364574275,0.0,0.0,0.4285714285714286,0.5,2024,4,0.2057,0.0,0.0,1.0,0.0,0.0,1.0,0.0,1.0,0.0,0.0,1.0,0.0,0.0,0.0,0.0,0.0,1.0,0.393939393939394,0.45833333333333326,0.28844180225299054,1
0.6596842761989657,0.7751698566066048,0.7677328182287129,1.0000000000000004,0.0,0.4285714285714286,0.5,2020,1,0.3999,0.0,1.0,0.0,0.0,0.0,1.0,0.0,0.0,1.0,0.0,0.0,1.0,0.0,0.0,0.0,1.0,0.0,0.393939393939394,0.45833333333333326,0.34478095320423274,0
0.4216379923242304,0.47403795200027954,0.5354656364574275,0.0,0.0,0.4285714285714286,0.5,2020,4,0.2057,0.0,0.0,1.0,1.0,0.0,0.0,1.0,0.0,0.0,0.0,0.0,0.0,1.0,0.0,0.0,0.0,1.0,0.393939393939394,0.45833333333333326,0.5428792661115055,0
0.38823676709842325,0.47403795200027954,0.5354656364574275,1.0000000000000004,0.0,0.4285714285714286,0.5,2024,8,0.102,1.0,0.0,0.0,0.0,1.0,0.0,1.0,0.0,0.0,0.0,0.0,1.0,0.0,0.0,0.0,0.0,1.0,0.393939393939394,0.45833333333333326,0.6427439125168093,0
0.6007619328947518,0.3982943042755771,0.5354656364574275,0.0,0.0,0.4285714285714286,0.5,2022,7,0.102,0.0,0.0,1.0,0.0,0.0,1.0,1.0,0.0,0.0,0.0,0.0,1.0,0.0,1.0,0.0,0.0,0.0,0.393939393939394,0.45833333333333326,0.34753163729127323,0
0.7509524161184398,0.3116203447626149,0.8896828119009514,0.0,0.0,0.4285714285714286,0.5,2020,2,0.3999,0.0,1.0,0.0,0.0,1.0,0.0,1.0,0.0,0.0,0.0,1.0,0.0,0.0,0.0,0.0,1.0,0.0,0.393939393939394,0.45833333333333326,0.20164015746276445,1
0.45057144967106383,0.447517537800759,0.5354656364574275,0.0,0.0,0.4285714285714286,0.5,2025,7,0.1074,1.0,0.0,0.0,0.0,1.0,0.0,0.0,0.0,0.0,1.0,0.0,0.0,1.0,0.0,0.0,0.0,1.0,0.393939393939394,0.45833333333333326,0.5094629413016346,1
0.6596842761989657,0.47403795200027954,0.5354656364574275,0.0,1.0,0.4285714285714286,0.5,2025,8,0.3999,0.0,0.0,1.0,1.0,0.0,0.0,1.0,0.0,0.0,0.0,0.0,0.0,1.0,1.0,0.0,0.0,0.0,0.393939393939394,0.45833333333333326,0.28844180225299054,1
0.38823676709842325,0.47403795200027954,0.5354656364574275,0.0,0.0,0.4285714285714286,0.5,2022,10,0.3999,0.0,0.0,1.0,1.0,0.0,0.0,1.0,0.0,0.0,0.0,0.0,0.0,1.0,0.0,0.0,0.0,1.0,0.393939393939394,0.45833333333333326,0.5826050444903135,0
0.8602791409376933,0.8508960126933345,0.5354656364574275,0.0,1.0,0.4285714285714286,0.5,2021,10,0.3999,0.0,1.0,0.0,1.0,0.0,0.0,0.0,0.0,1.0,0.0,0.0,1.0,0.0,0.0,0.0,1.0,0.0,0.393939393939394,0.45833333333333326,0.10603241549264822,0
0.38823676709842325,0.447517537800759,0.5354656364574275,1.0000000000000004,0.0,0.5285714285714287,0.9000000000000004,2023,5,0.185,0.0,0.0,1.0,0.0,0.0,1.0,0.0,0.0,1.0,0.0,0.0,1.0,0.0,0.0,0.0,0.0,1.0,0.30303030303030304,0.7291666666666667,0.6427439125168093,1
0.7059613126314263,0.447517537800759,0.5354656364574275,0.0,0.0,0.44285714285714284,0.8250000000000002,2020,7,0.3999,0.0,0.0,1.0,0.0,0.0,1.0,1.0,0.0,0.0,0.0,0.0,0.0,1.0,0.0,1.0,0.0,0.0,0.27272727272727276,0.6458333333333333,0.2436929589308451,0
0.6596842761989657,0.447517537800759,0.5354656364574275,0.0,0.0,0.4285714285714286,0.4500000000000002,2021,6,0.1074,0.0,0.0,1.0,0.0,1.0,0.0,1.0,0.0,0.0,0.0,0.0,1.0,0.0,0.0,1.0,0.0,0.0,0.41414141414141414,0.4305555555555556,0.28844180225299054,0
0.38823676709842325,0.47403795200027954,0.5354656364574275,0.0,1.0,0.4285714285714286,0.5,2024,5,0.3999,1.0,0.0,0.0,0.0,1.0,0.0,1.0,0.0,0.0,0.0,1.0,0.0,0.0,1.0,0.0,0.0,0.0,0.393939393939394,0.45833333333333326,0.5826050444903135,0
0.7059613126314263,0.47403795200027954,0.5354656364574275,0.0,1.0,0.4285714285714286,0.5,2020,1,0.2057,0.0,0.0,1.0,0.0,1.0,0.0,0.0,0.0,0.0,1.0,0.0,0.0,1.0,0.0,0.0,1.0,0.0,0.393939393939394,0.45833333333333326,0.2436929589308451,0
0.7059613126314263,0.447517537800759,0.5354656364574275,0.0,1.0,0.4285714285714286,0.5,2022,6,0.185,0.0,0.0,1.0,0.0,1.0,0.0,0.0,0.0,1.0,0.0,0.0,1.0,0.0,0.0,1.0,0.0,0.0,0.393939393939394,0.45833333333333326,0.2436929589308451,1
0.7059613126314263,0.47403795200027954,0.5354656364574275,0.0,0.0,0.4285714285714286,0.5,2024,2,0.3999,0.0,1.0,0.0,1.0,0.0,0.0,1.0,0.0,0.0,0.0,0.0,1.0,0.0,0.0,0.0,0.0,1.0,0.393939393939394,0.45833333333333326,0.2436929589308451,0
0.7059613126314263,0.47403795200027954,0.5354656364574275,0.0,0.0,0.4285714285714286,0.5,2024,7,0.3999,0.0,1.0,0.0,0.0,1.0,0.0,0.0,0.0,1.0,0.0,0.0,0.0,1.0,0.0,0.0,0.0,1.0,0.393939393939394,0.45833333333333326,0.2436929589308451,1
0.6596842761989657,0.47403795200027954,0.20724016540637713,1.0000000000000004,1.0,0.4285714285714286,0.5,2025,7,0.3999,1.0,0.0,0.0,0.0,0.0,1.0,1.0,0.0,0.0,0.0,0.0,1.0,0.0,0.0,1.0,0.0,0.0,0.393939393939394,0.45833333333333326,0.34478095320423274,0
0.9174422399472292,0.7833635859630843,0.4617174859980837,0.0,1.0,0.4285714285714286,0.5,2025,9,0.3999,0.0,1.0,0.0,1.0,0.0,0.0,1.0,0.0,0.0,0.0,0.0,0.0,1.0,1.0,0.0,0.0,0.0,0.393939393939394,0.45833333333333326,0.06024583591138602,1
0.7059613126314263,0.447517537800759,0.5354656364574275,1.0000000000000004,1.0,0.4285714285714286,0.5,2021,12,0.185,0.0,1.0,0.0,1.0,0.0,0.0,0.0,1.0,0.0,0.0,0.0,0.0,1.0,0.0,0.0,0.0,1.0,0.393939393939394,0.45833333333333326,0.29887056355028807,1
0.8722094419952944,0.47403795200027954,0.5354656364574275,0.0,0.0,0.4285714285714286,0.5,2023,9,0.3999,0.0,1.0,0.0,1.0,0.0,0.0,1.0,0.0,0.0,0.0,1.0,0.0,0.0,0.0,0.0,0.0,1.0,0.393939393939394,0.45833333333333326,0.09622037519092183,0
0.6886177335457992,0.47403795200027954,0.5354656364574275,0.0,0.0,0.4285714285714286,0.5,2023,2,0.1074,0.0,1.0,0.0,0.0,0.0,1.0,0.0,0.0,1.0,0.0,0.0,1.0,0.0,0.0,0.0,0.0,1.0,0.393939393939394,0.45833333333333326,0.26029014010964224,1
0.7059613126314263,0.47403795200027954,0.5354656364574275,0.0,0.0,0.4285714285714286,0.5,2024,8,0.185,0.0,0.0,1.0,1.0,0.0,0.0,0.0,0.0,1.0,0.0,1.0,0.0,0.0,0.0,0.0,1.0,0.0,0.393939393939394,0.45833333333333326,0.2436929589308451,1
0.714138851624206,0.47403795200027954,0.5354656364574275,0.0,0.0,0.4285714285714286,0.5,2022,7,0.2057,0.0,1.0,0.0,0.0,1.0,0.0,0.0,1.0,0.0,0.0,1.0,0.0,0.0,0.0,1.0,0.0,0.0,0.393939393939394,0.45833333333333326,0.2359408109631382,0
0.7059613126314263,0.4313271293300378,0.5354656364574275,1.0000000000000004,0.0,0.4285714285714286,0.5,2025,1,0.3999,0.0,0.0,1.0,1.0,0.0,0.0,1.0,0.0,0.0,0.0,1.0,0.0,0.0,0.0,1.0,0.0,0.0,0.393939393939394,0.45833333333333326,0.29887056355028807,1
1.0,0.5650494510263222,0.5354656364574275,0.0,0.0,0.4285714285714286,0.5,2021,10,0.2057,1.0,0.0,0.0,1.0,0.0,0.0,0.0,0.0,1.0,0.0,0.0,1.0,0.0,0.0,1.0,0.0,0.0,0.393939393939394,0.45833333333333326,0.0,0
0.0,0.47403795200027954,0.5354656364574275,0.0,0.0,0.4285714285714286,0.5,2020,6,0.185,1.0,0.0,0.0,1.0,0.0,0.0,0.0,0.0,1.0,0.0,0.0,1.0,0.0,0.0,1.0,0.0,0.0,0.393939393939394,0.45833333333333326,0.9387591798167269,1
0.38823676709842325,0.447517537800759,0.5354656364574275,1.0000000000000004,0.0,0.4285714285714286,0.5,2025,8,0.2057,0.0,0.0,1.0,0.0,0.0,1.0,1.0,0.0,0.0,0.0,0.0,1.0,0.0,1.0,0.0,0.0,0.0,0.393939393939394,0.45833333333333326,0.6427439125168093,0
0.9750145535549487,0.47403795200027954,0.5354656364574275,0.0,0.0,0.4285714285714286,0.5,2021,1,0.102,0.0,0.0,1.0,0.0,0.0,1.0,1.0,0.0,0.0,0.0,1.0,0.0,0.0,0.0,0.0,0.0,1.0,0.393939393939394,0.45833333333333326,0.017455542501302573,1
0.7059613126314263,0.447517537800759,0.5354656364574275,0.0,0.0,0.4285714285714286,0.5,2023,12,0.185,0.0,0.0,1.0,0.0,0.0,1.0,0.0,1.0,0.0,0.0,0.0,1.0,0.0,1.0,0.0,0.0,0.0,0.393939393939394,0.45833333333333326,0.2436929589308451,0
0.38823676709842325,0.5650494510263222,0.5354656364574275,1.0000000000000004,0.0,0.4285714285714286,0.5,2024,2,0.185,1.0,0.0,0.0,0.0,1.0,0.0,0.0,0.0,1.0,0.0,0.0,1.0,0.0,0.0,0.0,1.0,0.0,0.393939393939394,0.45833333333333326,0.6427439125168093,0
0.6596842761989657,0.47403795200027954,0.5354656364574275,0.0,0.0,0.4285714285714286,0.5,2024,7,0.2057,0.0,0.0,1.0,1.0,0.0,0.0,0.0,0.0,1.0,0.0,0.0,0.0,1.0,0.0,0.0,0.0,1.0,0.393939393939394,0.45833333333333326,0.28844180225299054,0
0.9266640174205345,0.447517537800759,0.5354656364574275,0.0,0.0,0.4285714285714286,0.5,2024,4,0.102,0.0,0.0,1.0,1.0,0.0,0.0,0.0,0.0,0.0,1.0,1.0,0.0,0.0,0.0,0.0,0.0,1.0,0.393939393939394,0.45833333333333326,0.053159268691928246,0
0.38823676709842325,0.47403795200027954,0.43085020575924027,0.0,1.0,0.4285714285714286,0.5,2024,6,0.2057,0.0,1.0,0.0,1.0,0.0,0.0,1.0,0.0,0.0,0.0,1.0,0.0,0.0,0.0,0.0,0.0,1.0,0.393939393939394,0.45833333333333326,0.5826050444903135,0
0.6596842761989657,0.0453972146881938,0.5354656364574275,1.0000000000000004,1.0,0.4285714285714286,0.5,2023,6,0.3999,1.0,0.0,0.0,0.0,0.0,1.0,0.0,0.0,1.0,0.0,1.0,0.0,0.0,1.0,0.0,0.0,0.0,0.393939393939394,0.45833333333333326,0.34478095320423274,1
0.7059613126314263,0.32944935505981254,0.5354656364574275,0.0,0.0,0.4285714285714286,0.5,2020,11,0.2057,0.0,1.0,0.0,0.0,1.0,0.0,0.0,0.0,1.0,0.0,0.0,0.0,1.0,0.0,0.0,0.0,1.0,0.393939393939394,0.45833333333333326,0.2436929589308451,1
0.6596842761989657,0.9112457543376471,0.5354656364574275,1.0000000000000004,1.0,0.4285714285714286,0.5,2023,7,0.3999,1.0,0.0,0.0,0.0,0.0,1.0,0.0,1.0,0.0,0.0,0.0,1.0,0.0,1.0,0.0,0.0,0.0,0.393939393939394,0.45833333333333326,0.34478095320423274,1
0.7059613126314263,0.447517537800759,0.2807540370648489,1.0000000000000004,0.0,0.4285714285714286,0.5,2021,6,0.102,0.0,1.0,0.0,0.0,1.0,0.0,0.0,1.0,0.0,0.0,0.0,1.0,0.0,1.0,0.0,0.0,0.0,0.393939393939394,0.45833333333333326,0.29887056355028807,1
0.6596842761989657,0.179031446777127,0.5354656364574275,0.0,0.0,0.4285714285714286,0.5,2021,3,0.2057,0.0,1.0,0.0,1.0,0.0,0.0,0.0,0.0,0.0,1.0,1.0,0.0,0.0,0.0,0.0,1.0,0.0,0.393939393939394,0.45833333333333326,0.28844180225299054,0
0.7703694949060205,0.6944874452053731,0.5354656364574275,1.0000000000000004,1.0,0.4285714285714286,0.5,2022,7,0.185,0.0,0.0,1.0,0.0,1.0,0.0,1.0,0.0,0.0,0.0,0.0,0.0,1.0,0.0,0.0,0.0,1.0,0.393939393939394,0.45833333333333326,0.23715851053783157,1
0.6596842761989657,0.447517537800759,0.5354656364574275,0.0,0.0,0.4285714285714286,0.5,2021,5,0.3999,1.0,0.0,0.0,1.0,0.0,0.0,1.0,0.0,0.0,0.0,0.0,1.0,0.0,0.0,0.0,1.0,0.0,0.393939393939394,0.45833333333333326,0.28844180225299054,1
0.7059613126314263,0.47403795200027954,0.3329788839402372,0.0,0.0,0.4285714285714286,0.5,2021,7,0.185,0.0,0.0,1.0,0.0,1.0,0.0,0.0,0.0,1.0,0.0,0.0,0.0,1.0,0.0,0.0,0.0,1.0,0.393939393939394,0.45833333333333326,0.2436929589308451,0
0.6596842761989657,0.2689886319792474,0.5354656364574275,0.0,0.0,0.8571428571428572,0.625,2021,7,0.3999,0.0,0.0,1.0,1.0,0.0,0.0,0.0,1.0,0.0,0.0,1.0,0.0,0.0,0.0,1.0,0.0,0.0,0.6464646464646465,0.7361111111111114,0.28844180225299054,1
0.613898019286257,0.2751698566066043,0.0,0.0,1.0,0.4285714285714286,0.5,2025,6,0.3999,0.0,1.0,0.0,0.0,0.0,1.0,1.0,0.0,0.0,0.0,0.0,1.0,0.0,0.0,0.0,1.0,0.0,0.393939393939394,0.45833333333333326,0.3341544169135119,0
0.7059613126314263,0.47403795200027954,0.5354656364574275,0.0,1.0,0.4285714285714286,0.5,2021,3,0.1074,0.0,0.0,1.0,1.0,0.0,0.0,1.0,0.0,0.0,0.0,0.0,1.0,0.0,0.0,1.0,0.0,0.0,0.393939393939394,0.45833333333333326,0.2436929589308451,0
0.7059613126314263,0.933136596611694,0.476847824478952,1.0000000000000004,0.0,0.4285714285714286,0.5,2024,9,0.3999,0.0,1.0,0.0,0.0,0.0,1.0,1.0,0.0,0.0,0.0,0.0,1.0,0.0,1.0,0.0,0.0,0.0,0.393939393939394,0.45833333333333326,0.29887056355028807,0
0.8098747594226536,0.447517537800759,0.9610903055226858,0.0,0.0,0.4285714285714286,0.5,2024,7,0.2057,1.0,0.0,0.0,0.0,0.0,1.0,1.0,0.0,0.0,0.0,1.0,0.0,0.0,0.0,0.0,0.0,1.0,0.393939393939394,0.45833333333333326,0.14888439562961983,0
0.9383792523906672,0.447517537800759,0.24458064270766489,0.0,0.0,0.4285714285714286,0.5,2020,8,0.3999,0.0,0.0,1.0,0.0,0.0,1.0,0.0,0.0,1.0,0.0,0.0,0.0,1.0,0.0,0.0,1.0,0.0,0.393939393939394,0.45833333333333326,0.04428208726403157,0
0.6596842761989657,0.11050538862370107,0.9903945140699006,0.0,1.0,0.4285714285714286,0.5,2025,2,0.3999,0.0,1.0,0.0,1.0,0.0,0.0,0.0,1.0,0.0,0.0,0.0,1.0,0.0,0.0,0.0,1.0,0.0,0.393939393939394,0.45833333333333326,0.28844180225299054,1
0.7059613126314263,0.447517537800759,0.5354656364574275,0.0,0.0,0.4285714285714286,0.5,2022,6,0.2057,1.0,0.0,0.0,1.0,0.0,0.0,0.0,1.0,0.0,0.0,1.0,0.0,0.0,0.0,0.0,0.0,1.0,0.393939393939394,0.45833333333333326,0.2436929589308451,0
0.9676687970244379,0.28132025205531574,0.9709410408258288,0.0,1.0,0.4285714285714286,0.5,2022,8,0.185,1.0,0.0,0.0,0.0,1.0,0.0,0.0,0.0,1.0,0.0,0.0,1.0,0.0,0.0,0.0,0.0,1.0,0.393939393939394,0.45833333333333326,0.02271882746835499,0
0.38823676709842325,0.47403795200027954,0.9610903055226858,0.0,1.0,0.4285714285714286,0.5,2025,1,0.2057,0.0,1.0,0.0,0.0,1.0,0.0,0.0,0.0,1.0,0.0,1.0,0.0,0.0,0.0,0.0,1.0,0.0,0.393939393939394,0.45833333333333326,0.5826050444903135,1
0.7059613126314263,0.447517537800759,0.5354656364574275,0.0,0.0,0.4285714285714286,0.5,2020,12,0.3999,1.0,0.0,0.0,0.0,0.0,1.0,1.0,0.0,0.0,0.0,0.0,0.0,1.0,1.0,0.0,0.0,0.0,0.393939393939394,0.45833333333333326,0.2436929589308451,1
0.7059613126314263,0.447517537800759,0.5354656364574275,0.0,0.0,0.4285714285714286,0.5,2024,4,0.185,0.0,1.0,0.0,0.0,0.0,1.0,0.0,1.0,0.0,0.0,0.0,0.0,1.0,0.0,0.0,0.0,1.0,0.393939393939394,0.45833333333333326,0.2436929589308451,1
0.38823676709842325,0.47403795200027954,0.7677328182287129,0.0,0.0,0.3857142857142859,0.2250000000000001,2023,8,0.2057,0.0,1.0,0.0,0.0,0.0,1.0,0.0,0.0,1.0,0.0,0.0,1.0,0.0,0.0,0.0,1.0,0.0,0.47474747474747475,0.2847222222222223,0.5826050444903135,0
0.7059613126314263,0.3411937460330492,0.5354656364574275,0.0,0.0,0.4285714285714286,0.5,2020,6,0.3999,0.0,0.0,1.0,1.0,0.0,0.0,0.0,0.0,1.0,0.0,0.0,0.0,1.0,0.0,1.0,0.0,0.0,0.393939393939394,0.45833333333333326,0.2436929589308451,0
0.38823676709842325,0.6723476811941551,0.8896828119009514,0.0,0.0,0.4285714285714286,0.5,2022,8,0.2057,0.0,1.0,0.0,0.0,0.0,1.0,0.0,0.0,1.0,0.0,1.0,0.0,0.0,0.0,0.0,0.0,1.0,0.393939393939394,0.45833333333333326,0.5826050444903135,1
0.7059613126314263,0.6314659793486084,0.5354656364574275,0.0,0.0,0.4285714285714286,0.5,2025,4,0.3999,0.0,0.0,1.0,0.0,0.0,1.0,0.0,0.0,1.0,0.0,1.0,0.0,0.0,1.0,0.0,0.0,0.0,0.393939393939394,0.45833333333333326,0.2436929589308451,0
0.38823676709842325,0.447517537800759,0.7321160261480628,0.0,1.0,0.4285714285714286,0.5,2020,1,0.185,0.0,0.0,1.0,0.0,1.0,0.0,0.0,0.0,1.0,0.0,0.0,0.0,1.0,1.0,0.0,0.0,0.0,0.393939393939394,0.45833333333333326,0.5826050444903135,1
0.6596842761989657,0.9475175378007594,0.8684445203976638,1.0000000000000004,0.0,0.4285714285714286,0.5,2024,1,0.3999,1.0,0.0,0.0,0.0,0.0,1.0,1.0,0.0,0.0,0.0,0.0,0.0,1.0,0.0,0.0,1.0,0.0,0.393939393939394,0.45833333333333326,0.34478095320423274,1
0.5557708294077383,0.447517537800759,0.5354656364574275,0.0,1.0,0.4285714285714286,0.5,2020,5,0.3999,0.0,1.0,0.0,1.0,0.0,0.0,1.0,0.0,0.0,0.0,0.0,1.0,0.0,1.0,0.0,0.0,0.0,0.393939393939394,0.45833333333333326,0.39425060470370465,1
0.38823676709842325,0.7669213192885516,0.5354656364574275,0.0,1.0,0.4285714285714286,0.5,2020,6,0.185,1.0,0.0,0.0,0.0,0.0,1.0,0.0,0.0,1.0,0.0,0.0,1.0,0.0,0.0,1.0,0.0,0.0,0.393939393939394,0.45833333333333326,0.5826050444903135,0
0.7059613126314263,0.447517537800759,0.5354656364574275,0.0,0.0,0.4285714285714286,0.5,2025,7,0.3999,1.0,0.0,0.0,1.0,0.0,0.0,0.0,0.0,1.0,0.0,1.0,0.0,0.0,1.0,0.0,0.0,0.0,0.393939393939394,0.45833333333333326,0.2436929589308451,1
0.6596842761989657,0.47403795200027954,0.5354656364574275,0.0,1.0,0.9142857142857141,0.875,2022,6,0.3999,0.0,1.0,0.0,0.0,1.0,0.0,1.0,0.0,0.0,0.0,0.0,1.0,0.0,1.0,0.0,0.0,0.0,0.585858585858586,0.9027777777777779,0.28844180225299054,0
0.38823676709842325,0.47403795200027954,0.5354656364574275,0.0,0.0,0.4285714285714286,0.5,2022,10,0.185,0.0,1.0,0.0,0.0,0.0,1.0,0.0,1.0,0.0,0.0,0.0,1.0,0.0,0.0,1.0,0.0,0.0,0.393939393939394,0.45833333333333326,0.5826050444903135,1
0.6596842761989657,0.447517537800759,0.5354656364574275,0.0,0.0,0.4285714285714286,0.5,2023,6,0.3999,0.0,1.0,0.0,1.0,0.0,0.0,1.0,0.0,0.0,0.0,1.0,0.0,0.0,0.0,0.0,0.0,1.0,0.393939393939394,0.45833333333333326,0.28844180225299054,1
0.6596842761989657,0.447517537800759,0.5354656364574275,1.0000000000000004,0.0,0.5285714285714287,0.15000000000000013,2023,11,0.3999,1.0,0.0,0.0,1.0,0.0,0.0,0.0,0.0,0.0,1.0,0.0,0.0,1.0,0.0,0.0,0.0,1.0,0.6060606060606062,0.3125,0.34478095320423274,0
0.38823676709842325,0.3982943042755771,0.5354656364574275,0.0,0.0,0.4285714285714286,0.5,2021,12,0.3999,0.0,1.0,0.0,0.0,0.0,1.0,0.0,1.0,0.0,0.0,1.0,0.0,0.0,0.0,0.0,0.0,1.0,0.393939393939394,0.45833333333333326,0.5826050444903135,0
0.7059613126314263,0.447517537800759,0.5354656364574275,0.0,0.0,0.4285714285714286,0.5,2022,12,0.1074,0.0,0.0,1.0,1.0,0.0,0.0,0.0,0.0,1.0,0.0,0.0,0.0,1.0,0.0,0.0,0.0,1.0,0.393939393939394,0.45833333333333326,0.2436929589308451,1
0.38823676709842325,0.447517537800759,0.9310248641879211,0.0,1.0,0.4285714285714286,0.5,2024,9,0.3999,0.0,0.0,1.0,0.0,1.0,0.0,0.0,0.0,1.0,0.0,0.0,0.0,1.0,0.0,0.0,0.0,1.0,0.393939393939394,0.45833333333333326,0.5826050444903135,1
0.6596842761989657,0.47403795200027954,0.5354656364574275,0.0,0.0,1.0,0.4750000000000001,2025,3,0.3999,0.0,1.0,0.0,1.0,0.0,0.0,1.0,0.0,0.0,0.0,0.0,0.0,1.0,0.0,0.0,1.0,0.0,0.8080808080808082,0.7222222222222221,0.28844180225299054,0
0.7059613126314263,0.9546456023369028,0.5354656364574275,0.0,0.0,0.5428571428571429,0.6499999999999999,2024,9,0.102,0.0,1.0,0.0,1.0,0.0,0.0,0.0,1.0,0.0,0.0,1.0,0.0,0.0,0.0,0.0,1.0,0.0,0.41414141414141414,0.5972222222222221,0.2436929589308451,1
0.38823676709842325,0.47403795200027954,0.5354656364574275,0.0,0.0,0.4285714285714286,0.5,2024,11,0.3999,0.0,0.0,1.0,0.0,1.0,0.0,1.0,0.0,0.0,0.0,1.0,0.0,0.0,0.0,1.0,0.0,0.0,0.393939393939394,0.45833333333333326,0.5826050444903135,0
0.7059613126314263,0.447517537800759,0.5775595266479012,0.0,0.0,0.4285714285714286,0.5,2022,5,0.3999,0.0,0.0,1.0,1.0,0.0,0.0,1.0,0.0,0.0,0.0,0.0,1.0,0.0,0.0,0.0,0.0,1.0,0.393939393939394,0.45833333333333326,0.2436929589308451,0
0.7059613126314263,0.47403795200027954,0.5354656364574275,0.0,0.0,0.4285714285714286,0.5,2021,4,0.3999,0.0,0.0,1.0,0.0,0.0,1.0,0.0,0.0,1.0,0.0,0.0,1.0,0.0,1.0,0.0,0.0,0.0,0.393939393939394,0.45833333333333326,0.2436929589308451,0
0.7059613126314263,0.17234768119415467,0.92082696199203,0.0,0.0,0.4285714285714286,0.5,2024,12,0.3999,0.0,0.0,1.0,1.0,0.0,0.0,0.0,0.0,1.0,0.0,0.0,1.0,0.0,0.0,0.0,0.0,1.0,0.393939393939394,0.45833333333333326,0.2436929589308451,0
0.9912440990023085,0.47403795200027954,0.5354656364574275,0.0,0.0,0.5428571428571429,0.8250000000000002,2023,1,0.3999,0.0,0.0,1.0,0.0,0.0,1.0,0.0,0.0,1.0,0.0,0.0,1.0,0.0,0.0,0.0,1.0,0.0,0.3434343434343435,0.6944444444444444,0.006037758099239926,1
0.9045023319895283,0.24394915786088633,0.5354656364574275,1.0000000000000004,0.0,0.4285714285714286,0.5,2024,8,0.1074,0.0,1.0,0.0,1.0,0.0,0.0,0.0,1.0,0.0,0.0,0.0,0.0,1.0,0.0,1.0,0.0,0.0,0.393939393939394,0.45833333333333326,0.11787257405370385,0
0.7059613126314263,0.447517537800759,0.5354656364574275,1.0000000000000004,0.0,0.4285714285714286,0.5,2021,6,0.185,0.0,1.0,0.0,0.0,1.0,0.0,0.0,0.0,1.0,0.0,0.0,1.0,0.0,0.0,0.0,1.0,0.0,0.393939393939394,0.45833333333333326,0.29887056355028807,1
0.7059613126314263,0.47403795200027954,0.5354656364574275,1.0000000000000004,0.0,0.4285714285714286,0.5,2023,5,0.185,1.0,0.0,0.0,1.0,0.0,0.0,0.0,0.0,1.0,0.0,0.0,0.0,1.0,0.0,0.0,1.0,0.0,0.393939393939394,0.45833333333333326,0.29887056355028807,0
0.38823676709842325,0.47403795200027954,0.6047950046859647,0.0,0.0,0.4285714285714286,0.5,2022,8,0.185,1.0,0.0,0.0,1.0,0.0,0.0,1.0,0.0,0.0,0.0,1.0,0.0,0.0,0.0,0.0,1.0,0.0,0.393939393939394,0.45833333333333326,0.5826050444903135,1
0.6262830509731585,0.9475175378007594,0.5636976314849393,1.0000000000000004,0.0,0.4285714285714286,0.5,2022,11,0.185,1.0,0.0,0.0,0.0,0.0,1.0,1.0,0.0,0.0,0.0,1.0,0.0,0.0,0.0,0.0,0.0,1.0,0.393939393939394,0.45833333333333326,0.37870930459541274,0
0.38823676709842325,0.47403795200027954,0.5354656364574275,0.0,1.0,0.4285714285714286,0.5,2025,4,0.3999,1.0,0.0,0.0,0.0,0.0,1.0,1.0,0.0,0.0,0.0,1.0,0.0,0.0,0.0,0.0,0.0,1.0,0.393939393939394,0.45833333333333326,0.5826050444903135,0
0.38823676709842325,0.47403795200027954,0.5354656364574275,0.0,0.0,0.4285714285714286,0.5,2021,12,0.185,0.0,0.0,1.0,1.0,0.0,0.0,0.0,1.0,0.0,0.0,0.0,1.0,0.0,0.0,0.0,0.0,1.0,0.393939393939394,0.45833333333333326,0.5826050444903135,0
0.38823676709842325,0.47403795200027954,0.5354656364574275,0.0,0.0,0.4285714285714286,0.5,2025,6,0.3999,0.0,1.0,0.0,0.0,1.0,0.0,0.0,1.0,0.0,0.0,1.0,0.0,0.0,0.0,0.0,1.0,0.0,0.393939393939394,0.45833333333333326,0.5826050444903135,0
0.6596842761989657,0.47403795200027954,0.5354656364574275,0.0,0.0,0.4285714285714286,0.5,2022,2,0.3999,0.0,1.0,0.0,0.0,0.0,1.0,0.0,1.0,0.0,0.0,1.0,0.0,0.0,0.0,0.0,0.0,1.0,0.393939393939394,0.45833333333333326,0.28844180225299054,1
0.6596842761989657,0.447517537800759,0.5354656364574275,0.0,0.0,0.3142857142857143,0.8000000000000003,2023,1,0.3999,1.0,0.0,0.0,1.0,0.0,0.0,0.0,0.0,0.0,1.0,1.0,0.0,0.0,1.0,0.0,0.0,0.0,0.19191919191919193,0.5694444444444444,0.28844180225299054,1
0.6596842761989657,0.47403795200027954,0.5354656364574275,0.0,1.0,0.4285714285714286,0.5,2021,8,0.102,1.0,0.0,0.0,1.0,0.0,0.0,0.0,0.0,1.0,0.0,0.0,1.0,0.0,0.0,0.0,0.0,1.0,0.393939393939394,0.45833333333333326,0.28844180225299054,1
0.38823676709842325,0.46877930125428247,0.5354656364574275,0.0,0.0,0.10000000000000009,0.125,2023,2,0.185,0.0,1.0,0.0,0.0,1.0,0.0,0.0,0.0,1.0,0.0,1.0,0.0,0.0,0.0,0.0,1.0,0.0,0.31313131313131315,0.0902777777777779,0.5826050444903135,1
0.6596842761989657,0.447517537800759,0.5354656364574275,0.0,0.0,0.4285714285714286,0.5,2021,7,0.1074,0.0,0.0,1.0,1.0,0.0,0.0,1.0,0.0,0.0,0.0,0.0,1.0,0.0,0.0,0.0,0.0,1.0,0.393939393939394,0.45833333333333326,0.28844180225299054,0
0.7059613126314263,0.47403795200027954,0.5354656364574275,0.0,0.0,0.4285714285714286,0.5,2021,4,0.102,0.0,0.0,1.0,0.0,1.0,0.0,1.0,0.0,0.0,0.0,0.0,1.0,0.0,1.0,0.0,0.0,0.0,0.393939393939394,0.45833333333333326,0.2436929589308451,0
0.4760925677494707,0.47403795200027954,0.5354656364574275,1.0000000000000004,0.0,0.4285714285714286,0.5,2025,6,0.102,0.0,0.0,1.0,0.0,0.0,1.0,0.0,0.0,1.0,0.0,0.0,0.0,1.0,0.0,0.0,0.0,1.0,0.393939393939394,0.45833333333333326,0.5400014609887337,0
0.5867777864565255,0.47403795200027954,0.5354656364574275,0.0,0.0,0.4285714285714286,0.5,2021,4,0.185,0.0,1.0,0.0,0.0,0.0,1.0,0.0,0.0,1.0,0.0,1.0,0.0,0.0,0.0,1.0,0.0,0.0,0.393939393939394,0.45833333333333326,0.3619020902984019,1
0.6596842761989657,0.47403795200027954,0.5354656364574275,0.0,0.0,0.4285714285714286,0.5,2020,6,0.2057,1.0,0.0,0.0,0.0,0.0,1.0,0.0,0.0,0.0,1.0,1.0,0.0,0.0,1.0,0.0,0.0,0.0,0.393939393939394,0.45833333333333326,0.28844180225299054,0
0.38823676709842325,0.3116203447626149,0.5354656364574275,0.0,0.0,0.4285714285714286,0.5,2021,3,0.1074,1.0,0.0,0.0,1.0,0.0,0.0,0.0,0.0,1.0,0.0,0.0,1.0,0.0,1.0,0.0,0.0,0.0,0.393939393939394,0.45833333333333326,0.5826050444903135,1
0.3003809664473759,0.47403795200027954,0.5354656364574275,0.0,0.0,0.4285714285714286,0.5,2025,6,0.185,0.0,1.0,0.0,1.0,0.0,0.0,0.0,0.0,1.0,0.0,1.0,0.0,0.0,0.0,0.0,0.0,1.0,0.393939393939394,0.45833333333333326,0.694809747525401,1
0.9494934354765419,0.447517537800759,0.5354656364574275,1.0000000000000004,0.0,0.4285714285714286,0.5,2022,11,0.2057,0.0,1.0,0.0,1.0,0.0,0.0,0.0,0.0,1.0,0.0,0.0,1.0,0.0,0.0,0.0,1.0,0.0,0.393939393939394,0.45833333333333326,0.08112980865210204,0
0.6596842761989657,0.447517537800759,0.5354656364574275,0.0,0.0,0.4285714285714286,0.5,2025,6,0.2057,1.0,0.0,0.0,0.0,1.0,0.0,0.0,0.0,1.0,0.0,0.0,1.0,0.0,1.0,0.0,0.0,0.0,0.393939393939394,0.45833333333333326,0.28844180225299054,1
0.7059613126314263,0.47403795200027954,0.5354656364574275,0.0,1.0,0.08571428571428585,0.625,2024,2,0.185,0.0,1.0,0.0,0.0,1.0,0.0,0.0,0.0,0.0,1.0,1.0,0.0,0.0,0.0,0.0,0.0,1.0,0.10101010101010102,0.3611111111111114,0.2436929589308451,0
0.38823676709842325,0.47403795200027954,0.5354656364574275,0.0,1.0,0.24285714285714288,0.9750000000000001,2022,6,0.3999,0.0,0.0,1.0,0.0,0.0,1.0,0.0,0.0,1.0,0.0,0.0,0.0,1.0,0.0,0.0,1.0,0.0,0.07070707070707072,0.6319444444444444,0.5826050444903135,0
0.6793959560724938,0.47403795200027954,0.5354656364574275,0.0,0.0,0.4285714285714286,0.5,2022,5,0.102,0.0,0.0,1.0,0.0,0.0,1.0,0.0,0.0,1.0,0.0,0.0,1.0,0.0,0.0,1.0,0.0,0.0,0.393939393939394,0.45833333333333326,0.26920028773358684,0
0.6596842761989657,0.5795857890691232,0.5354656364574275,0.0,0.0,0.4285714285714286,0.5,2024,12,0.2057,0.0,1.0,0.0,1.0,0.0,0.0,0.0,0.0,0.0,1.0,0.0,0.0,1.0,1.0,0.0,0.0,0.0,0.393939393939394,0.45833333333333326,0.28844180225299054,0
0.38823676709842325,0.447517537800759,0.5354656364574275,0.0,0.0,0.4285714285714286,0.5,2021,9,0.102,0.0,1.0,0.0,0.0,0.0,1.0,0.0,0.0,1.0,0.0,0.0,0.0,1.0,0.0,0.0,0.0,1.0,0.393939393939394,0.45833333333333326,0.5826050444903135,0
0.6596842761989657,0.47403795200027954,0.5354656364574275,0.0,1.0,0.5428571428571429,0.8500000000000001,2023,1,0.3999,1.0,0.0,0.0,0.0,1.0,0.0,0.0,1.0,0.0,0.0,0.0,0.0,1.0,1.0,0.0,0.0,0.0,0.33333333333333337,0.7083333333333333,0.28844180225299054,0
0.38823676709842325,0.447517537800759,0.5354656364574275,0.0,0.0,0.8857142857142857,0.7250000000000001,2020,4,0.3999,0.0,0.0,1.0,0.0,1.0,0.0,1.0,0.0,0.0,0.0,1.0,0.0,0.0,0.0,1.0,0.0,0.0,0.6262626262626264,0.8055555555555556,0.5826050444903135,1
0.7059613126314263,0.47403795200027954,0.5354656364574275,0.0,1.0,0.4285714285714286,0.5,2025,6,0.102,1.0,0.0,0.0,0.0,1.0,0.0,1.0,0.0,0.0,0.0,1.0,0.0,0.0,0.0,0.0,0.0,1.0,0.393939393939394,0.45833333333333326,0.2436929589308451,1
0.38823676709842325,0.9367475852276459,0.5354656364574275,1.0000000000000004,0.0,0.4285714285714286,0.5,2025,5,0.1074,0.0,0.0,1.0,1.0,0.0,0.0,0.0,0.0,0.0,1.0,1.0,0.0,0.0,0.0,1.0,0.0,0.0,0.393939393939394,0.45833333333333326,0.6427439125168093,1
0.38823676709842325,0.47403795200027954,0.0,1.0000000000000004,1.0,0.8999999999999999,0.5750000000000002,2020,11,0.3999,0.0,0.0,1.0,1.0,0.0,0.0,1.0,0.0,0.0,0.0,0.0,1.0,0.0,0.0,1.0,0.0,0.0,0.6969696969696971,0.7291666666666667,0.6427439125168093,0
0.38823676709842325,0.447517537800759,0.5354656364574275,0.0,0.0,0.4285714285714286,0.5,2024,2,0.2057,1.0,0.0,0.0,0.0,0.0,1.0,1.0,0.0,0.0,0.0,0.0,0.0,1.0,0.0,0.0,1.0,0.0,0.393939393939394,0.45833333333333326,0.5826050444903135,0
0.38823676709842325,0.877663147704212,0.2260609770267461,0.0,1.0,0.4285714285714286,0.5,2020,11,0.185,0.0,0.0,1.0,1.0,0.0,0.0,0.0,0.0,0.0,1.0,0.0,0.0,1.0,0.0,0.0,1.0,0.0,0.393939393939394,0.45833333333333326,0.5826050444903135,1
0.9266640174205345,0.47403795200027954,0.5354656364574275,0.0,0.0,0.4285714285714286,0.5,2022,10,0.3999,1.0,0.0,0.0,1.0,0.0,0.0,1.0,0.0,0.0,0.0,0.0,1.0,0.0,1.0,0.0,0.0,0.0,0.393939393939394,0.45833333333333326,0.053159268691928246,1
0.7059613126314263,0.7248301433933961,0.5354656364574275,0.0,0.0,0.4285714285714286,0.5,2025,2,0.2057,0.0,0.0,1.0,0.0,1.0,0.0,0.0,0.0,0.0,1.0,0.0,0.0,1.0,0.0,0.0,0.0,1.0,0.393939393939394,0.45833333333333326,0.2436929589308451,1
0.38823676709842325,0.47403795200027954,0.5354656364574275,0.0,1.0,0.4285714285714286,0.5,2025,3,0.3999,1.0,0.0,0.0,0.0,1.0,0.0,1.0,0.0,0.0,0.0,0.0,0.0,1.0,0.0,0.0,0.0,1.0,0.393939393939394,0.45833333333333326,0.5826050444903135,1
0.38823676709842325,0.447517537800759,0.5354656364574275,0.0,0.0,0.2714285714285716,0.9250000000000003,2023,10,0.185,0.0,1.0,0.0,0.0,0.0,1.0,0.0,0.0,1.0,0.0,1.0,0.0,0.0,0.0,0.0,0.0,1.0,0.11111111111111112,0.6180555555555556,0.5826050444903135,0
0.38823676709842325,0.47403795200027954,0.5354656364574275,0.0,0.0,0.4285714285714286,0.5,2021,6,0.102,0.0,1.0,0.0,0.0,1.0,0.0,1.0,0.0,0.0,0.0,0.0,1.0,0.0,0.0,1.0,0.0,0.0,0.393939393939394,0.45833333333333326,0.5826050444903135,1
0.7059613126314263,0.447517537800759,0.3665306363799026,0.0,0.0,0.4285714285714286,0.5,2024,6,0.2057,0.0,1.0,0.0,1.0,0.0,0.0,1.0,0.0,0.0,0.0,1.0,0.0,0.0,0.0,0.0,0.0,1.0,0.393939393939394,0.45833333333333326,0.2436929589308451,0
0.7059613126314263,0.447517537800759,0.5354656364574275,0.0,0.0,0.4285714285714286,0.5,2023,11,0.3999,0.0,0.0,1.0,0.0,1.0,0.0,0.0,0.0,1.0,0.0,0.0,0.0,1.0,1.0,0.0,0.0,0.0,0.393939393939394,0.45833333333333326,0.2436929589308451,1
0.38823676709842325,0.447517537800759,0.5354656364574275,0.0,1.0,0.4285714285714286,0.5,2025,6,0.3999,0.0,0.0,1.0,0.0,0.0,1.0,1.0,0.0,0.0,0.0,1.0,0.0,0.0,0.0,0.0,1.0,0.0,0.393939393939394,0.45833333333333326,0.5826050444903135,0
0.7059613126314263,0.47403795200027954,0.5354656364574275,0.0,0.0,0.4285714285714286,0.5,2022,9,0.3999,1.0,0.0,0.0,0.0,1.0,0.0,0.0,0.0,1.0,0.0,0.0,1.0,0.0,1.0,0.0,0.0,0.0,0.393939393939394,0.45833333333333326,0.2436929589308451,0
0.6596842761989657,0.47403795200027954,0.5354656364574275,0.0,0.0,0.4285714285714286,0.5,2025,6,0.3999,0.0,1.0,0.0,0.0,0.0,1.0,0.0,0.0,1.0,0.0,0.0,1.0,0.0,0.0,0.0,1.0,0.0,0.393939393939394,0.45833333333333326,0.28844180225299054,1
0.38823676709842325,0.7075829848894277,0.08739654977087685,0.0,0.0,0.4285714285714286,0.5,2021,2,0.2057,1.0,0.0,0.0,1.0,0.0,0.0,1.0,0.0,0.0,0.0,0.0,1.0,0.0,0.0,1.0,0.0,0.0,0.393939393939394,0.45833333333333326,0.5826050444903135,1
0.6596842761989657,0.47403795200027954,0.5354656364574275,0.0,0.0,0.4285714285714286,0.5,2021,9,0.185,0.0,1.0,0.0,1.0,0.0,0.0,1.0,0.0,0.0,0.0,0.0,0.0,1.0,0.0,0.0,0.0,1.0,0.393939393939394,0.45833333333333326,0.28844180225299054,0
0.38823676709842325,0.447517537800759,0.5354656364574275,0.0,0.0,0.4285714285714286,0.5,2020,2,0.3999,0.0,0.0,1.0,0.0,1.0,0.0,0.0,0.0,1.0,0.0,0.0,1.0,0.0,0.0,0.0,0.0,1.0,0.393939393939394,0.45833333333333326,0.5826050444903135,0
0.8835170022161242,0.447517537800759,0.5354656364574275,1.0000000000000004,1.0,0.4285714285714286,0.5,2020,8,0.2057,1.0,0.0,0.0,0.0,1.0,0.0,0.0,0.0,0.0,1.0,1.0,0.0,0.0,0.0,0.0,0.0,1.0,0.393939393939394,0.45833333333333326,0.13561555634051145,0
0.9574702527640595,0.47403795200027954,0.5354656364574275,1.0000000000000004,0.0,0.4285714285714286,0.5,2023,11,0.2057,0.0,0.0,1.0,0.0,0.0,1.0,0.0,0.0,0.0,1.0,0.0,1.0,0.0,0.0,1.0,0.0,0.0,0.393939393939394,0.45833333333333326,0.07480929619733764,0
0.6596842761989657,0.47403795200027954,0.14886875138769273,0.0,0.0,0.4285714285714286,0.5,2021,1,0.1074,0.0,0.0,1.0,1.0,0.0,0.0,1.0,0.0,0.0,0.0,1.0,0.0,0.0,0.0,0.0,0.0,1.0,0.393939393939394,0.45833333333333326,0.28844180225299054,0
0.38823676709842325,0.0,0.5354656364574275,0.0,0.0,0.05714285714285716,0.050000000000000044,2022,4,0.2057,1.0,0.0,0.0,0.0,1.0,0.0,0.0,0.0,0.0,1.0,0.0,0.0,1.0,0.0,1.0,0.0,0.0,0.31313131313131315,0.0277777777777779,0.5826050444903135,0
0.6262830509731585,0.47403795200027954,0.5354656364574275,1.0000000000000004,1.0,0.4285714285714286,0.5,2024,5,0.185,0.0,0.0,1.0,0.0,0.0,1.0,1.0,0.0,0.0,0.0,0.0,1.0,0.0,0.0,0.0,0.0,1.0,0.393939393939394,0.45833333333333326,0.37870930459541274,1
0.6596842761989657,0.447517537800759,0.5354656364574275,0.0,0.0,0.4285714285714286,0.5,2020,8,0.185,0.0,1.0,0.0,1.0,0.0,0.0,1.0,0.0,0.0,0.0,0.0,1.0,0.0,0.0,1.0,0.0,0.0,0.393939393939394,0.45833333333333326,0.28844180225299054,0
0.6596842761989657,0.447517537800759,0.5354656364574275,0.0,0.0,0.4285714285714286,0.5,2021,4,0.1074,0.0,0.0,1.0,0.0,0.0,1.0,0.0,0.0,1.0,0.0,1.0,0.0,0.0,0.0,1.0,0.0,0.0,0.393939393939394,0.45833333333333326,0.28844180225299054,1
0.7059613126314263,0.47403795200027954,0.8684445203976638,0.0,0.0,0.4285714285714286,0.5,2025,4,0.3999,0.0,0.0,1.0,0.0,0.0,1.0,1.0,0.0,0.0,0.0,0.0,0.0,1.0,0.0,0.0,0.0,1.0,0.393939393939394,0.45833333333333326,0.2436929589308451,0
0.38823676709842325,0.6633792654369848,0.5354656364574275,0.0,0.0,0.842857142857143,0.17500000000000004,2024,1,0.185,0.0,1.0,0.0,0.0,0.0,1.0,0.0,1.0,0.0,0.0,0.0,0.0,1.0,0.0,1.0,0.0,0.0,0.8181818181818183,0.47916666666666674,0.5826050444903135,0
0.7059613126314263,0.9075591993313297,0.5354656364574275,0.0,0.0,0.4285714285714286,0.5,2024,12,0.3999,0.0,0.0,1.0,0.0,1.0,0.0,0.0,1.0,0.0,0.0,1.0,0.0,0.0,0.0,0.0,1.0,0.0,0.393939393939394,0.45833333333333326,0.2436929589308451,1
0.6596842761989657,0.47403795200027954,0.5354656364574275,1.0000000000000004,0.0,0.5428571428571429,0.0,2020,8,0.2057,0.0,1.0,0.0,0.0,0.0,1.0,1.0,0.0,0.0,0.0,0.0,0.0,1.0,1.0,0.0,0.0,0.0,0.6767676767676769,0.23611111111111138,0.34478095320423274,1
0.38823676709842325,0.447517537800759,0.5354656364574275,0.0,0.0,0.4285714285714286,0.5,2025,3,0.3999,0.0,1.0,0.0,0.0,1.0,0.0,0.0,0.0,1.0,0.0,1.0,0.0,0.0,0.0,0.0,0.0,1.0,0.393939393939394,0.45833333333333326,0.5826050444903135,0
0.38823676709842325,0.47403795200027954,0.5354656364574275,1.0000000000000004,0.0,0.4285714285714286,0.5,2021,2,0.3999,0.0,0.0,1.0,0.0,1.0,0.0,0.0,0.0,1.0,0.0,0.0,1.0,0.0,0.0,0.0,0.0,1.0,0.393939393939394,0.45833333333333326,0.6427439125168093,0
0.38823676709842325,0.447517537800759,0.5354656364574275,0.0,1.0,0.4285714285714286,0.5,2023,12,0.2057,0.0,0.0,1.0,1.0,0.0,0.0,0.0,0.0,0.0,1.0,1.0,0.0,0.0,0.0,1.0,0.0,0.0,0.393939393939394,0.45833333333333326,0.5826050444903135,0
1.0,0.47403795200027954,0.5354656364574275,0.0,0.0,0.4285714285714286,0.5,2024,5,0.2057,0.0,1.0,0.0,0.0,0.0,1.0,0.0,0.0,1.0,0.0,0.0,0.0,1.0,0.0,1.0,0.0,0.0,0.393939393939394,0.45833333333333326,0.0,0
0.38823676709842325,0.47403795200027954,0.92082696199203,0.0,0.0,0.4285714285714286,0.5,2024,10,0.3999,1.0,0.0,0.0,0.0,1.0,0.0,1.0,0.0,0.0,0.0,1.0,0.0,0.0,0.0,1.0,0.0,0.0,0.393939393939394,0.45833333333333326,0.5826050444903135,0
0.38823676709842325,0.47403795200027954,0.5354656364574275,0.0,0.0,0.4285714285714286,0.5,2023,9,0.3999,0.0,1.0,0.0,1.0,0.0,0.0,0.0,0.0,1.0,0.0,0.0,0.0,1.0,0.0,0.0,0.0,1.0,0.393939393939394,0.45833333333333326,0.5826050444903135,1
0.45057144967106383,0.47403795200027954,0.5354656364574275,0.0,0.0,0.4285714285714286,0.5,2021,3,0.3999,0.0,0.0,1.0,0.0,1.0,0.0,0.0,0.0,1.0,0.0,0.0,1.0,0.0,0.0,0.0,0.0,1.0,0.393939393939394,0.45833333333333326,0.5094629413016346,1
0.7059613126314263,0.47403795200027954,0.5354656364574275,1.0000000000000004,0.0,0.6857142857142857,0.5750000000000002,2022,12,0.185,0.0,0.0,1.0,1.0,0.0,0.0,0.0,1.0,0.0,0.0,0.0,1.0,0.0,1.0,0.0,0.0,0.0,0.5454545454545455,0.6249999999999998,0.29887056355028807,0
0.38823676709842325,0.447517537800759,0.9610903055226858,1.0000000000000004,0.0,0.4285714285714286,0.5,2021,2,0.2057,1.0,0.0,0.0,0.0,0.0,1.0,1.0,0.0,0.0,0.0,0.0,0.0,1.0,0.0,0.0,0.0,1.0,0.393939393939394,0.45833333333333326,0.6427439125168093,1
0.6596842761989657,0.47403795200027954,0.5354656364574275,0.0,1.0,0.4285714285714286,0.5,2025,5,0.2057,0.0,0.0,1.0,1.0,0.0,0.0,0.0,0.0,1.0,0.0,1.0,0.0,0.0,0.0,1.0,0.0,0.0,0.393939393939394,0.45833333333333326,0.28844180225299054,1
0.8561517958551143,0.447517537800759,0.5354656364574275,0.0,0.0,0.4285714285714286,0.5,2023,7,0.185,0.0,0.0,1.0,1.0,0.0,0.0,0.0,1.0,0.0,0.0,0.0,1.0,0.0,1.0,0.0,0.0,0.0,0.393939393939394,0.45833333333333326,0.10945724761671569,0
0.38823676709842325,0.47403795200027954,0.5354656364574275,0.0,0.0,0.4285714285714286,0.5,2024,9,0.3999,0.0,0.0,1.0,0.0,0.0,1.0,1.0,0.0,0.0,0.0,0.0,1.0,0.0,0.0,0.0,0.0,1.0,0.393939393939394,0.45833333333333326,0.5826050444903135,0
0.8098747594226536,0.47403795200027954,0.5354656364574275,0.0,0.0,0.4285714285714286,0.5,2021,8,0.3999,0.0,0.0,1.0,0.0,1.0,0.0,0.0,1.0,0.0,0.0,0.0,1.0,0.0,0.0,1.0,0.0,0.0,0.393939393939394,0.45833333333333326,0.14888439562961983,1
0.7059613126314263,0.447517537800759,0.5354656364574275,0.0,0.0,0.5142857142857145,0.875,2022,2,0.1074,0.0,0.0,1.0,0.0,1.0,0.0,1.0,0.0,0.0,0.0,1.0,0.0,0.0,0.0,1.0,0.0,0.0,0.30303030303030304,0.7083333333333333,0.2436929589308451,1
0.7059613126314263,0.447517537800759,0.5354656364574275,0.0,0.0,0.4285714285714286,0.5,2021,7,0.3999,0.0,0.0,1.0,1.0,0.0,0.0,0.0,1.0,0.0,0.0,1.0,0.0,0.0,0.0,1.0,0.0,0.0,0.393939393939394,0.45833333333333326,0.2436929589308451,1
0.7059613126314263,0.3056195945699809,0.5354656364574275,0.0,0.0,0.4285714285714286,0.5,2024,3,0.185,0.0,0.0,1.0,1.0,0.0,0.0,0.0,1.0,0.0,0.0,1.0,0.0,0.0,0.0,0.0,0.0,1.0,0.393939393939394,0.45833333333333326,0.2436929589308451,0
0.38823676709842325,0.15207623734555797,0.5354656364574275,1.0000000000000004,0.0,0.4285714285714286,0.5,2024,10,0.3999,1.0,0.0,0.0,1.0,0.0,0.0,0.0,0.0,1.0,0.0,1.0,0.0,0.0,0.0,0.0,0.0,1.0,0.393939393939394,0.45833333333333326,0.6427439125168093,0
0.649112469029166,0.3116203447626149,0.5354656364574275,0.0,0.0,0.4285714285714286,0.5,2025,1,0.102,1.0,0.0,0.0,0.0,0.0,1.0,0.0,0.0,1.0,0.0,0.0,1.0,0.0,0.0,0.0,0.0,1.0,0.393939393939394,0.45833333333333326,0.29887056355028807,0
0.7059613126314263,0.36435220563419746,0.10825214845806475,0.0,1.0,0.4285714285714286,0.5,2024,6,0.3999,1.0,0.0,0.0,0.0,1.0,0.0,1.0,0.0,0.0,0.0,1.0,0.0,0.0,0.0,0.0,0.0,1.0,0.393939393939394,0.45833333333333326,0.2436929589308451,1
0.23804628387473534,0.47403795200027954,0.5354656364574275,0.0,0.0,0.4285714285714286,0.5,2024,7,0.185,0.0,1.0,0.0,0.0,0.0,1.0,1.0,0.0,0.0,0.0,1.0,0.0,0.0,1.0,0.0,0.0,0.0,0.393939393939394,0.45833333333333326,0.7845415170589761,0
0.6596842761989657,0.9652610342994286,0.5354656364574275,1.0000000000000004,0.0,0.4285714285714286,0.5,2025,5,0.1074,0.0,0.0,1.0,1.0,0.0,0.0,0.0,1.0,0.0,0.0,1.0,0.0,0.0,0.0,1.0,0.0,0.0,0.393939393939394,0.45833333333333326,0.34478095320423274,0
0.7059613126314263,0.4948511335168124,0.5354656364574275,0.0,1.0,0.4285714285714286,0.5,2024,9,0.3999,0.0,0.0,1.0,0.0,1.0,0.0,1.0,0.0,0.0,0.0,1.0,0.0,0.0,0.0,1.0,0.0,0.0,0.393939393939394,0.45833333333333326,0.2436929589308451,1
0.7059613126314263,0.11050538862370107,0.5354656364574275,0.0,0.0,0.4285714285714286,0.5,2021,5,0.185,0.0,1.0,0.0,0.0,0.0,1.0,0.0,0.0,1.0,0.0,1.0,0.0,0.0,0.0,1.0,0.0,0.0,0.393939393939394,0.45833333333333326,0.2436929589308451,1
0.7059613126314263,0.05280355365560263,0.5354656364574275,0.0,0.0,0.4285714285714286,0.5,2024,4,0.1074,0.0,1.0,0.0,0.0,0.0,1.0,1.0,0.0,0.0,0.0,1.0,0.0,0.0,0.0,1.0,0.0,0.0,0.393939393939394,0.45833333333333326,0.2436929589308451,0
0.38823676709842325,0.447517537800759,0.5354656364574275,1.0000000000000004,0.0,0.4285714285714286,0.5,2023,9,0.2057,0.0,1.0,0.0,0.0,1.0,0.0,1.0,0.0,0.0,0.0,0.0,1.0,0.0,0.0,0.0,0.0,1.0,0.393939393939394,0.45833333333333326,0.6427439125168093,0
0.6596842761989657,0.47403795200027954,0.5354656364574275,0.0,1.0,0.4285714285714286,0.5,2021,11,0.1074,0.0,1.0,0.0,1.0,0.0,0.0,1.0,0.0,0.0,0.0,0.0,0.0,1.0,0.0,0.0,0.0,1.0,0.393939393939394,0.45833333333333326,0.28844180225299054,0
0.6007619328947518,0.447517537800759,0.5354656364574275,0.0,0.0,0.4285714285714286,0.5,2024,4,0.3999,0.0,1.0,0.0,0.0,0.0,1.0,1.0,0.0,0.0,0.0,1.0,0.0,0.0,0.0,0.0,0.0,1.0,0.393939393939394,0.45833333333333326,0.34753163729127323,1
0.38823676709842325,0.82353494693001,0.5354656364574275,0.0,0.0,0.4285714285714286,0.5,2023,12,0.3999,0.0,1.0,0.0,0.0,1.0,0.0,1.0,0.0,0.0,0.0,0.0,1.0,0.0,0.0,0.0,0.0,1.0,0.393939393939394,0.45833333333333326,0.5826050444903135,1
0.6886177335457992,0.47403795200027954,0.10825214845806475,0.0,0.0,0.14285714285714302,0.050000000000000044,2025,8,0.102,1.0,0.0,0.0,0.0,0.0,1.0,0.0,0.0,1.0,0.0,0.0,1.0,0.0,0.0,0.0,0.0,1.0,0.37373737373737376,0.06944444444444464,0.26029014010964224,0
0.38823676709842325,0.47403795200027954,0.2807540370648489,0.0,0.0,0.4285714285714286,0.5,2020,2,0.185,0.0,0.0,1.0,0.0,1.0,0.0,0.0,0.0,1.0,0.0,0.0,0.0,1.0,0.0,0.0,1.0,0.0,0.393939393939394,0.45833333333333326,0.5826050444903135,0
0.8199546729298165,0.3586032361019438,0.5354656364574275,0.0,1.0,0.24285714285714288,0.025000000000000133,2021,8,0.3999,1.0,0.0,0.0,1.0,0.0,0.0,0.0,1.0,0.0,0.0,0.0,1.0,0.0,0.0,0.0,0.0,1.0,0.4545454545454546,0.10416666666666674,0.1401398181181376,1
0.6596842761989657,0.447517537800759,0.5354656364574275,0.0,0.0,0.4285714285714286,0.5,2022,10,0.1074,0.0,0.0,1.0,0.0,0.0,1.0,0.0,1.0,0.0,0.0,1.0,0.0,0.0,0.0,0.0,0.0,1.0,0.393939393939394,0.45833333333333326,0.28844180225299054,1
0.7059613126314263,0.8586032361019442,0.5354656364574275,0.0,1.0,0.4285714285714286,0.5,2024,6,0.3999,0.0,1.0,0.0,1.0,0.0,0.0,0.0,0.0,0.0,1.0,1.0,0.0,0.0,0.0,1.0,0.0,0.0,0.393939393939394,0.45833333333333326,0.2436929589308451,1
0.7059613126314263,0.47403795200027954,0.5354656364574275,0.0,0.0,0.15714285714285725,0.9500000000000002,2025,7,0.102,0.0,0.0,1.0,0.0,1.0,0.0,0.0,1.0,0.0,0.0,1.0,0.0,0.0,1.0,0.0,0.0,0.0,0.0202020202020202,0.5763888888888891,0.2436929589308451,0
0.38823676709842325,0.47403795200027954,0.5354656364574275,0.0,0.0,0.3857142857142859,0.10000000000000009,2020,2,0.1074,1.0,0.0,0.0,1.0,0.0,0.0,0.0,0.0,0.0,1.0,0.0,0.0,1.0,0.0,0.0,0.0,1.0,0.5252525252525253,0.2152777777777779,0.5826050444903135,0
0.6596842761989657,0.47403795200027954,0.5354656364574275,0.0,0.0,0.4285714285714286,0.5,2023,8,0.185,1.0,0.0,0.0,0.0,0.0,1.0,1.0,0.0,0.0,0.0,1.0,0.0,0.0,1.0,0.0,0.0,0.0,0.393939393939394,0.45833333333333326,0.28844180225299054,0
0.6596842761989657,0.47403795200027954,0.5354656364574275,0.0,0.0,0.04285714285714293,0.625,2023,11,0.185,0.0,1.0,0.0,0.0,1.0,0.0,0.0,1.0,0.0,0.0,1.0,0.0,0.0,0.0,0.0,1.0,0.0,0.07070707070707072,0.3402777777777779,0.28844180225299054,0
0.714138851624206,0.47403795200027954,0.5354656364574275,0.0,1.0,0.4285714285714286,0.5,2022,5,0.2057,1.0,0.0,0.0,0.0,0.0,1.0,0.0,0.0,0.0,1.0,0.0,0.0,1.0,0.0,0.0,0.0,1.0,0.393939393939394,0.45833333333333326,0.2359408109631382,1
0.7059613126314263,0.7874401243240841,0.5354656364574275,0.0,0.0,0.4285714285714286,0.5,2020,9,0.1074,1.0,0.0,0.0,0.0,0.0,1.0,1.0,0.0,0.0,0.0,0.0,0.0,1.0,0.0,1.0,0.0,0.0,0.393939393939394,0.45833333333333326,0.2436929589308451,1
0.8046533244696281,0.447517537800759,0.5354656364574275,0.0,0.0,0.4285714285714286,0.5,2024,1,0.3999,0.0,0.0,1.0,0.0,1.0,0.0,0.0,1.0,0.0,0.0,0.0,1.0,0.0,0.0,0.0,0.0,1.0,0.393939393939394,0.45833333333333326,0.15344736073036283,0
0.6596842761989657,0.958194242861167,0.92082696199203,0.0,1.0,0.4285714285714286,0.5,2020,12,0.2057,0.0,1.0,0.0,0.0,1.0,0.0,0.0,0.0,1.0,0.0,0.0,1.0,0.0,0.0,0.0,0.0,1.0,0.393939393939394,0.45833333333333326,0.28844180225299054,0
0.6596842761989657,0.47403795200027954,0.5354656364574275,0.0,0.0,0.4285714285714286,0.5,2022,1,0.3999,0.0,0.0,1.0,0.0,0.0,1.0,0.0,1.0,0.0,0.0,1.0,0.0,0.0,0.0,0.0,0.0,1.0,0.393939393939394,0.45833333333333326,0.28844180225299054,0
0.6596842761989657,0.47403795200027954,0.14886875138769273,0.0,0.0,0.4285714285714286,0.5,2025,1,0.3999,0.0,1.0,0.0,0.0,1.0,0.0,0.0,0.0,0.0,1.0,0.0,1.0,0.0,0.0,0.0,1.0,0.0,0.393939393939394,0.45833333333333326,0.28844180225299054,0
0.6596842761989657,0.47403795200027954,0.5354656364574275,0.0,0.0,0.4285714285714286,0.5,2025,1,0.3999,0.0,0.0,1.0,0.0,1.0,0.0,0.0,1.0,0.0,0.0,1.0,0.0,0.0,0.0,1.0,0.0,0.0,0.393939393939394,0.45833333333333326,0.28844180225299054,0
0.6596842761989657,0.47403795200027954,0.9511550135177673,0.0,0.0,0.4285714285714286,0.5,2020,9,0.3999,1.0,0.0,0.0,0.0,0.0,1.0,0.0,1.0,0.0,0.0,0.0,0.0,1.0,0.0,0.0,1.0,0.0,0.393939393939394,0.45833333333333326,0.28844180225299054,0
0.38823676709842325,0.47403795200027954,0.8791123785104213,0.0,0.0,0.4285714285714286,0.5,2022,1,0.185,0.0,0.0,1.0,0.0,1.0,0.0,1.0,0.0,0.0,0.0,1.0,0.0,0.0,0.0,1.0,0.0,0.0,0.393939393939394,0.45833333333333326,0.5826050444903135,0
0.38823676709842325,0.447517537800759,0.5354656364574275,0.0,0.0,0.4285714285714286,0.5,2025,6,0.3999,0.0,1.0,0.0,0.0,0.0,1.0,0.0,0.0,0.0,1.0,1.0,0.0,0.0,0.0,0.0,0.0,1.0,0.393939393939394,0.45833333333333326,0.5826050444903135,1
0.5557708294077383,0.447517537800759,0.5636976314849393,0.0,1.0,0.9571428571428573,0.875,2021,7,0.3999,0.0,0.0,1.0,0.0,0.0,1.0,0.0,1.0,0.0,0.0,1.0,0.0,0.0,0.0,0.0,0.0,1.0,0.6161616161616162,0.9236111111111114,0.39425060470370465,1
0.6596842761989657,0.47403795200027954,0.5354656364574275,0.0,0.0,0.4285714285714286,0.5,2020,4,0.3999,1.0,0.0,0.0,0.0,0.0,1.0,0.0,0.0,1.0,0.0,0.0,1.0,0.0,0.0,0.0,1.0,0.0,0.393939393939394,0.45833333333333326,0.28844180225299054,1
0.7059613126314263,0.447517537800759,0.5354656364574275,0.0,0.0,0.4285714285714286,0.5,2022,7,0.1074,1.0,0.0,0.0,0.0,0.0,1.0,0.0,0.0,1.0,0.0,1.0,0.0,0.0,0.0,1.0,0.0,0.0,0.393939393939394,0.45833333333333326,0.2436929589308451,0
0.7059613126314263,0.7291045037602584,0.5354656364574275,1.0000000000000004,1.0,0.4285714285714286,0.5,2022,10,0.102,0.0,1.0,0.0,0.0,1.0,0.0,1.0,0.0,0.0,0.0,1.0,0.0,0.0,0.0,0.0,0.0,1.0,0.393939393939394,0.45833333333333326,0.29887056355028807,0
0.6596842761989657,0.9862216250243363,0.7321160261480628,1.0000000000000004,1.0,0.3857142857142859,0.9000000000000004,2020,6,0.3999,0.0,0.0,1.0,1.0,0.0,0.0,1.0,0.0,0.0,0.0,1.0,0.0,0.0,1.0,0.0,0.0,0.0,0.20202020202020202,0.6597222222222221,0.34478095320423274,0
0.7059613126314263,0.47403795200027954,0.5354656364574275,0.0,0.0,0.4285714285714286,0.5,2023,10,0.3999,0.0,1.0,0.0,1.0,0.0,0.0,0.0,0.0,1.0,0.0,0.0,1.0,0.0,0.0,0.0,1.0,0.0,0.393939393939394,0.45833333333333326,0.2436929589308451,1
0.38823676709842325,0.28132025205531574,0.5354656364574275,1.0000000000000004,0.0,0.4285714285714286,0.5,2022,1,0.102,1.0,0.0,0.0,1.0,0.0,0.0,0.0,0.0,1.0,0.0,0.0,0.0,1.0,0.0,0.0,0.0,1.0,0.393939393939394,0.45833333333333326,0.6427439125168093,1
0.9934664678721488,0.47403795200027954,0.5354656364574275,1.0000000000000004,0.0,0.4285714285714286,0.5,2024,3,0.185,0.0,1.0,0.0,1.0,0.0,0.0,1.0,0.0,0.0,0.0,1.0,0.0,0.0,1.0,0.0,0.0,0.0,0.393939393939394,0.45833333333333326,0.047055636694355335,1
0.6596842761989657,0.47403795200027954,0.476847824478952,0.0,0.0,0.4285714285714286,0.5,2024,7,0.185,0.0,1.0,0.0,0.0,1.0,0.0,1.0,0.0,0.0,0.0,0.0,0.0,1.0,0.0,1.0,0.0,0.0,0.393939393939394,0.45833333333333326,0.28844180225299054,1
0.9296527415680409,0.2995895007389633,0.06615825826759014,0.0,1.0,0.4285714285714286,0.5,2023,4,0.3999,1.0,0.0,0.0,0.0,1.0,0.0,0.0,0.0,0.0,1.0,1.0,0.0,0.0,0.0,0.0,0.0,1.0,0.393939393939394,0.45833333333333326,0.050881139834478756,0
0.7059613126314263,0.47403795200027954,0.5354656364574275,0.0,0.0,0.4285714285714286,0.5,2024,5,0.3999,0.0,1.0,0.0,0.0,1.0,0.0,0.0,0.0,0.0,1.0,1.0,0.0,0.0,0.0,1.0,0.0,0.0,0.393939393939394,0.45833333333333326,0.2436929589308451,0
0.6379982859432912,0.47403795200027954,0.4151022837625655,1.0000000000000004,1.0,0.014285714285714457,0.7250000000000001,2023,8,0.3999,0.0,1.0,0.0,0.0,1.0,0.0,1.0,0.0,0.0,0.0,0.0,1.0,0.0,1.0,0.0,0.0,0.0,0.010101010101010102,0.38194444444444464,0.36673369844993287,0
0.38823676709842325,0.7162367167621775,0.5354656364574275,0.0,0.0,0.4285714285714286,0.5,2022,6,0.185,1.0,0.0,0.0,1.0,0.0,0.0,0.0,0.0,1.0,0.0,1.0,0.0,0.0,0.0,0.0,0.0,1.0,0.393939393939394,0.45833333333333326,0.5826050444903135,0
0.38823676709842325,0.47403795200027954,0.5354656364574275,0.0,0.0,0.4285714285714286,0.5,2022,12,0.1074,0.0,1.0,0.0,1.0,0.0,0.0,0.0,0.0,1.0,0.0,1.0,0.0,0.0,0.0,0.0,1.0,0.0,0.393939393939394,0.45833333333333326,0.5826050444903135,1
0.9236334915818912,0.447517537800759,0.5354656364574275,0.0,0.0,0.4285714285714286,0.5,2025,5,0.3999,0.0,1.0,0.0,0.0,0.0,1.0,1.0,0.0,0.0,0.0,0.0,1.0,0.0,0.0,0.0,0.0,1.0,0.393939393939394,0.45833333333333326,0.05547858198464192,1
0.6596842761989657,0.8964329428184876,0.5354656364574275,0.0,0.0,0.4285714285714286,0.5,2023,3,0.3999,1.0,0.0,0.0,0.0,0.0,1.0,1.0,0.0,0.0,0.0,0.0,0.0,1.0,0.0,0.0,0.0,1.0,0.393939393939394,0.45833333333333326,0.28844180225299054,0
0.9326008015387676,0.09633107473592162,0.5354656364574275,0.0,1.0,0.4285714285714286,0.5,2022,1,0.185,1.0,0.0,0.0,1.0,0.0,0.0,0.0,0.0,1.0,0.0,0.0,1.0,0.0,1.0,0.0,0.0,0.0,0.393939393939394,0.45833333333333326,0.04864299352087206,1
0.38823676709842325,0.47403795200027954,0.5354656364574275,0.0,0.0,0.4285714285714286,0.5,2025,3,0.3999,0.0,0.0,1.0,0.0,1.0,0.0,0.0,0.0,1.0,0.0,0.0,0.0,1.0,0.0,0.0,0.0,1.0,0.393939393939394,0.45833333333333326,0.5826050444903135,1
0.9774088217319686,0.47403795200027954,0.3829487047303832,0.0,0.0,0.4285714285714286,0.5,2025,1,0.3999,0.0,1.0,0.0,1.0,0.0,0.0,0.0,0.0,1.0,0.0,1.0,0.0,0.0,0.0,1.0,0.0,0.0,0.393939393939394,0.45833333333333326,0.015752803605833893,1
0.7059613126314263,0.47403795200027954,0.5354656364574275,1.0000000000000004,1.0,0.4285714285714286,0.5,2025,5,0.1074,1.0,0.0,0.0,0.0,1.0,0.0,1.0,0.0,0.0,0.0,1.0,0.0,0.0,0.0,0.0,0.0,1.0,0.393939393939394,0.45833333333333326,0.29887056355028807,0
0.38823676709842325,0.447517537800759,0.06615825826759014,0.0,0.0,0.4285714285714286,0.5,2021,7,0.3999,0.0,1.0,0.0,1.0,0.0,0.0,0.0,0.0,0.0,1.0,1.0,0.0,0.0,0.0,0.0,0.0,1.0,0.393939393939394,0.45833333333333326,0.5826050444903135,0
0.7059613126314263,0.47403795200027954,0.5354656364574275,0.0,0.0,0.4285714285714286,0.5,2022,11,0.1074,1.0,0.0,0.0,0.0,1.0,0.0,1.0,0.0,0.0,0.0,1.0,0.0,0.0,0.0,0.0,0.0,1.0,0.393939393939394,0.45833333333333326,0.2436929589308451,0
0.38823676709842325,0.47403795200027954,0.5354656364574275,0.0,0.0,0.6000000000000001,0.625,2023,4,0.3999,1.0,0.0,0.0,1.0,0.0,0.0,0.0,0.0,0.0,1.0,0.0,0.0,1.0,0.0,1.0,0.0,0.0,0.4646464646464647,0.6111111111111114,0.5826050444903135,1
0.9467678767049003,0.185679181103799,0.5354656364574275,0.0,0.0,0.7714285714285714,0.9000000000000004,2020,3,0.2057,0.0,0.0,1.0,1.0,0.0,0.0,0.0,0.0,1.0,0.0,0.0,1.0,0.0,0.0,1.0,0.0,0.0,0.47474747474747475,0.8472222222222221,0.038013274281466586,1
0.7059613126314263,0.47403795200027954,0.5354656364574275,0.0,0.0,0.5142857142857145,0.9000000000000004,2025,10,0.2057,1.0,0.0,0.0,1.0,0.0,0.0,1.0,0.0,0.0,0.0,1.0,0.0,0.0,0.0,1.0,0.0,0.0,0.29292929292929293,0.7222222222222221,0.2436929589308451,0
0.6596842761989657,0.5747593573455676,0.5354656364574275,0.0,0.0,0.4285714285714286,0.5,2025,7,0.2057,0.0,0.0,1.0,0.0,1.0,0.0,1.0,0.0,0.0,0.0,1.0,0.0,0.0,1.0,0.0,0.0,0.0,0.393939393939394,0.45833333333333326,0.28844180225299054,1
0.6596842761989657,0.5747593573455676,0.5354656364574275,0.0,0.0,0.4285714285714286,0.5,2025,7,0.2057,0.0,0.0,1.0,0.0,1.0,0.0,1.0,0.0,0.0,0.0,1.0,0.0,0.0,1.0,0.0,0.0,0.0,0.393939393939394,0.45833333333333326,0.28844180225299054,1
0.38823676709842325,0.47403795200027954,0.5636976314849393,0.0,0.0,0.4285714285714286,0.5,2021,5,0.3999,0.0,1.0,0.0,0.0,0.0,1.0,0.0,1.0,0.0,0.0,0.0,0.0,1.0,0.0,0.0,0.0,1.0,0.393939393939394,0.45833333333333326,0.5826050444903135,1
0.38823676709842325,0.47403795200027954,0.5354656364574275,0.0,0.0,1.0,0.125,2022,1,0.185,1.0,0.0,0.0,0.0,1.0,0.0,0.0,0.0,1.0,0.0,1.0,0.0,0.0,1.0,0.0,0.0,0.0,0.9494949494949496,0.5277777777777779,0.5826050444903135,0
0.38823676709842325,0.47403795200027954,0.7321160261480628,0.0,0.0,0.4285714285714286,0.5,2022,1,0.2057,0.0,1.0,0.0,0.0,1.0,0.0,1.0,0.0,0.0,0.0,1.0,0.0,0.0,1.0,0.0,0.0,0.0,0.393939393939394,0.45833333333333326,0.5826050444903135,0
0.38823676709842325,0.4094038544714014,0.5354656364574275,0.0,0.0,0.08571428571428585,0.7749999999999999,2020,5,0.3999,0.0,1.0,0.0,0.0,0.0,1.0,0.0,0.0,1.0,0.0,0.0,1.0,0.0,0.0,1.0,0.0,0.0,0.04040404040404041,0.44444444444444464,0.5826050444903135,0
0.5718284755479183,0.47403795200027954,0.5354656364574275,1.0000000000000004,0.0,0.4285714285714286,0.5,2025,4,0.2057,1.0,0.0,0.0,1.0,0.0,0.0,0.0,0.0,1.0,0.0,1.0,0.0,0.0,0.0,0.0,0.0,1.0,0.393939393939394,0.45833333333333326,0.4354642904026569,1
0.7059613126314263,0.47403795200027954,0.5354656364574275,1.0000000000000004,1.0,0.32857142857142874,0.4500000000000002,2020,11,0.1074,1.0,0.0,0.0,0.0,0.0,1.0,0.0,0.0,1.0,0.0,0.0,0.0,1.0,0.0,1.0,0.0,0.0,0.3434343434343435,0.38194444444444464,0.29887056355028807,0
0.38823676709842325,0.47403795200027954,0.8468092285777598,0.0,1.0,0.4285714285714286,0.5,2024,1,0.3999,1.0,0.0,0.0,1.0,0.0,0.0,0.0,0.0,0.0,1.0,0.0,1.0,0.0,1.0,0.0,0.0,0.0,0.393939393939394,0.45833333333333326,0.5826050444903135,1
0.7059613126314263,0.9546456023369028,0.5354656364574275,0.0,0.0,0.5428571428571429,0.6499999999999999,2024,9,0.102,0.0,1.0,0.0,1.0,0.0,0.0,0.0,1.0,0.0,0.0,1.0,0.0,0.0,0.0,0.0,1.0,0.0,0.41414141414141414,0.5972222222222221,0.2436929589308451,1
0.7059613126314263,0.447517537800759,0.5354656364574275,1.0000000000000004,0.0,0.4285714285714286,0.5,2021,5,0.3999,0.0,0.0,1.0,0.0,0.0,1.0,1.0,0.0,0.0,0.0,1.0,0.0,0.0,0.0,0.0,0.0,1.0,0.393939393939394,0.45833333333333326,0.29887056355028807,1
0.6596842761989657,0.47403795200027954,0.5354656364574275,1.0000000000000004,1.0,0.4285714285714286,0.5,2025,2,0.3999,0.0,0.0,1.0,0.0,0.0,1.0,0.0,0.0,0.0,1.0,0.0,1.0,0.0,0.0,0.0,0.0,1.0,0.393939393939394,0.45833333333333326,0.34478095320423274,0
0.7059613126314263,0.47403795200027954,0.7908826781462572,0.0,0.0,0.04285714285714293,0.3250000000000002,2025,6,0.185,1.0,0.0,0.0,0.0,1.0,0.0,1.0,0.0,0.0,0.0,0.0,0.0,1.0,0.0,0.0,1.0,0.0,0.19191919191919193,0.17361111111111138,0.2436929589308451,0
0.7059613126314263,0.447517537800759,0.7321160261480628,0.0,0.0,0.4285714285714286,0.5,2024,12,0.3999,0.0,1.0,0.0,0.0,0.0,1.0,0.0,1.0,0.0,0.0,1.0,0.0,0.0,0.0,1.0,0.0,0.0,0.393939393939394,0.45833333333333326,0.2436929589308451,1
0.9521851354989413,0.2312361408186021,0.5354656364574275,0.0,0.0,0.4285714285714286,0.5,2020,12,0.3999,0.0,1.0,0.0,1.0,0.0,0.0,1.0,0.0,0.0,0.0,0.0,0.0,1.0,0.0,0.0,0.0,1.0,0.393939393939394,0.45833333333333326,0.034004338394475614,0
0.38823676709842325,0.47403795200027954,0.6574156301296643,0.0,0.0,0.4285714285714286,0.5,2021,6,0.102,0.0,0.0,1.0,1.0,0.0,0.0,0.0,1.0,0.0,0.0,1.0,0.0,0.0,1.0,0.0,0.0,0.0,0.393939393939394,0.45833333333333326,0.5826050444903135,0
0.7824103183150795,0.47403795200027954,0.5354656364574275,0.0,0.0,0.32857142857142874,0.3500000000000001,2024,6,0.2057,1.0,0.0,0.0,1.0,0.0,0.0,1.0,0.0,0.0,0.0,0.0,1.0,0.0,0.0,1.0,0.0,0.0,0.38383838383838387,0.32638888888888906,0.17313381693596927,1
0.38823676709842325,0.47403795200027954,0.5354656364574275,0.0,0.0,0.8000000000000003,0.20000000000000018,2021,4,0.185,1.0,0.0,0.0,0.0,0.0,1.0,1.0,0.0,0.0,0.0,1.0,0.0,0.0,0.0,0.0,1.0,0.0,0.7777777777777779,0.4722222222222223,0.5826050444903135,0
0.38823676709842325,0.47403795200027954,0.43085020575924027,1.0000000000000004,0.0,0.4285714285714286,0.5,2025,9,0.2057,0.0,0.0,1.0,1.0,0.0,0.0,0.0,1.0,0.0,0.0,0.0,0.0,1.0,0.0,0.0,1.0,0.0,0.393939393939394,0.45833333333333326,0.6427439125168093,1
0.988998699993175,0.20541002973476497,0.5354656364574275,0.0,1.0,0.4285714285714286,0.5,2021,12,0.3999,1.0,0.0,0.0,1.0,0.0,0.0,1.0,0.0,0.0,0.0,1.0,0.0,0.0,0.0,0.0,1.0,0.0,0.393939393939394,0.45833333333333326,0.007599980034583148,0
0.6596842761989657,0.447517537800759,0.5354656364574275,1.0000000000000004,0.0,0.4285714285714286,0.5,2022,1,0.3999,0.0,1.0,0.0,0.0,0.0,1.0,0.0,0.0,1.0,0.0,1.0,0.0,0.0,0.0,1.0,0.0,0.0,0.393939393939394,0.45833333333333326,0.34478095320423274,1
0.38823676709842325,0.447517537800759,0.5354656364574275,1.0000000000000004,0.0,0.4285714285714286,0.5,2022,3,0.102,0.0,0.0,1.0,0.0,0.0,1.0,0.0,0.0,1.0,0.0,0.0,1.0,0.0,0.0,1.0,0.0,0.0,0.393939393939394,0.45833333333333326,0.6427439125168093,0
0.38823676709842325,0.447517537800759,0.5354656364574275,0.0,0.0,0.4285714285714286,0.5,2023,11,0.3999,0.0,1.0,0.0,0.0,0.0,1.0,0.0,1.0,0.0,0.0,0.0,1.0,0.0,0.0,0.0,0.0,1.0,0.393939393939394,0.45833333333333326,0.5826050444903135,0
0.5384272503221113,0.447517537800759,0.5354656364574275,0.0,0.0,0.4285714285714286,0.5,2020,11,0.2057,1.0,0.0,0.0,0.0,1.0,0.0,1.0,0.0,0.0,0.0,1.0,0.0,0.0,0.0,0.0,0.0,1.0,0.393939393939394,0.45833333333333326,0.41264408810387754,1
0.38823676709842325,0.47403795200027954,0.04452296644768605,0.0,1.0,0.4285714285714286,0.5,2022,11,0.1074,0.0,0.0,1.0,0.0,1.0,0.0,0.0,1.0,0.0,0.0,0.0,1.0,0.0,0.0,0.0,0.0,1.0,0.393939393939394,0.45833333333333326,0.5826050444903135,1
0.6596842761989657,0.47403795200027954,0.5354656364574275,0.0,0.0,0.4285714285714286,0.5,2021,1,0.3999,0.0,1.0,0.0,0.0,0.0,1.0,0.0,0.0,0.0,1.0,1.0,0.0,0.0,0.0,0.0,1.0,0.0,0.393939393939394,0.45833333333333326,0.28844180225299054,1
0.9934664678721488,0.47403795200027954,0.476847824478952,0.0,0.0,0.4285714285714286,0.5,2023,2,0.3999,1.0,0.0,0.0,0.0,1.0,0.0,0.0,0.0,1.0,0.0,0.0,0.0,1.0,0.0,0.0,0.0,1.0,0.393939393939394,0.45833333333333326,0.004497121634643941,1
0.7059613126314263,0.6543451464146908,0.5354656364574275,0.0,0.0,0.5857142857142859,0.07500000000000018,2020,10,0.3999,0.0,1.0,0.0,0.0,0.0,1.0,1.0,0.0,0.0,0.0,0.0,0.0,1.0,0.0,0.0,0.0,1.0,0.6767676767676769,0.2986111111111114,0.2436929589308451,0
0.38823676709842325,0.447517537800759,0.5210871358800633,1.0000000000000004,0.0,0.4285714285714286,0.5,2024,11,0.3999,1.0,0.0,0.0,0.0,0.0,1.0,0.0,0.0,0.0,1.0,0.0,1.0,0.0,0.0,1.0,0.0,0.0,0.393939393939394,0.45833333333333326,0.6427439125168093,1
0.7059613126314263,0.47403795200027954,0.5354656364574275,0.0,0.0,0.4285714285714286,0.5,2025,2,0.3999,0.0,0.0,1.0,1.0,0.0,0.0,1.0,0.0,0.0,0.0,0.0,1.0,0.0,0.0,0.0,0.0,1.0,0.393939393939394,0.45833333333333326,0.2436929589308451,1
0.8871587529039012,0.47403795200027954,0.5354656364574275,0.0,0.0,0.11428571428571432,0.375,2024,7,0.3999,0.0,1.0,0.0,1.0,0.0,0.0,0.0,0.0,0.0,1.0,0.0,1.0,0.0,0.0,1.0,0.0,0.0,0.22222222222222224,0.23611111111111138,0.08411262040353126,0
0.38823676709842325,0.47403795200027954,0.5354656364574275,0.0,1.0,0.4285714285714286,0.5,2023,10,0.185,0.0,1.0,0.0,0.0,0.0,1.0,1.0,0.0,0.0,0.0,1.0,0.0,0.0,0.0,0.0,0.0,1.0,0.393939393939394,0.45833333333333326,0.5826050444903135,1
0.6596842761989657,0.47403795200027954,0.5354656364574275,0.0,0.0,0.4285714285714286,0.5,2024,9,0.2057,1.0,0.0,0.0,0.0,0.0,1.0,1.0,0.0,0.0,0.0,0.0,1.0,0.0,0.0,0.0,1.0,0.0,0.393939393939394,0.45833333333333326,0.28844180225299054,0
0.38823676709842325,0.47403795200027954,0.5354656364574275,1.0000000000000004,0.0,0.4285714285714286,0.5,2023,11,0.2057,1.0,0.0,0.0,0.0,1.0,0.0,0.0,1.0,0.0,0.0,0.0,1.0,0.0,0.0,0.0,0.0,1.0,0.393939393939394,0.45833333333333326,0.6427439125168093,0
0.38823676709842325,0.47403795200027954,0.5354656364574275,1.0000000000000004,0.0,0.47142857142857153,0.8250000000000002,2025,1,0.3999,0.0,1.0,0.0,0.0,0.0,1.0,1.0,0.0,0.0,0.0,0.0,1.0,0.0,1.0,0.0,0.0,0.0,0.29292929292929293,0.6597222222222221,0.6427439125168093,1
0.38823676709842325,0.47403795200027954,0.5354656364574275,0.0,0.0,0.9857142857142858,0.75,2023,3,0.3999,0.0,0.0,1.0,0.0,0.0,1.0,1.0,0.0,0.0,0.0,1.0,0.0,0.0,0.0,0.0,0.0,1.0,0.686868686868687,0.8680555555555556,0.5826050444903135,0
0.6596842761989657,0.968779301254282,0.5354656364574275,0.0,1.0,0.4285714285714286,0.5,2023,7,0.185,0.0,0.0,1.0,1.0,0.0,0.0,0.0,0.0,0.0,1.0,0.0,0.0,1.0,0.0,0.0,1.0,0.0,0.393939393939394,0.45833333333333326,0.28844180225299054,1
0.38823676709842325,0.447517537800759,0.2984254400388755,0.0,1.0,0.4285714285714286,0.5,2021,9,0.3999,0.0,0.0,1.0,0.0,1.0,0.0,0.0,0.0,1.0,0.0,0.0,1.0,0.0,0.0,0.0,0.0,1.0,0.393939393939394,0.45833333333333326,0.5826050444903135,0
0.38823676709842325,0.447517537800759,0.5354656364574275,0.0,0.0,0.4285714285714286,0.5,2023,5,0.2057,1.0,0.0,0.0,0.0,1.0,0.0,0.0,0.0,1.0,0.0,0.0,1.0,0.0,1.0,0.0,0.0,0.0,0.393939393939394,0.45833333333333326,0.5826050444903135,1
0.6886177335457992,0.47403795200027954,0.5354656364574275,0.0,1.0,0.4285714285714286,0.5,2023,4,0.3999,1.0,0.0,0.0,1.0,0.0,0.0,1.0,0.0,0.0,0.0,0.0,1.0,0.0,1.0,0.0,0.0,0.0,0.393939393939394,0.45833333333333326,0.26029014010964224,0
0.9521851354989413,0.47403795200027954,0.5354656364574275,0.0,0.0,0.4285714285714286,0.5,2023,4,0.2057,0.0,1.0,0.0,0.0,1.0,0.0,1.0,0.0,0.0,0.0,0.0,0.0,1.0,0.0,0.0,1.0,0.0,0.393939393939394,0.45833333333333326,0.034004338394475614,0
0.6596842761989657,0.447517537800759,0.8247618112730857,0.0,0.0,0.4285714285714286,0.5,2024,4,0.2057,0.0,1.0,0.0,0.0,0.0,1.0,0.0,0.0,1.0,0.0,0.0,0.0,1.0,1.0,0.0,0.0,0.0,0.393939393939394,0.45833333333333326,0.28844180225299054,0
0.38823676709842325,0.47403795200027954,0.5354656364574275,0.0,0.0,0.4285714285714286,0.5,2023,1,0.3999,0.0,0.0,1.0,0.0,0.0,1.0,0.0,0.0,0.0,1.0,0.0,0.0,1.0,0.0,0.0,0.0,1.0,0.393939393939394,0.45833333333333326,0.5826050444903135,1
0.7059613126314263,0.23760903216621498,0.04452296644768605,1.0000000000000004,0.0,0.4285714285714286,0.5,2022,5,0.3999,0.0,1.0,0.0,0.0,0.0,1.0,1.0,0.0,0.0,0.0,0.0,1.0,0.0,0.0,0.0,0.0,1.0,0.393939393939394,0.45833333333333326,0.29887056355028807,0
0.38823676709842325,0.3411937460330492,0.5354656364574275,0.0,0.0,0.4285714285714286,0.5,2025,6,0.102,0.0,1.0,0.0,1.0,0.0,0.0,1.0,0.0,0.0,0.0,0.0,1.0,0.0,0.0,0.0,0.0,1.0,0.393939393939394,0.45833333333333326,0.5826050444903135,1
0.9651638088320625,0.47403795200027954,0.5354656364574275,1.0000000000000004,0.0,0.4285714285714286,0.5,2024,6,0.185,0.0,1.0,0.0,0.0,0.0,1.0,0.0,0.0,1.0,0.0,0.0,1.0,0.0,1.0,0.0,0.0,0.0,0.393939393939394,0.45833333333333326,0.06877073913735623,1
0.6596842761989657,0.47403795200027954,0.5354656364574275,1.0000000000000004,0.0,0.4285714285714286,0.5,2024,4,0.3999,0.0,1.0,0.0,0.0,1.0,0.0,0.0,1.0,0.0,0.0,1.0,0.0,0.0,0.0,1.0,0.0,0.0,0.393939393939394,0.45833333333333326,0.34478095320423274,0
0.38823676709842325,0.447517537800759,0.5354656364574275,0.0,1.0,0.4285714285714286,0.5,2025,1,0.2057,1.0,0.0,0.0,1.0,0.0,0.0,0.0,1.0,0.0,0.0,1.0,0.0,0.0,1.0,0.0,0.0,0.0,0.393939393939394,0.45833333333333326,0.5826050444903135,0
0.7059613126314263,0.47403795200027954,0.5354656364574275,1.0000000000000004,0.0,0.4285714285714286,0.5,2024,9,0.102,1.0,0.0,0.0,0.0,0.0,1.0,0.0,0.0,0.0,1.0,1.0,0.0,0.0,0.0,1.0,0.0,0.0,0.393939393939394,0.45833333333333326,0.29887056355028807,0
0.6596842761989657,0.447517537800759,0.5354656364574275,0.0,0.0,0.4285714285714286,0.5,2022,10,0.1074,0.0,0.0,1.0,0.0,0.0,1.0,0.0,1.0,0.0,0.0,1.0,0.0,0.0,0.0,0.0,0.0,1.0,0.393939393939394,0.45833333333333326,0.28844180225299054,1
0.38823676709842325,0.47403795200027954,0.5775595266479012,0.0,0.0,0.4285714285714286,0.5,2020,9,0.1074,0.0,1.0,0.0,0.0,0.0,1.0,0.0,0.0,0.0,1.0,0.0,1.0,0.0,0.0,0.0,0.0,1.0,0.393939393939394,0.45833333333333326,0.5826050444903135,0
0.38823676709842325,0.47403795200027954,0.5354656364574275,0.0,1.0,0.6285714285714286,0.7000000000000002,2020,10,0.3999,0.0,0.0,1.0,0.0,1.0,0.0,0.0,0.0,1.0,0.0,1.0,0.0,0.0,0.0,0.0,0.0,1.0,0.4545454545454546,0.6666666666666667,0.5826050444903135,0
0.897730560073701,0.47403795200027954,0.5354656364574275,0.0,0.0,0.41428571428571437,0.375,2024,8,0.3999,0.0,0.0,1.0,0.0,0.0,1.0,0.0,1.0,0.0,0.0,1.0,0.0,0.0,0.0,0.0,0.0,1.0,0.43434343434343436,0.38194444444444464,0.07567887812750071,1
0.38823676709842325,0.47403795200027954,0.5354656364574275,0.0,0.0,0.4285714285714286,0.5,2025,5,0.3999,0.0,0.0,1.0,0.0,1.0,0.0,1.0,0.0,0.0,0.0,1.0,0.0,0.0,0.0,0.0,0.0,1.0,0.393939393939394,0.45833333333333326,0.5826050444903135,0
0.9600652426463415,0.2312361408186021,0.2984254400388755,0.0,0.0,0.4285714285714286,0.5,2023,8,0.185,0.0,0.0,1.0,0.0,1.0,0.0,1.0,0.0,0.0,0.0,1.0,0.0,0.0,0.0,0.0,0.0,1.0,0.393939393939394,0.45833333333333326,0.028228587237241004,0
0.6596842761989657,0.47403795200027954,0.5354656364574275,0.0,0.0,0.4285714285714286,0.5,2022,6,0.2057,0.0,1.0,0.0,1.0,0.0,0.0,1.0,0.0,0.0,0.0,0.0,1.0,0.0,0.0,0.0,1.0,0.0,0.393939393939394,0.45833333333333326,0.28844180225299054,0
0.9174422399472292,0.47403795200027954,0.3158310975377949,1.0000000000000004,0.0,0.7,0.27500000000000013,2020,9,0.102,0.0,1.0,0.0,0.0,1.0,0.0,0.0,0.0,1.0,0.0,0.0,1.0,0.0,0.0,1.0,0.0,0.0,0.6767676767676769,0.4652777777777779,0.10711960453183664,0
0.38823676709842325,0.47403795200027954,0.5354656364574275,0.0,0.0,0.4285714285714286,0.5,2025,6,0.3999,1.0,0.0,0.0,0.0,0.0,1.0,0.0,0.0,0.0,1.0,0.0,1.0,0.0,0.0,0.0,0.0,1.0,0.393939393939394,0.45833333333333326,0.5826050444903135,0
0.7059613126314263,0.447517537800759,0.5354656364574275,0.0,1.0,0.4285714285714286,0.5,2021,9,0.3999,0.0,0.0,1.0,0.0,1.0,0.0,0.0,0.0,0.0,1.0,0.0,1.0,0.0,0.0,0.0,0.0,1.0,0.393939393939394,0.45833333333333326,0.2436929589308451,1
0.6596842761989657,0.47403795200027954,0.5354656364574275,1.0000000000000004,0.0,0.4285714285714286,0.5,2021,5,0.3999,0.0,0.0,1.0,1.0,0.0,0.0,1.0,0.0,0.0,0.0,0.0,1.0,0.0,0.0,0.0,0.0,1.0,0.393939393939394,0.45833333333333326,0.34478095320423274,1
0.38823676709842325,0.447517537800759,0.5354656364574275,0.0,0.0,0.4285714285714286,0.5,2020,9,0.3999,0.0,1.0,0.0,0.0,1.0,0.0,1.0,0.0,0.0,0.0,1.0,0.0,0.0,0.0,0.0,1.0,0.0,0.393939393939394,0.45833333333333326,0.5826050444903135,0
0.38823676709842325,0.47403795200027954,0.022475549143011975,0.0,1.0,0.4285714285714286,0.5,2024,9,0.3999,1.0,0.0,0.0,1.0,0.0,0.0,0.0,1.0,0.0,0.0,1.0,0.0,0.0,1.0,0.0,0.0,0.0,0.393939393939394,0.45833333333333326,0.5826050444903135,1
0.897730560073701,0.5747593573455676,0.18810825193982694,0.0,0.0,0.4285714285714286,0.5,2024,1,0.185,0.0,1.0,0.0,1.0,0.0,0.0,0.0,0.0,0.0,1.0,0.0,1.0,0.0,0.0,0.0,1.0,0.0,0.393939393939394,0.45833333333333326,0.07567887812750071,0
0.9821194217167522,0.47403795200027954,0.5354656364574275,1.0000000000000004,0.0,0.4285714285714286,0.5,2022,10,0.1074,0.0,1.0,0.0,1.0,0.0,0.0,0.0,0.0,1.0,0.0,1.0,0.0,0.0,0.0,1.0,0.0,0.0,0.393939393939394,0.45833333333333326,0.05566594341678102,1
0.38823676709842325,0.6543451464146908,0.5354656364574275,1.0000000000000004,1.0,0.4285714285714286,0.5,2025,7,0.2057,0.0,0.0,1.0,0.0,0.0,1.0,0.0,0.0,1.0,0.0,0.0,1.0,0.0,0.0,0.0,0.0,1.0,0.393939393939394,0.45833333333333326,0.6427439125168093,1
0.9383792523906672,0.82353494693001,0.5354656364574275,0.0,0.0,0.4285714285714286,0.5,2022,6,0.3999,0.0,0.0,1.0,0.0,1.0,0.0,0.0,0.0,1.0,0.0,0.0,1.0,0.0,1.0,0.0,0.0,0.0,0.393939393939394,0.45833333333333326,0.04428208726403157,0
0.4760925677494707,0.47403795200027954,0.5354656364574275,1.0000000000000004,0.0,0.4285714285714286,0.5,2024,7,0.102,1.0,0.0,0.0,1.0,0.0,0.0,0.0,1.0,0.0,0.0,0.0,1.0,0.0,0.0,0.0,1.0,0.0,0.393939393939394,0.45833333333333326,0.5400014609887337,0
0.7059613126314263,0.447517537800759,0.5354656364574275,0.0,0.0,0.4285714285714286,0.5,2021,4,0.1074,0.0,0.0,1.0,1.0,0.0,0.0,1.0,0.0,0.0,0.0,1.0,0.0,0.0,1.0,0.0,0.0,0.0,0.393939393939394,0.45833333333333326,0.2436929589308451,0
0.38823676709842325,0.2995895007389633,0.8791123785104213,0.0,0.0,0.4285714285714286,0.5,2025,2,0.1074,0.0,1.0,0.0,0.0,1.0,0.0,0.0,1.0,0.0,0.0,1.0,0.0,0.0,0.0,0.0,0.0,1.0,0.393939393939394,0.45833333333333326,0.5826050444903135,1
0.6596842761989657,0.447517537800759,0.5496677092603841,1.0000000000000004,0.0,0.4285714285714286,0.5,2024,2,0.185,1.0,0.0,0.0,1.0,0.0,0.0,0.0,1.0,0.0,0.0,0.0,1.0,0.0,0.0,1.0,0.0,0.0,0.393939393939394,0.45833333333333326,0.34478095320423274,0
0.38823676709842325,0.447517537800759,0.5354656364574275,0.0,0.0,0.4285714285714286,0.5,2020,7,0.2057,0.0,1.0,0.0,0.0,1.0,0.0,0.0,0.0,0.0,1.0,1.0,0.0,0.0,0.0,1.0,0.0,0.0,0.393939393939394,0.45833333333333326,0.5826050444903135,1
0.757619990357176,0.47403795200027954,0.3991371422078265,0.0,1.0,0.4285714285714286,0.5,2020,11,0.3999,0.0,1.0,0.0,0.0,1.0,0.0,0.0,0.0,1.0,0.0,1.0,0.0,0.0,1.0,0.0,0.0,0.0,0.393939393939394,0.45833333333333326,0.19553489140479943,0
0.7059613126314263,0.447517537800759,0.5354656364574275,1.0000000000000004,0.0,0.4285714285714286,0.5,2020,6,0.2057,0.0,1.0,0.0,1.0,0.0,0.0,0.0,0.0,1.0,0.0,0.0,1.0,0.0,1.0,0.0,0.0,0.0,0.393939393939394,0.45833333333333326,0.29887056355028807,0
0.6596842761989657,0.2751698566066043,0.5354656364574275,0.0,0.0,0.4285714285714286,0.5,2023,2,0.2057,0.0,1.0,0.0,0.0,1.0,0.0,0.0,1.0,0.0,0.0,0.0,0.0,1.0,0.0,0.0,0.0,1.0,0.393939393939394,0.45833333333333326,0.28844180225299054,0
0.38823676709842325,0.47403795200027954,0.5354656364574275,0.0,0.0,0.4285714285714286,0.5,2025,7,0.2057,1.0,0.0,0.0,1.0,0.0,0.0,1.0,0.0,0.0,0.0,0.0,1.0,0.0,0.0,0.0,0.0,1.0,0.393939393939394,0.45833333333333326,0.5826050444903135,0
0.7369682696802135,0.47403795200027954,0.8576774249708521,0.0,0.0,0.4285714285714286,0.5,2023,5,0.3999,0.0,0.0,1.0,1.0,0.0,0.0,1.0,0.0,0.0,0.0,1.0,0.0,0.0,0.0,0.0,1.0,0.0,0.393939393939394,0.45833333333333326,0.21455289713415707,1
0.38823676709842325,0.47403795200027954,0.5354656364574275,0.0,0.0,0.4285714285714286,0.5,2025,7,0.3999,1.0,0.0,0.0,1.0,0.0,0.0,0.0,1.0,0.0,0.0,1.0,0.0,0.0,0.0,0.0,1.0,0.0,0.393939393939394,0.45833333333333326,0.5826050444903135,1
0.6596842761989657,0.6498031459531934,0.06615825826759014,0.0,0.0,0.4285714285714286,0.5,2020,1,0.185,1.0,0.0,0.0,1.0,0.0,0.0,0.0,1.0,0.0,0.0,0.0,0.0,1.0,0.0,0.0,0.0,1.0,0.393939393939394,0.45833333333333326,0.28844180225299054,1
0.6596842761989657,0.447517537800759,0.5354656364574275,1.0000000000000004,0.0,0.4285714285714286,0.5,2022,12,0.3999,0.0,0.0,1.0,0.0,1.0,0.0,1.0,0.0,0.0,0.0,1.0,0.0,0.0,0.0,1.0,0.0,0.0,0.393939393939394,0.45833333333333326,0.34478095320423274,1
0.6596842761989657,0.82353494693001,0.5354656364574275,0.0,0.0,0.4285714285714286,0.5,2023,1,0.2057,0.0,1.0,0.0,0.0,1.0,0.0,1.0,0.0,0.0,0.0,1.0,0.0,0.0,0.0,0.0,0.0,1.0,0.393939393939394,0.45833333333333326,0.28844180225299054,0
0.38823676709842325,0.447517537800759,0.5354656364574275,0.0,0.0,0.4285714285714286,0.5,2023,9,0.2057,0.0,0.0,1.0,0.0,0.0,1.0,1.0,0.0,0.0,0.0,1.0,0.0,0.0,1.0,0.0,0.0,0.0,0.393939393939394,0.45833333333333326,0.5826050444903135,0
0.38823676709842325,0.447517537800759,0.5354656364574275,1.0000000000000004,1.0,0.5142857142857145,0.07500000000000018,2020,4,0.3999,0.0,1.0,0.0,0.0,0.0,1.0,0.0,0.0,1.0,0.0,1.0,0.0,0.0,1.0,0.0,0.0,0.0,0.6262626262626264,0.26388888888888906,0.6427439125168093,1
0.9205599781297086,0.47403795200027954,0.5354656364574275,0.0,0.0,0.4285714285714286,0.5,2025,1,0.2057,1.0,0.0,0.0,1.0,0.0,0.0,0.0,1.0,0.0,0.0,0.0,1.0,0.0,0.0,1.0,0.0,0.0,0.393939393939394,0.45833333333333326,0.05784033428027044,1
0.6596842761989657,0.447517537800759,0.8135785898623755,0.0,1.0,0.44285714285714284,0.9250000000000003,2025,2,0.3999,0.0,1.0,0.0,1.0,0.0,0.0,0.0,0.0,1.0,0.0,0.0,1.0,0.0,0.0,0.0,0.0,1.0,0.23232323232323232,0.7013888888888891,0.28844180225299054,0
0.6697641897061286,0.447517537800759,0.5354656364574275,1.0000000000000004,0.0,0.12857142857142856,0.625,2021,12,0.2057,0.0,1.0,0.0,1.0,0.0,0.0,1.0,0.0,0.0,0.0,0.0,0.0,1.0,0.0,0.0,1.0,0.0,0.13131313131313133,0.38194444444444464,0.33467202956670916,0
0.38823676709842325,0.47403795200027954,0.5354656364574275,0.0,1.0,0.4285714285714286,0.5,2025,3,0.3999,1.0,0.0,0.0,0.0,1.0,0.0,1.0,0.0,0.0,0.0,0.0,0.0,1.0,0.0,0.0,0.0,1.0,0.393939393939394,0.45833333333333326,0.5826050444903135,1
0.7059613126314263,0.447517537800759,0.5354656364574275,0.0,0.0,0.4285714285714286,0.5,2022,7,0.3999,0.0,0.0,1.0,1.0,0.0,0.0,0.0,0.0,1.0,0.0,1.0,0.0,0.0,0.0,1.0,0.0,0.0,0.393939393939394,0.45833333333333326,0.2436929589308451,0
0.6596842761989657,0.47403795200027954,0.5354656364574275,0.0,1.0,0.2571428571428571,0.4500000000000002,2020,2,0.3999,1.0,0.0,0.0,0.0,0.0,1.0,0.0,1.0,0.0,0.0,0.0,1.0,0.0,0.0,0.0,0.0,1.0,0.29292929292929293,0.3472222222222223,0.28844180225299054,1
0.6596842761989657,0.47403795200027954,0.7321160261480628,0.0,0.0,0.4285714285714286,0.5,2022,6,0.185,1.0,0.0,0.0,0.0,0.0,1.0,1.0,0.0,0.0,0.0,0.0,1.0,0.0,0.0,0.0,0.0,1.0,0.393939393939394,0.45833333333333326,0.28844180225299054,1
0.38823676709842325,0.47403795200027954,0.8576774249708521,1.0000000000000004,0.0,0.4285714285714286,0.5,2023,12,0.102,0.0,0.0,1.0,1.0,0.0,0.0,0.0,0.0,1.0,0.0,1.0,0.0,0.0,0.0,0.0,0.0,1.0,0.393939393939394,0.45833333333333326,0.6427439125168093,0
0.649112469029166,0.47403795200027954,0.5354656364574275,0.0,0.0,0.4285714285714286,0.5,2022,2,0.3999,0.0,1.0,0.0,0.0,1.0,0.0,0.0,1.0,0.0,0.0,1.0,0.0,0.0,0.0,1.0,0.0,0.0,0.393939393939394,0.45833333333333326,0.29887056355028807,1
0.7059613126314263,0.447517537800759,0.7321160261480628,1.0000000000000004,0.0,0.4285714285714286,0.5,2022,2,0.3999,0.0,0.0,1.0,0.0,1.0,0.0,1.0,0.0,0.0,0.0,1.0,0.0,0.0,0.0,1.0,0.0,0.0,0.393939393939394,0.45833333333333326,0.29887056355028807,1
0.6596842761989657,0.447517537800759,0.5354656364574275,0.0,0.0,0.4285714285714286,0.5,2021,7,0.2057,0.0,0.0,1.0,0.0,0.0,1.0,0.0,0.0,1.0,0.0,1.0,0.0,0.0,0.0,0.0,1.0,0.0,0.393939393939394,0.45833333333333326,0.28844180225299054,0
0.38823676709842325,0.47403795200027954,0.5354656364574275,0.0,0.0,0.4285714285714286,0.5,2024,12,0.185,0.0,1.0,0.0,1.0,0.0,0.0,0.0,0.0,1.0,0.0,0.0,0.0,1.0,0.0,0.0,0.0,1.0,0.393939393939394,0.45833333333333326,0.5826050444903135,1
0.6596842761989657,0.47403795200027954,0.5354656364574275,0.0,1.0,0.4285714285714286,0.5,2023,7,0.185,1.0,0.0,0.0,0.0,1.0,0.0,0.0,0.0,1.0,0.0,1.0,0.0,0.0,0.0,0.0,0.0,1.0,0.393939393939394,0.45833333333333326,0.28844180225299054,0
0.8046533244696281,0.20541002973476497,0.5354656364574275,0.0,0.0,0.4285714285714286,0.5,2020,12,0.3999,1.0,0.0,0.0,0.0,1.0,0.0,1.0,0.0,0.0,0.0,0.0,0.0,1.0,0.0,0.0,1.0,0.0,0.393939393939394,0.45833333333333326,0.15344736073036283,0
0.5384272503221113,0.7627762675498357,0.5354656364574275,0.0,0.0,0.4285714285714286,0.5,2022,3,0.3999,0.0,0.0,1.0,0.0,1.0,0.0,0.0,0.0,1.0,0.0,1.0,0.0,0.0,1.0,0.0,0.0,0.0,0.393939393939394,0.45833333333333326,0.41264408810387754,1
0.6596842761989657,0.47403795200027954,0.7321160261480628,0.0,0.0,0.4285714285714286,0.5,2021,7,0.2057,1.0,0.0,0.0,1.0,0.0,0.0,1.0,0.0,0.0,0.0,1.0,0.0,0.0,0.0,0.0,0.0,1.0,0.393939393939394,0.45833333333333326,0.28844180225299054,1
0.7059613126314263,0.47403795200027954,0.3158310975377949,1.0000000000000004,0.0,0.4285714285714286,0.5,2022,9,0.3999,1.0,0.0,0.0,1.0,0.0,0.0,0.0,1.0,0.0,0.0,1.0,0.0,0.0,1.0,0.0,0.0,0.0,0.393939393939394,0.45833333333333326,0.29887056355028807,1
0.6596842761989657,0.47403795200027954,0.5354656364574275,0.0,1.0,0.4285714285714286,0.5,2020,7,0.1074,0.0,0.0,1.0,0.0,1.0,0.0,0.0,0.0,0.0,1.0,0.0,1.0,0.0,0.0,1.0,0.0,0.0,0.393939393939394,0.45833333333333326,0.28844180225299054,1
0.7059613126314263,0.447517537800759,0.5354656364574275,0.0,1.0,0.4285714285714286,0.5,2023,8,0.2057,0.0,1.0,0.0,1.0,0.0,0.0,1.0,0.0,0.0,0.0,0.0,1.0,0.0,0.0,0.0,1.0,0.0,0.393939393939394,0.45833333333333326,0.2436929589308451,1
0.38823676709842325,0.47403795200027954,0.5354656364574275,0.0,0.0,0.4285714285714286,0.5,2023,9,0.3999,0.0,1.0,0.0,1.0,0.0,0.0,0.0,0.0,1.0,0.0,0.0,0.0,1.0,0.0,0.0,0.0,1.0,0.393939393939394,0.45833333333333326,0.5826050444903135,1
0.38823676709842325,0.47403795200027954,0.5354656364574275,1.0000000000000004,0.0,0.4285714285714286,0.5,2020,5,0.3999,1.0,0.0,0.0,1.0,0.0,0.0,0.0,0.0,1.0,0.0,0.0,1.0,0.0,0.0,0.0,0.0,1.0,0.393939393939394,0.45833333333333326,0.6427439125168093,1
0.7059613126314263,0.447517537800759,0.5354656364574275,0.0,0.0,0.4285714285714286,0.5,2023,1,0.3999,1.0,0.0,0.0,0.0,0.0,1.0,0.0,1.0,0.0,0.0,0.0,1.0,0.0,0.0,0.0,0.0,1.0,0.393939393939394,0.45833333333333326,0.2436929589308451,1
0.6596842761989657,0.47403795200027954,0.5354656364574275,0.0,0.0,0.4285714285714286,0.5,2023,12,0.3999,1.0,0.0,0.0,0.0,0.0,1.0,0.0,0.0,0.0,1.0,1.0,0.0,0.0,0.0,0.0,0.0,1.0,0.393939393939394,0.45833333333333326,0.28844180225299054,1
0.6596842761989657,0.447517537800759,0.5354656364574275,1.0000000000000004,0.0,0.4285714285714286,0.5,2023,2,0.185,0.0,0.0,1.0,1.0,0.0,0.0,0.0,0.0,1.0,0.0,0.0,1.0,0.0,0.0,1.0,0.0,0.0,0.393939393939394,0.45833333333333326,0.34478095320423274,0
0.6596842761989657,0.47403795200027954,0.5354656364574275,0.0,0.0,0.4285714285714286,0.5,2023,1,0.2057,1.0,0.0,0.0,1.0,0.0,0.0,1.0,0.0,0.0,0.0,1.0,0.0,0.0,0.0,0.0,1.0,0.0,0.393939393939394,0.45833333333333326,0.28844180225299054,0
0.7059613126314263,0.7751698566066048,0.5354656364574275,0.0,0.0,0.9142857142857141,0.40000000000000013,2020,1,0.102,0.0,1.0,0.0,0.0,0.0,1.0,0.0,0.0,1.0,0.0,0.0,0.0,1.0,0.0,0.0,0.0,1.0,0.7777777777777779,0.6388888888888891,0.2436929589308451,0
0.6596842761989657,0.5203831373164682,0.5354656364574275,0.0,1.0,0.4285714285714286,0.5,2021,11,0.102,1.0,0.0,0.0,0.0,1.0,0.0,0.0,0.0,1.0,0.0,0.0,0.0,1.0,1.0,0.0,0.0,0.0,0.393939393939394,0.45833333333333326,0.28844180225299054,1
0.7059613126314263,0.13146597934860837,0.5354656364574275,0.0,0.0,0.4285714285714286,0.5,2020,11,0.3999,0.0,1.0,0.0,1.0,0.0,0.0,0.0,0.0,1.0,0.0,0.0,1.0,0.0,0.0,1.0,0.0,0.0,0.393939393939394,0.45833333333333326,0.2436929589308451,0
0.38823676709842325,0.958194242861167,0.5354656364574275,0.0,0.0,0.4285714285714286,0.5,2023,8,0.102,0.0,0.0,1.0,0.0,0.0,1.0,1.0,0.0,0.0,0.0,0.0,0.0,1.0,1.0,0.0,0.0,0.0,0.393939393939394,0.45833333333333326,0.5826050444903135,0
0.38823676709842325,0.47403795200027954,0.5354656364574275,0.0,0.0,0.4285714285714286,0.5,2025,8,0.3999,0.0,1.0,0.0,1.0,0.0,0.0,0.0,0.0,1.0,0.0,0.0,1.0,0.0,1.0,0.0,0.0,0.0,0.393939393939394,0.45833333333333326,0.5826050444903135,1
0.8643293348478939,0.447517537800759,0.5354656364574275,1.0000000000000004,1.0,0.4285714285714286,0.5,2021,7,0.102,0.0,0.0,1.0,1.0,0.0,0.0,0.0,0.0,0.0,1.0,0.0,1.0,0.0,0.0,1.0,0.0,0.0,0.393939393939394,0.45833333333333326,0.15215632829875317,1
0.9355092890383155,0.9475175378007594,0.0,0.0,0.0,0.41428571428571437,0.10000000000000009,2023,10,0.3999,0.0,0.0,1.0,1.0,0.0,0.0,1.0,0.0,0.0,0.0,1.0,0.0,0.0,0.0,0.0,0.0,1.0,0.5454545454545455,0.22916666666666674,0.04644367765757876,0
0.38823676709842325,0.47403795200027954,0.5354656364574275,1.0000000000000004,0.0,0.4285714285714286,0.5,2024,9,0.185,1.0,0.0,0.0,1.0,0.0,0.0,0.0,0.0,1.0,0.0,1.0,0.0,0.0,0.0,0.0,0.0,1.0,0.393939393939394,0.45833333333333326,0.6427439125168093,0
0.7059613126314263,0.47403795200027954,0.16865477869575418,0.0,0.0,0.4285714285714286,0.5,2020,6,0.3999,0.0,1.0,0.0,0.0,1.0,0.0,0.0,0.0,1.0,0.0,0.0,0.0,1.0,0.0,0.0,1.0,0.0,0.393939393939394,0.45833333333333326,0.2436929589308451,0
0.7059613126314263,0.47403795200027954,0.5354656364574275,0.0,0.0,0.4285714285714286,0.5,2024,1,0.2057,0.0,1.0,0.0,0.0,0.0,1.0,1.0,0.0,0.0,0.0,0.0,1.0,0.0,1.0,0.0,0.0,0.0,0.393939393939394,0.45833333333333326,0.2436929589308451,1
0.9626295218680472,0.9222397504666229,0.5354656364574275,0.0,0.0,0.2714285714285716,0.10000000000000009,2022,3,0.2057,0.0,0.0,1.0,0.0,1.0,0.0,0.0,0.0,1.0,0.0,1.0,0.0,0.0,0.0,0.0,0.0,1.0,0.4444444444444445,0.15972222222222232,0.02636345370865137,1
0.9750145535549487,0.447517537800759,0.6702053117729241,0.0,0.0,0.4285714285714286,0.5,2022,6,0.3999,1.0,0.0,0.0,0.0,1.0,0.0,0.0,0.0,1.0,0.0,0.0,0.0,1.0,0.0,1.0,0.0,0.0,0.393939393939394,0.45833333333333326,0.017455542501302573,1
0.6596842761989657,0.447517537800759,0.5354656364574275,0.0,0.0,0.4285714285714286,0.5,2023,3,0.185,0.0,0.0,1.0,0.0,1.0,0.0,1.0,0.0,0.0,0.0,0.0,1.0,0.0,1.0,0.0,0.0,0.0,0.393939393939394,0.45833333333333326,0.28844180225299054,1
0.6596842761989657,0.47403795200027954,0.5354656364574275,1.0000000000000004,0.0,0.4285714285714286,0.5,2022,9,0.3999,1.0,0.0,0.0,1.0,0.0,0.0,0.0,1.0,0.0,0.0,1.0,0.0,0.0,0.0,0.0,1.0,0.0,0.393939393939394,0.45833333333333326,0.34478095320423274,0
0.6596842761989657,0.525426709709921,0.24458064270766489,0.0,0.0,0.4285714285714286,0.5,2024,1,0.1074,1.0,0.0,0.0,1.0,0.0,0.0,0.0,1.0,0.0,0.0,1.0,0.0,0.0,0.0,0.0,0.0,1.0,0.393939393939394,0.45833333333333326,0.28844180225299054,0
0.6007619328947518,0.47403795200027954,0.5354656364574275,1.0000000000000004,0.0,0.4285714285714286,0.5,2020,8,0.3999,0.0,1.0,0.0,0.0,1.0,0.0,0.0,0.0,1.0,0.0,0.0,0.0,1.0,1.0,0.0,0.0,0.0,0.393939393939394,0.45833333333333326,0.4050825638444133,0
0.9205599781297086,0.447517537800759,0.5354656364574275,0.0,0.0,0.4285714285714286,0.5,2024,1,0.3999,0.0,0.0,1.0,1.0,0.0,0.0,1.0,0.0,0.0,0.0,0.0,1.0,0.0,0.0,0.0,0.0,1.0,0.393939393939394,0.45833333333333326,0.05784033428027044,1
0.38823676709842325,0.447517537800759,0.5354656364574275,0.0,0.0,0.2857142857142858,0.75,2025,1,0.2057,0.0,0.0,1.0,1.0,0.0,0.0,0.0,0.0,1.0,0.0,1.0,0.0,0.0,0.0,0.0,0.0,1.0,0.19191919191919193,0.5277777777777779,0.5826050444903135,0
0.38823676709842325,0.47403795200027954,0.5354656364574275,0.0,0.0,1.0,0.25,2023,9,0.3999,0.0,0.0,1.0,1.0,0.0,0.0,1.0,0.0,0.0,0.0,0.0,0.0,1.0,1.0,0.0,0.0,0.0,0.8989898989898991,0.5972222222222221,0.5826050444903135,1
0.7938171132824735,0.24394915786088633,0.3329788839402372,0.0,0.0,0.4285714285714286,0.5,2023,11,0.3999,0.0,0.0,1.0,0.0,0.0,1.0,0.0,1.0,0.0,0.0,0.0,1.0,0.0,0.0,0.0,0.0,1.0,0.393939393939394,0.45833333333333326,0.16298828743946173,0
0.6596842761989657,0.20541002973476497,0.5354656364574275,0.0,0.0,0.4285714285714286,0.5,2022,3,0.102,0.0,0.0,1.0,0.0,0.0,1.0,1.0,0.0,0.0,0.0,0.0,1.0,0.0,0.0,0.0,0.0,1.0,0.393939393939394,0.45833333333333326,0.28844180225299054,0
0.6596842761989657,0.1656274916407412,0.5354656364574275,0.0,0.0,0.4285714285714286,0.5,2023,1,0.3999,0.0,0.0,1.0,1.0,0.0,0.0,0.0,0.0,1.0,0.0,0.0,1.0,0.0,0.0,0.0,1.0,0.0,0.393939393939394,0.45833333333333326,0.28844180225299054,0
0.38823676709842325,0.47403795200027954,0.3829487047303832,0.0,1.0,0.4285714285714286,0.5,2021,9,0.185,1.0,0.0,0.0,0.0,1.0,0.0,0.0,0.0,1.0,0.0,1.0,0.0,0.0,0.0,0.0,0.0,1.0,0.393939393939394,0.45833333333333326,0.5826050444903135,1
0.9266640174205345,0.447517537800759,0.5354656364574275,0.0,0.0,0.4285714285714286,0.5,2024,3,0.185,1.0,0.0,0.0,1.0,0.0,0.0,1.0,0.0,0.0,0.0,0.0,0.0,1.0,1.0,0.0,0.0,0.0,0.393939393939394,0.45833333333333326,0.053159268691928246,1
0.7059613126314263,0.47403795200027954,0.5354656364574275,0.0,0.0,0.4285714285714286,0.5,2021,1,0.3999,1.0,0.0,0.0,0.0,0.0,1.0,0.0,0.0,1.0,0.0,0.0,1.0,0.0,0.0,0.0,1.0,0.0,0.393939393939394,0.45833333333333326,0.2436929589308451,0
0.7059613126314263,0.34702426153413235,0.5354656364574275,0.0,0.0,0.7714285714285714,0.875,2023,9,0.102,0.0,1.0,0.0,1.0,0.0,0.0,0.0,0.0,1.0,0.0,0.0,1.0,0.0,1.0,0.0,0.0,0.0,0.48484848484848486,0.8333333333333333,0.2436929589308451,0
0.7059613126314263,0.47403795200027954,0.5354656364574275,0.0,1.0,0.8142857142857145,0.4750000000000001,2022,3,0.3999,0.0,0.0,1.0,0.0,0.0,1.0,1.0,0.0,0.0,0.0,0.0,0.0,1.0,0.0,1.0,0.0,0.0,0.6767676767676769,0.6319444444444444,0.2436929589308451,1
0.38823676709842325,0.47403795200027954,0.7559819110879777,0.0,0.0,0.4285714285714286,0.5,2022,1,0.2057,1.0,0.0,0.0,1.0,0.0,0.0,0.0,0.0,1.0,0.0,1.0,0.0,0.0,0.0,0.0,0.0,1.0,0.393939393939394,0.45833333333333326,0.5826050444903135,1
0.6596842761989657,0.47403795200027954,0.5354656364574275,1.0000000000000004,1.0,0.4285714285714286,0.5,2023,12,0.3999,0.0,1.0,0.0,0.0,1.0,0.0,1.0,0.0,0.0,0.0,0.0,0.0,1.0,1.0,0.0,0.0,0.0,0.393939393939394,0.45833333333333326,0.34478095320423274,0
0.7059613126314263,0.47403795200027954,0.5354656364574275,0.0,0.0,0.4285714285714286,0.5,2023,12,0.3999,0.0,1.0,0.0,0.0,1.0,0.0,0.0,0.0,1.0,0.0,0.0,1.0,0.0,0.0,0.0,1.0,0.0,0.393939393939394,0.45833333333333326,0.2436929589308451,0
0.9296527415680409,0.447517537800759,0.5354656364574275,0.0,1.0,0.4285714285714286,0.5,2020,4,0.1074,0.0,0.0,1.0,0.0,0.0,1.0,0.0,1.0,0.0,0.0,1.0,0.0,0.0,0.0,0.0,0.0,1.0,0.393939393939394,0.45833333333333326,0.050881139834478756,0
0.38823676709842325,0.447517537800759,0.5354656364574275,0.0,0.0,0.4285714285714286,0.5,2020,10,0.185,1.0,0.0,0.0,1.0,0.0,0.0,0.0,0.0,1.0,0.0,1.0,0.0,0.0,0.0,0.0,1.0,0.0,0.393939393939394,0.45833333333333326,0.5826050444903135,1
0.38823676709842325,0.47403795200027954,0.7677328182287129,1.0000000000000004,0.0,0.20000000000000018,0.6750000000000003,2023,10,0.3999,0.0,1.0,0.0,0.0,1.0,0.0,1.0,0.0,0.0,0.0,0.0,0.0,1.0,1.0,0.0,0.0,0.0,0.16161616161616163,0.44444444444444464,0.6427439125168093,1
0.9750145535549487,0.47403795200027954,0.5354656364574275,0.0,0.0,0.4285714285714286,0.5,2021,4,0.3999,0.0,1.0,0.0,0.0,0.0,1.0,1.0,0.0,0.0,0.0,1.0,0.0,0.0,0.0,0.0,1.0,0.0,0.393939393939394,0.45833333333333326,0.017455542501302573,1
0.38823676709842325,0.47403795200027954,0.5354656364574275,0.0,0.0,0.4285714285714286,0.5,2022,2,0.185,1.0,0.0,0.0,1.0,0.0,0.0,0.0,0.0,1.0,0.0,1.0,0.0,0.0,0.0,0.0,0.0,1.0,0.393939393939394,0.45833333333333326,0.5826050444903135,0
0.9725935332246339,0.47403795200027954,0.5354656364574275,0.0,1.0,0.4285714285714286,0.5,2025,6,0.102,0.0,0.0,1.0,0.0,1.0,0.0,1.0,0.0,0.0,0.0,0.0,1.0,0.0,1.0,0.0,0.0,0.0,0.393939393939394,0.45833333333333326,0.01918370494016927,0
0.6596842761989657,0.47403795200027954,0.5354656364574275,1.0000000000000004,0.0,0.4285714285714286,0.5,2024,5,0.1074,0.0,1.0,0.0,1.0,0.0,0.0,0.0,1.0,0.0,0.0,0.0,0.0,1.0,0.0,0.0,1.0,0.0,0.393939393939394,0.45833333333333326,0.34478095320423274,1
0.9110688667928428,0.47403795200027954,0.5354656364574275,0.0,0.0,0.4285714285714286,0.5,2025,8,0.2057,0.0,0.0,1.0,1.0,0.0,0.0,1.0,0.0,0.0,0.0,0.0,0.0,1.0,1.0,0.0,0.0,0.0,0.393939393939394,0.45833333333333326,0.06519362749123594,0
0.7059613126314263,0.47403795200027954,0.5354656364574275,0.0,0.0,0.4285714285714286,0.5,2022,1,0.2057,1.0,0.0,0.0,0.0,1.0,0.0,0.0,0.0,1.0,0.0,1.0,0.0,0.0,0.0,0.0,0.0,1.0,0.393939393939394,0.45833333333333326,0.2436929589308451,1
0.38823676709842325,0.47403795200027954,0.5354656364574275,0.0,0.0,0.4285714285714286,0.5,2023,8,0.3999,1.0,0.0,0.0,1.0,0.0,0.0,0.0,0.0,1.0,0.0,0.0,1.0,0.0,0.0,0.0,1.0,0.0,0.393939393939394,0.45833333333333326,0.5826050444903135,1
0.7059613126314263,0.9001528603639222,0.26280864795822545,0.0,0.0,0.4285714285714286,0.5,2024,3,0.3999,0.0,0.0,1.0,0.0,1.0,0.0,1.0,0.0,0.0,0.0,0.0,1.0,0.0,0.0,0.0,0.0,1.0,0.393939393939394,0.45833333333333326,0.2436929589308451,0
0.5195737064824407,0.47403795200027954,0.5354656364574275,0.0,1.0,0.4285714285714286,0.5,2020,6,0.185,0.0,0.0,1.0,0.0,1.0,0.0,0.0,0.0,1.0,0.0,0.0,0.0,1.0,0.0,0.0,0.0,1.0,0.393939393939394,0.45833333333333326,0.4328924311374578,1
0.4216379923242304,0.7162367167621775,0.5354656364574275,0.0,0.0,0.8714285714285714,0.7250000000000001,2024,8,0.1074,0.0,0.0,1.0,1.0,0.0,0.0,0.0,0.0,1.0,0.0,1.0,0.0,0.0,1.0,0.0,0.0,0.0,0.6161616161616162,0.7986111111111114,0.5428792661115055,0
0.38823676709842325,0.47403795200027954,0.5354656364574275,0.0,0.0,0.4285714285714286,0.5,2022,6,0.3999,1.0,0.0,0.0,0.0,1.0,0.0,0.0,0.0,1.0,0.0,0.0,1.0,0.0,1.0,0.0,0.0,0.0,0.393939393939394,0.45833333333333326,0.5826050444903135,0
0.7059613126314263,0.47403795200027954,0.3329788839402372,0.0,0.0,0.4285714285714286,0.5,2022,11,0.3999,1.0,0.0,0.0,0.0,0.0,1.0,0.0,0.0,0.0,1.0,0.0,0.0,1.0,0.0,0.0,0.0,1.0,0.393939393939394,0.45833333333333326,0.2436929589308451,1
0.7059613126314263,0.447517537800759,0.5354656364574275,0.0,1.0,0.4285714285714286,0.5,2022,2,0.2057,1.0,0.0,0.0,1.0,0.0,0.0,0.0,0.0,1.0,0.0,0.0,0.0,1.0,0.0,1.0,0.0,0.0,0.393939393939394,0.45833333333333326,0.2436929589308451,1
0.38823676709842325,0.47403795200027954,0.5354656364574275,0.0,0.0,0.4285714285714286,0.5,2020,5,0.1074,0.0,1.0,0.0,0.0,0.0,1.0,0.0,0.0,0.0,1.0,1.0,0.0,0.0,1.0,0.0,0.0,0.0,0.393939393939394,0.45833333333333326,0.5826050444903135,0
0.6596842761989657,0.7502568531033167,0.3829487047303832,0.0,0.0,0.4285714285714286,0.5,2020,10,0.185,1.0,0.0,0.0,1.0,0.0,0.0,0.0,0.0,1.0,0.0,1.0,0.0,0.0,0.0,0.0,0.0,1.0,0.393939393939394,0.45833333333333326,0.28844180225299054,0
0.38823676709842325,0.447517537800759,0.5354656364574275,0.0,0.0,0.4285714285714286,0.5,2020,10,0.185,1.0,0.0,0.0,1.0,0.0,0.0,0.0,0.0,1.0,0.0,1.0,0.0,0.0,0.0,0.0,1.0,0.0,0.393939393939394,0.45833333333333326,0.5826050444903135,1
0.38823676709842325,0.47403795200027954,0.5354656364574275,0.0,0.0,0.7857142857142856,0.5500000000000003,2022,1,0.1074,1.0,0.0,0.0,1.0,0.0,0.0,1.0,0.0,0.0,0.0,0.0,0.0,1.0,0.0,1.0,0.0,0.0,0.6262626262626264,0.6597222222222221,0.5826050444903135,1
0.38823676709842325,0.447517537800759,0.49178292733284845,0.0,0.0,0.4285714285714286,0.5,2023,12,0.2057,0.0,0.0,1.0,0.0,0.0,1.0,0.0,0.0,1.0,0.0,1.0,0.0,0.0,0.0,0.0,0.0,1.0,0.393939393939394,0.45833333333333326,0.5826050444903135,1
0.8388082167694871,0.47403795200027954,0.5354656364574275,1.0000000000000004,0.0,0.4285714285714286,0.5,2020,4,0.3999,1.0,0.0,0.0,1.0,0.0,0.0,0.0,0.0,1.0,0.0,0.0,1.0,0.0,0.0,0.0,0.0,1.0,0.393939393939394,0.45833333333333326,0.17460632441988413,0
0.6596842761989657,0.447517537800759,0.5354656364574275,0.0,0.0,0.4285714285714286,0.5,2022,9,0.185,1.0,0.0,0.0,0.0,1.0,0.0,1.0,0.0,0.0,0.0,0.0,1.0,0.0,0.0,1.0,0.0,0.0,0.393939393939394,0.45833333333333326,0.28844180225299054,0
0.7059613126314263,0.47403795200027954,0.4617174859980837,0.0,0.0,0.37142857142857144,0.20000000000000018,2024,12,0.3999,0.0,0.0,1.0,0.0,0.0,1.0,1.0,0.0,0.0,0.0,0.0,1.0,0.0,1.0,0.0,0.0,0.0,0.47474747474747475,0.26388888888888906,0.2436929589308451,1
0.5867777864565255,0.7751698566066048,0.5354656364574275,1.0000000000000004,0.0,0.4285714285714286,0.5,2022,4,0.3999,0.0,0.0,1.0,0.0,0.0,1.0,0.0,1.0,0.0,0.0,0.0,1.0,0.0,0.0,1.0,0.0,0.0,0.393939393939394,0.45833333333333326,0.4197016890240235,0
0.799302952252854,0.47403795200027954,0.5354656364574275,1.0000000000000004,0.0,0.30000000000000004,0.5500000000000003,2021,1,0.102,0.0,1.0,0.0,1.0,0.0,0.0,0.0,0.0,0.0,1.0,1.0,0.0,0.0,0.0,0.0,0.0,1.0,0.2828282828282828,0.4236111111111114,0.21031349996877693,0
0.38823676709842325,0.447517537800759,0.5354656364574275,1.0000000000000004,1.0,0.4285714285714286,0.5,2023,10,0.3999,0.0,1.0,0.0,0.0,0.0,1.0,0.0,0.0,1.0,0.0,1.0,0.0,0.0,1.0,0.0,0.0,0.0,0.393939393939394,0.45833333333333326,0.6427439125168093,1
0.6262830509731585,0.47403795200027954,0.7077476647896876,0.0,0.0,0.6000000000000001,0.8000000000000003,2025,5,0.2057,0.0,1.0,0.0,0.0,1.0,0.0,0.0,0.0,1.0,0.0,0.0,1.0,0.0,0.0,0.0,0.0,1.0,0.393939393939394,0.7083333333333333,0.32164932363242216,0
0.7059613126314263,0.447517537800759,0.5354656364574275,0.0,0.0,0.4285714285714286,0.5,2021,5,0.185,1.0,0.0,0.0,1.0,0.0,0.0,1.0,0.0,0.0,0.0,0.0,1.0,0.0,0.0,1.0,0.0,0.0,0.393939393939394,0.45833333333333326,0.2436929589308451,0
0.38823676709842325,0.47403795200027954,0.6314043239791136,0.0,0.0,0.7571428571428571,0.5,2022,9,0.3999,1.0,0.0,0.0,1.0,0.0,0.0,0.0,0.0,1.0,0.0,1.0,0.0,0.0,0.0,0.0,0.0,1.0,0.6262626262626264,0.6180555555555556,0.5826050444903135,1
0.6596842761989657,0.447517537800759,0.5354656364574275,1.0000000000000004,0.0,0.4285714285714286,0.5,2021,12,0.3999,0.0,0.0,1.0,1.0,0.0,0.0,1.0,0.0,0.0,0.0,0.0,0.0,1.0,1.0,0.0,0.0,0.0,0.393939393939394,0.45833333333333326,0.34478095320423274,0
0.6596842761989657,0.47403795200027954,0.5354656364574275,0.0,0.0,0.4285714285714286,0.5,2020,5,0.3999,1.0,0.0,0.0,1.0,0.0,0.0,1.0,0.0,0.0,0.0,0.0,0.0,1.0,0.0,1.0,0.0,0.0,0.393939393939394,0.45833333333333326,0.28844180225299054,1
0.6596842761989657,0.447517537800759,0.5354656364574275,1.0000000000000004,1.0,0.4285714285714286,0.5,2023,8,0.185,0.0,1.0,0.0,0.0,1.0,0.0,1.0,0.0,0.0,0.0,0.0,1.0,0.0,0.0,1.0,0.0,0.0,0.393939393939394,0.45833333333333326,0.34478095320423274,1
0.38823676709842325,0.47403795200027954,0.5354656364574275,1.0000000000000004,0.0,0.4285714285714286,0.5,2025,1,0.2057,1.0,0.0,0.0,0.0,1.0,0.0,0.0,0.0,1.0,0.0,0.0,1.0,0.0,1.0,0.0,0.0,0.0,0.393939393939394,0.45833333333333326,0.6427439125168093,1
0.6596842761989657,0.43674758522764545,0.43085020575924027,0.0,1.0,0.4285714285714286,0.5,2024,8,0.2057,0.0,1.0,0.0,1.0,0.0,0.0,0.0,0.0,1.0,0.0,1.0,0.0,0.0,0.0,0.0,1.0,0.0,0.393939393939394,0.45833333333333326,0.28844180225299054,1
0.7059613126314263,0.47403795200027954,0.3498763287364808,0.0,0.0,0.4285714285714286,0.5,2023,5,0.185,0.0,0.0,1.0,1.0,0.0,0.0,0.0,0.0,1.0,0.0,1.0,0.0,0.0,0.0,0.0,0.0,1.0,0.393939393939394,0.45833333333333326,0.2436929589308451,1
0.38823676709842325,0.47403795200027954,0.5354656364574275,1.0000000000000004,1.0,0.4285714285714286,0.5,2020,7,0.2057,0.0,0.0,1.0,0.0,1.0,0.0,0.0,1.0,0.0,0.0,1.0,0.0,0.0,0.0,1.0,0.0,0.0,0.393939393939394,0.45833333333333326,0.6427439125168093,1
0.6596842761989657,0.47403795200027954,0.5354656364574275,0.0,0.0,0.4285714285714286,0.5,2024,4,0.1074,1.0,0.0,0.0,0.0,1.0,0.0,0.0,1.0,0.0,0.0,0.0,1.0,0.0,0.0,0.0,0.0,1.0,0.393939393939394,0.45833333333333326,0.28844180225299054,0
0.6596842761989657,0.6900911776928242,0.5210871358800633,0.0,0.0,0.4285714285714286,0.5,2024,4,0.3999,0.0,0.0,1.0,1.0,0.0,0.0,1.0,0.0,0.0,0.0,0.0,1.0,0.0,0.0,1.0,0.0,0.0,0.393939393939394,0.45833333333333326,0.28844180225299054,1
0.613898019286257,0.447517537800759,0.24458064270766489,0.0,1.0,0.4285714285714286,0.5,2021,1,0.3999,1.0,0.0,0.0,0.0,0.0,1.0,1.0,0.0,0.0,0.0,0.0,1.0,0.0,1.0,0.0,0.0,0.0,0.393939393939394,0.45833333333333326,0.3341544169135119,1
0.6596842761989657,0.447517537800759,0.20724016540637713,0.0,0.0,0.4285714285714286,0.5,2025,7,0.102,0.0,1.0,0.0,1.0,0.0,0.0,0.0,0.0,1.0,0.0,1.0,0.0,0.0,1.0,0.0,0.0,0.0,0.393939393939394,0.45833333333333326,0.28844180225299054,1
0.6596842761989657,0.447517537800759,0.5354656364574275,0.0,0.0,0.4285714285714286,0.5,2022,4,0.185,1.0,0.0,0.0,0.0,1.0,0.0,1.0,0.0,0.0,0.0,0.0,1.0,0.0,0.0,0.0,0.0,1.0,0.393939393939394,0.45833333333333326,0.28844180225299054,0
0.613898019286257,0.47403795200027954,0.5354656364574275,0.0,0.0,0.4285714285714286,0.5,2021,8,0.3999,0.0,1.0,0.0,1.0,0.0,0.0,0.0,0.0,0.0,1.0,0.0,1.0,0.0,0.0,0.0,0.0,1.0,0.393939393939394,0.45833333333333326,0.3341544169135119,0
0.38823676709842325,0.47403795200027954,0.5354656364574275,1.0000000000000004,0.0,0.4285714285714286,0.5,2022,5,0.102,1.0,0.0,0.0,0.0,0.0,1.0,0.0,0.0,1.0,0.0,0.0,0.0,1.0,0.0,0.0,1.0,0.0,0.393939393939394,0.45833333333333326,0.6427439125168093,0
0.38823676709842325,0.47403795200027954,0.5354656364574275,0.0,0.0,0.4285714285714286,0.5,2020,7,0.3999,0.0,1.0,0.0,0.0,0.0,1.0,0.0,1.0,0.0,0.0,1.0,0.0,0.0,0.0,0.0,0.0,1.0,0.393939393939394,0.45833333333333326,0.5826050444903135,0
0.7059613126314263,0.13146597934860837,0.5354656364574275,0.0,1.0,0.4285714285714286,0.5,2025,2,0.1074,1.0,0.0,0.0,0.0,0.0,1.0,1.0,0.0,0.0,0.0,1.0,0.0,0.0,0.0,1.0,0.0,0.0,0.393939393939394,0.45833333333333326,0.2436929589308451,0
0.6596842761989657,0.47403795200027954,0.3991371422078265,0.0,0.0,0.4285714285714286,0.5,2020,8,0.2057,0.0,0.0,1.0,0.0,1.0,0.0,1.0,0.0,0.0,0.0,1.0,0.0,0.0,0.0,1.0,0.0,0.0,0.393939393939394,0.45833333333333326,0.28844180225299054,1
0.7059613126314263,0.447517537800759,0.5354656364574275,0.0,0.0,0.4285714285714286,0.5,2022,8,0.3999,0.0,1.0,0.0,1.0,0.0,0.0,1.0,0.0,0.0,0.0,1.0,0.0,0.0,0.0,0.0,0.0,1.0,0.393939393939394,0.45833333333333326,0.2436929589308451,0
0.8149733256083747,1.0000000000000004,0.5354656364574275,0.0,0.0,0.9142857142857141,0.5750000000000002,2022,11,0.185,1.0,0.0,0.0,1.0,0.0,0.0,0.0,0.0,0.0,1.0,1.0,0.0,0.0,0.0,0.0,0.0,1.0,0.7070707070707072,0.7361111111111114,0.14445062888446727,0
0.38823676709842325,0.447517537800759,0.5354656364574275,0.0,0.0,0.7571428571428571,0.9000000000000004,2020,10,0.102,0.0,1.0,0.0,0.0,1.0,0.0,0.0,1.0,0.0,0.0,1.0,0.0,0.0,0.0,0.0,1.0,0.0,0.4646464646464647,0.8402777777777779,0.5826050444903135,0
0.7059613126314263,0.7291045037602584,0.5354656364574275,0.0,0.0,0.6000000000000001,0.4500000000000002,2025,6,0.185,0.0,0.0,1.0,1.0,0.0,0.0,1.0,0.0,0.0,0.0,0.0,0.0,1.0,0.0,1.0,0.0,0.0,0.5353535353535355,0.5138888888888891,0.2436929589308451,1
0.6596842761989657,0.9001528603639222,0.9105384105881384,0.0,0.0,0.4285714285714286,0.5,2023,5,0.185,0.0,0.0,1.0,0.0,0.0,1.0,1.0,0.0,0.0,0.0,0.0,1.0,0.0,0.0,0.0,0.0,1.0,0.393939393939394,0.45833333333333326,0.28844180225299054,0
0.7938171132824735,0.47403795200027954,0.5354656364574275,0.0,0.0,0.642857142857143,0.5500000000000003,2024,9,0.3999,0.0,1.0,0.0,0.0,1.0,0.0,0.0,0.0,1.0,0.0,0.0,1.0,0.0,0.0,1.0,0.0,0.0,0.5252525252525253,0.5902777777777779,0.16298828743946173,1
0.38823676709842325,0.47403795200027954,0.5354656364574275,0.0,0.0,0.4285714285714286,0.5,2021,12,0.185,0.0,0.0,1.0,0.0,1.0,0.0,0.0,0.0,1.0,0.0,0.0,0.0,1.0,1.0,0.0,0.0,0.0,0.393939393939394,0.45833333333333326,0.5826050444903135,0
0.7059613126314263,0.47403795200027954,0.5354656364574275,0.0,1.0,0.4285714285714286,0.5,2020,6,0.1074,1.0,0.0,0.0,1.0,0.0,0.0,0.0,1.0,0.0,0.0,0.0,1.0,0.0,1.0,0.0,0.0,0.0,0.393939393939394,0.45833333333333326,0.2436929589308451,1
0.7824103183150795,0.447517537800759,0.6828552126767171,0.0,0.0,0.4285714285714286,0.5,2024,4,0.1074,0.0,0.0,1.0,0.0,1.0,0.0,0.0,0.0,1.0,0.0,1.0,0.0,0.0,0.0,1.0,0.0,0.0,0.393939393939394,0.45833333333333326,0.17313381693596927,0
0.38823676709842325,0.447517537800759,0.06615825826759014,0.0,0.0,0.4285714285714286,0.5,2024,5,0.3999,1.0,0.0,0.0,0.0,1.0,0.0,0.0,0.0,1.0,0.0,0.0,1.0,0.0,0.0,0.0,0.0,1.0,0.393939393939394,0.45833333333333326,0.5826050444903135,1
0.7059613126314263,0.9295150030212951,0.9310248641879211,0.0,0.0,0.4285714285714286,0.5,2023,8,0.185,1.0,0.0,0.0,0.0,1.0,0.0,0.0,0.0,0.0,1.0,0.0,1.0,0.0,0.0,1.0,0.0,0.0,0.393939393939394,0.45833333333333326,0.2436929589308451,0
0.7059613126314263,0.6268387629204697,0.4151022837625655,1.0000000000000004,1.0,0.4285714285714286,0.5,2025,9,0.102,0.0,1.0,0.0,1.0,0.0,0.0,1.0,0.0,0.0,0.0,1.0,0.0,0.0,0.0,1.0,0.0,0.0,0.393939393939394,0.45833333333333326,0.29887056355028807,1
0.7059613126314263,0.47403795200027954,0.5354656364574275,0.0,0.0,0.4285714285714286,0.5,2022,1,0.185,0.0,0.0,1.0,0.0,1.0,0.0,1.0,0.0,0.0,0.0,0.0,0.0,1.0,1.0,0.0,0.0,0.0,0.393939393939394,0.45833333333333326,0.2436929589308451,0
0.6596842761989657,0.47403795200027954,0.5354656364574275,0.0,0.0,0.4285714285714286,0.5,2022,7,0.3999,1.0,0.0,0.0,0.0,0.0,1.0,0.0,0.0,1.0,0.0,0.0,1.0,0.0,0.0,0.0,1.0,0.0,0.393939393939394,0.45833333333333326,0.28844180225299054,0
0.38823676709842325,0.447517537800759,0.5354656364574275,0.0,0.0,0.4285714285714286,0.5,2020,2,0.3999,0.0,1.0,0.0,0.0,1.0,0.0,0.0,1.0,0.0,0.0,0.0,0.0,1.0,1.0,0.0,0.0,0.0,0.393939393939394,0.45833333333333326,0.5826050444903135,1
0.6596842761989657,0.47403795200027954,0.5496677092603841,0.0,1.0,0.4285714285714286,0.5,2025,8,0.102,0.0,1.0,0.0,0.0,0.0,1.0,0.0,0.0,1.0,0.0,1.0,0.0,0.0,0.0,0.0,0.0,1.0,0.393939393939394,0.45833333333333326,0.28844180225299054,0
0.38823676709842325,0.6081542883286875,0.5354656364574275,0.0,0.0,0.4285714285714286,0.5,2022,11,0.2057,0.0,1.0,0.0,1.0,0.0,0.0,1.0,0.0,0.0,0.0,0.0,1.0,0.0,1.0,0.0,0.0,0.0,0.393939393939394,0.45833333333333326,0.5826050444903135,0
0.7059613126314263,0.7833635859630843,0.5354656364574275,1.0000000000000004,0.0,0.4285714285714286,0.5,2020,2,0.3999,0.0,1.0,0.0,1.0,0.0,0.0,1.0,0.0,0.0,0.0,0.0,1.0,0.0,0.0,0.0,1.0,0.0,0.393939393939394,0.45833333333333326,0.29887056355028807,0
0.7059613126314263,0.5939527678633465,0.5354656364574275,0.0,0.0,0.4285714285714286,0.5,2024,1,0.102,1.0,0.0,0.0,0.0,0.0,1.0,0.0,1.0,0.0,0.0,0.0,1.0,0.0,1.0,0.0,0.0,0.0,0.393939393939394,0.45833333333333326,0.2436929589308451,1
0.38823676709842325,0.47403795200027954,0.5354656364574275,0.0,0.0,0.4285714285714286,0.5,2021,8,0.3999,0.0,0.0,1.0,0.0,0.0,1.0,0.0,0.0,1.0,0.0,0.0,1.0,0.0,0.0,0.0,0.0,1.0,0.393939393939394,0.45833333333333326,0.5826050444903135,1
0.7059613126314263,0.5404348267795265,0.5354656364574275,0.0,0.0,0.7142857142857144,0.8250000000000002,2021,4,0.102,1.0,0.0,0.0,0.0,1.0,0.0,0.0,0.0,0.0,1.0,0.0,0.0,1.0,0.0,0.0,0.0,1.0,0.4646464646464647,0.7777777777777779,0.2436929589308451,0
0.38823676709842325,0.47403795200027954,0.5354656364574275,1.0000000000000004,0.0,0.4285714285714286,0.5,2023,8,0.102,0.0,1.0,0.0,0.0,0.0,1.0,0.0,0.0,1.0,0.0,0.0,1.0,0.0,1.0,0.0,0.0,0.0,0.393939393939394,0.45833333333333326,0.6427439125168093,1
0.38823676709842325,0.47403795200027954,0.5354656364574275,0.0,0.0,0.4285714285714286,0.5,2022,3,0.2057,1.0,0.0,0.0,0.0,0.0,1.0,1.0,0.0,0.0,0.0,0.0,1.0,0.0,0.0,0.0,1.0,0.0,0.393939393939394,0.45833333333333326,0.5826050444903135,1
0.6596842761989657,0.447517537800759,0.022475549143011975,1.0000000000000004,0.0,0.4285714285714286,0.5,2020,12,0.3999,0.0,0.0,1.0,0.0,1.0,0.0,0.0,0.0,1.0,0.0,0.0,0.0,1.0,0.0,0.0,0.0,1.0,0.393939393939394,0.45833333333333326,0.34478095320423274,0
0.6596842761989657,0.9617327007587417,0.5354656364574275,0.0,0.0,0.4285714285714286,0.5,2025,8,0.185,1.0,0.0,0.0,1.0,0.0,0.0,1.0,0.0,0.0,0.0,1.0,0.0,0.0,0.0,0.0,1.0,0.0,0.393939393939394,0.45833333333333326,0.28844180225299054,1
0.7059613126314263,0.47403795200027954,0.5354656364574275,0.0,0.0,0.4285714285714286,0.5,2020,3,0.185,1.0,0.0,0.0,0.0,1.0,0.0,0.0,0.0,0.0,1.0,0.0,0.0,1.0,0.0,1.0,0.0,0.0,0.393939393939394,0.45833333333333326,0.2436929589308451,0
0.897730560073701,0.47403795200027954,0.5354656364574275,0.0,0.0,0.4285714285714286,0.5,2023,9,0.1074,0.0,0.0,1.0,0.0,1.0,0.0,1.0,0.0,0.0,0.0,0.0,0.0,1.0,0.0,0.0,0.0,1.0,0.393939393939394,0.45833333333333326,0.07567887812750071,0
0.38823676709842325,0.09633107473592162,0.2807540370648489,0.0,0.0,0.6000000000000001,0.3500000000000001,2021,7,0.1074,0.0,1.0,0.0,1.0,0.0,0.0,0.0,1.0,0.0,0.0,1.0,0.0,0.0,1.0,0.0,0.0,0.0,0.5757575757575758,0.45833333333333326,0.5826050444903135,0
0.5195737064824407,0.447517537800759,0.5354656364574275,0.0,0.0,0.4285714285714286,0.5,2022,3,0.3999,0.0,0.0,1.0,0.0,0.0,1.0,0.0,0.0,0.0,1.0,0.0,0.0,1.0,0.0,1.0,0.0,0.0,0.393939393939394,0.45833333333333326,0.4328924311374578,1
0.38823676709842325,0.11050538862370107,0.5354656364574275,0.0,0.0,0.4285714285714286,0.5,2025,8,0.3999,0.0,1.0,0.0,0.0,1.0,0.0,0.0,0.0,0.0,1.0,1.0,0.0,0.0,0.0,1.0,0.0,0.0,0.393939393939394,0.45833333333333326,0.5826050444903135,1
0.7059613126314263,0.47403795200027954,0.5354656364574275,0.0,1.0,0.34285714285714297,0.30000000000000004,2024,1,0.102,1.0,0.0,0.0,0.0,1.0,0.0,1.0,0.0,0.0,0.0,1.0,0.0,0.0,0.0,0.0,0.0,1.0,0.41414141414141414,0.3055555555555556,0.2436929589308451,0
0.9045023319895283,0.447517537800759,0.5354656364574275,0.0,1.0,0.4285714285714286,0.5,2023,3,0.1074,0.0,1.0,0.0,0.0,1.0,0.0,0.0,1.0,0.0,0.0,0.0,1.0,0.0,0.0,0.0,0.0,1.0,0.393939393939394,0.45833333333333326,0.07033368718684699,0
0.7059613126314263,0.447517537800759,0.5354656364574275,1.0000000000000004,1.0,0.4285714285714286,0.5,2020,12,0.2057,0.0,1.0,0.0,0.0,0.0,1.0,0.0,0.0,0.0,1.0,1.0,0.0,0.0,1.0,0.0,0.0,0.0,0.393939393939394,0.45833333333333326,0.29887056355028807,0
0.6596842761989657,0.447517537800759,0.2260609770267461,0.0,1.0,0.4285714285714286,0.5,2024,6,0.2057,0.0,1.0,0.0,0.0,0.0,1.0,1.0,0.0,0.0,0.0,0.0,1.0,0.0,0.0,0.0,0.0,1.0,0.393939393939394,0.45833333333333326,0.28844180225299054,0
0.914278985733633,0.47403795200027954,0.6828552126767171,0.0,1.0,0.22857142857142865,0.8000000000000003,2024,12,0.185,0.0,1.0,0.0,0.0,0.0,1.0,0.0,0.0,1.0,0.0,1.0,0.0,0.0,0.0,0.0,1.0,0.0,0.13131313131313133,0.5277777777777779,0.06269645629323647,0
0.38823676709842325,0.47403795200027954,0.5354656364574275,0.0,1.0,0.4285714285714286,0.5,2023,3,0.102,0.0,0.0,1.0,0.0,1.0,0.0,0.0,1.0,0.0,0.0,1.0,0.0,0.0,1.0,0.0,0.0,0.0,0.393939393939394,0.45833333333333326,0.5826050444903135,1
0.7059613126314263,0.47403795200027954,0.5354656364574275,0.0,1.0,0.8142857142857145,0.4750000000000001,2022,3,0.3999,0.0,0.0,1.0,0.0,0.0,1.0,1.0,0.0,0.0,0.0,0.0,0.0,1.0,0.0,1.0,0.0,0.0,0.6767676767676769,0.6319444444444444,0.2436929589308451,1
0.6596842761989657,0.47403795200027954,0.5354656364574275,0.0,1.0,0.07142857142857162,0.625,2020,11,0.3999,1.0,0.0,0.0,0.0,1.0,0.0,0.0,1.0,0.0,0.0,0.0,1.0,0.0,0.0,1.0,0.0,0.0,0.09090909090909093,0.35416666666666674,0.28844180225299054,0
0.7059613126314263,0.737609032166215,0.5354656364574275,1.0000000000000004,0.0,0.6000000000000001,0.875,2024,10,0.1074,0.0,0.0,1.0,0.0,0.0,1.0,0.0,0.0,0.0,1.0,0.0,1.0,0.0,1.0,0.0,0.0,0.0,0.36363636363636365,0.7499999999999998,0.29887056355028807,0
0.7059613126314263,0.447517537800759,0.5354656364574275,1.0000000000000004,0.0,0.4285714285714286,0.5,2021,5,0.3999,0.0,0.0,1.0,0.0,0.0,1.0,1.0,0.0,0.0,0.0,1.0,0.0,0.0,0.0,0.0,0.0,1.0,0.393939393939394,0.45833333333333326,0.29887056355028807,0
0.38823676709842325,0.47403795200027954,0.5354656364574275,0.0,1.0,0.4285714285714286,0.5,2024,12,0.102,0.0,0.0,1.0,0.0,1.0,0.0,0.0,1.0,0.0,0.0,0.0,0.0,1.0,1.0,0.0,0.0,0.0,0.393939393939394,0.45833333333333326,0.5826050444903135,1
0.9934664678721488,0.47403795200027954,0.5354656364574275,0.0,0.0,0.4285714285714286,0.5,2023,8,0.3999,0.0,0.0,1.0,0.0,0.0,1.0,0.0,0.0,0.0,1.0,0.0,1.0,0.0,1.0,0.0,0.0,0.0,0.393939393939394,0.45833333333333326,0.004497121634643941,0
0.649112469029166,0.6406686469177232,0.9903945140699006,1.0000000000000004,0.0,0.6857142857142857,0.125,2025,9,0.185,0.0,0.0,1.0,1.0,0.0,0.0,0.0,1.0,0.0,0.0,1.0,0.0,0.0,0.0,1.0,0.0,0.0,0.7272727272727274,0.375,0.35544794825456194,0
0.7059613126314263,0.47403795200027954,0.24458064270766489,0.0,0.0,0.4285714285714286,0.5,2023,3,0.185,1.0,0.0,0.0,0.0,0.0,1.0,1.0,0.0,0.0,0.0,0.0,0.0,1.0,0.0,0.0,1.0,0.0,0.393939393939394,0.45833333333333326,0.2436929589308451,1
0.764088502509945,0.47403795200027954,0.5354656364574275,0.0,1.0,0.4285714285714286,0.5,2020,2,0.2057,0.0,1.0,0.0,1.0,0.0,0.0,0.0,1.0,0.0,0.0,0.0,0.0,1.0,0.0,0.0,0.0,1.0,0.393939393939394,0.45833333333333326,0.18964410734058876,0
0.7059613126314263,0.5000000000000004,0.5354656364574275,0.0,0.0,0.4285714285714286,0.5,2025,2,0.3999,1.0,0.0,0.0,0.0,1.0,0.0,0.0,0.0,1.0,0.0,1.0,0.0,0.0,0.0,0.0,0.0,1.0,0.393939393939394,0.45833333333333326,0.2436929589308451,1
0.7059613126314263,0.7248301433933961,0.5354656364574275,0.0,0.0,0.4285714285714286,0.5,2020,4,0.102,1.0,0.0,0.0,0.0,1.0,0.0,1.0,0.0,0.0,0.0,0.0,1.0,0.0,0.0,1.0,0.0,0.0,0.393939393939394,0.45833333333333326,0.2436929589308451,1
0.38823676709842325,0.447517537800759,0.5354656364574275,0.0,1.0,0.4285714285714286,0.5,2023,4,0.2057,0.0,1.0,0.0,1.0,0.0,0.0,0.0,1.0,0.0,0.0,1.0,0.0,0.0,0.0,0.0,0.0,1.0,0.393939393939394,0.45833333333333326,0.5826050444903135,1
0.38823676709842325,0.47403795200027954,0.4617174859980837,0.0,0.0,0.48571428571428577,0.7749999999999999,2023,3,0.3999,1.0,0.0,0.0,0.0,0.0,1.0,0.0,0.0,1.0,0.0,0.0,1.0,0.0,0.0,0.0,1.0,0.0,0.32323232323232326,0.6388888888888891,0.5826050444903135,0
0.6596842761989657,0.9185859648863031,0.7077476647896876,1.0000000000000004,0.0,0.4285714285714286,0.5,2022,1,0.185,1.0,0.0,0.0,0.0,1.0,0.0,1.0,0.0,0.0,0.0,0.0,0.0,1.0,0.0,1.0,0.0,0.0,0.393939393939394,0.45833333333333326,0.34478095320423274,1
0.7059613126314263,0.447517537800759,0.5354656364574275,0.0,0.0,0.4285714285714286,0.5,2021,12,0.1074,0.0,0.0,1.0,0.0,1.0,0.0,0.0,0.0,1.0,0.0,0.0,0.0,1.0,0.0,0.0,0.0,1.0,0.393939393939394,0.45833333333333326,0.2436929589308451,1
0.6596842761989657,0.447517537800759,0.5354656364574275,1.0000000000000004,0.0,0.4285714285714286,0.5,2020,1,0.185,0.0,0.0,1.0,0.0,0.0,1.0,1.0,0.0,0.0,0.0,1.0,0.0,0.0,0.0,0.0,1.0,0.0,0.393939393939394,0.45833333333333326,0.34478095320423274,1
0.38823676709842325,0.47403795200027954,0.5354656364574275,0.0,0.0,0.4285714285714286,0.5,2020,2,0.102,1.0,0.0,0.0,0.0,1.0,0.0,0.0,1.0,0.0,0.0,0.0,1.0,0.0,1.0,0.0,0.0,0.0,0.393939393939394,0.45833333333333326,0.5826050444903135,0
0.38823676709842325,0.447517537800759,0.5354656364574275,0.0,0.0,0.4285714285714286,0.5,2025,4,0.185,0.0,1.0,0.0,1.0,0.0,0.0,1.0,0.0,0.0,0.0,0.0,1.0,0.0,0.0,0.0,1.0,0.0,0.393939393939394,0.45833333333333326,0.5826050444903135,0
0.7059613126314263,0.447517537800759,0.5354656364574275,1.0000000000000004,0.0,0.4285714285714286,0.5,2021,3,0.102,0.0,1.0,0.0,0.0,0.0,1.0,0.0,0.0,1.0,0.0,0.0,1.0,0.0,0.0,0.0,0.0,1.0,0.393939393939394,0.45833333333333326,0.29887056355028807,0
0.897730560073701,0.8738746601432186,0.9807086465701493,0.0,1.0,0.4285714285714286,0.5,2025,2,0.102,0.0,0.0,1.0,0.0,0.0,1.0,1.0,0.0,0.0,0.0,1.0,0.0,0.0,0.0,0.0,0.0,1.0,0.393939393939394,0.45833333333333326,0.07567887812750071,1
0.6596842761989657,0.2751698566066043,0.8468092285777598,0.0,0.0,0.17142857142857149,0.7000000000000002,2025,8,0.102,0.0,1.0,0.0,1.0,0.0,0.0,0.0,1.0,0.0,0.0,1.0,0.0,0.0,0.0,1.0,0.0,0.0,0.13131313131313133,0.44444444444444464,0.28844180225299054,1
0.6596842761989657,0.447517537800759,0.5354656364574275,0.0,0.0,0.4285714285714286,0.5,2021,5,0.3999,0.0,1.0,0.0,1.0,0.0,0.0,1.0,0.0,0.0,0.0,1.0,0.0,0.0,0.0,0.0,0.0,1.0,0.393939393939394,0.45833333333333326,0.28844180225299054,0
0.38823676709842325,0.447517537800759,0.5354656364574275,1.0000000000000004,0.0,0.4285714285714286,0.5,2024,4,0.102,1.0,0.0,0.0,0.0,0.0,1.0,0.0,0.0,1.0,0.0,0.0,1.0,0.0,1.0,0.0,0.0,0.0,0.393939393939394,0.45833333333333326,0.6427439125168093,1
0.6596842761989657,0.47403795200027954,0.5354656364574275,0.0,0.0,0.44285714285714284,0.625,2023,7,0.1074,0.0,0.0,1.0,0.0,0.0,1.0,1.0,0.0,0.0,0.0,1.0,0.0,0.0,0.0,0.0,0.0,1.0,0.35353535353535354,0.5347222222222221,0.28844180225299054,1
0.6974630051635802,0.5354523887642593,0.5354656364574275,0.0,0.0,0.4285714285714286,0.5,2020,5,0.3999,1.0,0.0,0.0,0.0,0.0,1.0,1.0,0.0,0.0,0.0,0.0,1.0,0.0,1.0,0.0,0.0,0.0,0.393939393939394,0.45833333333333326,0.25179922909303964,0
0.7220189587716063,0.5795857890691232,0.9310248641879211,1.0000000000000004,1.0,0.4285714285714286,0.5,2020,10,0.2057,0.0,1.0,0.0,0.0,1.0,0.0,1.0,0.0,0.0,0.0,0.0,1.0,0.0,0.0,0.0,1.0,0.0,0.393939393939394,0.45833333333333326,0.28324208078750346,0
0.7059613126314263,0.47403795200027954,0.5354656364574275,0.0,0.0,0.4285714285714286,0.5,2025,3,0.102,0.0,0.0,1.0,0.0,1.0,0.0,1.0,0.0,0.0,0.0,0.0,0.0,1.0,0.0,0.0,0.0,1.0,0.393939393939394,0.45833333333333326,0.2436929589308451,1
0.7059613126314263,0.47403795200027954,0.5354656364574275,0.0,0.0,0.4285714285714286,0.5,2021,5,0.2057,0.0,1.0,0.0,0.0,1.0,0.0,0.0,0.0,1.0,0.0,1.0,0.0,0.0,1.0,0.0,0.0,0.0,0.393939393939394,0.45833333333333326,0.2436929589308451,1
0.9205599781297086,0.47403795200027954,0.5354656364574275,0.0,0.0,0.4285714285714286,0.5,2022,8,0.1074,0.0,0.0,1.0,0.0,0.0,1.0,0.0,1.0,0.0,0.0,0.0,1.0,0.0,0.0,0.0,0.0,1.0,0.393939393939394,0.45833333333333326,0.05784033428027044,0
0.5557708294077383,0.45286744524266,0.5354656364574275,0.0,0.0,0.4285714285714286,0.5,2021,6,0.185,0.0,0.0,1.0,0.0,0.0,1.0,1.0,0.0,0.0,0.0,0.0,0.0,1.0,0.0,0.0,1.0,0.0,0.393939393939394,0.45833333333333326,0.39425060470370465,1
0.38823676709842325,0.47403795200027954,0.5354656364574275,0.0,0.0,1.0,0.25,2023,9,0.3999,0.0,0.0,1.0,1.0,0.0,0.0,1.0,0.0,0.0,0.0,0.0,0.0,1.0,1.0,0.0,0.0,0.0,0.8989898989898991,0.5972222222222221,0.5826050444903135,1
0.6596842761989657,0.2689886319792474,0.5354656364574275,0.0,0.0,0.8571428571428572,0.625,2021,7,0.3999,0.0,0.0,1.0,1.0,0.0,0.0,0.0,1.0,0.0,0.0,1.0,0.0,0.0,0.0,1.0,0.0,0.0,0.6464646464646465,0.7361111111111114,0.28844180225299054,1
0.7059613126314263,0.447517537800759,0.7559819110879777,1.0000000000000004,0.0,0.4285714285714286,0.5,2021,7,0.2057,0.0,0.0,1.0,0.0,1.0,0.0,0.0,0.0,0.0,1.0,0.0,1.0,0.0,1.0,0.0,0.0,0.0,0.393939393939394,0.45833333333333326,0.29887056355028807,0
0.6596842761989657,0.8195761899789775,0.5354656364574275,0.0,0.0,0.4285714285714286,0.5,2023,2,0.2057,1.0,0.0,0.0,1.0,0.0,0.0,0.0,0.0,1.0,0.0,0.0,1.0,0.0,1.0,0.0,0.0,0.0,0.393939393939394,0.45833333333333326,0.28844180225299054,0
0.7059613126314263,0.47403795200027954,0.5354656364574275,0.0,0.0,0.4285714285714286,0.5,2025,3,0.102,0.0,0.0,1.0,0.0,1.0,0.0,1.0,0.0,0.0,0.0,0.0,0.0,1.0,0.0,0.0,0.0,1.0,0.393939393939394,0.45833333333333326,0.2436929589308451,1
0.38823676709842325,0.447517537800759,0.5354656364574275,0.0,0.0,0.4285714285714286,0.5,2024,10,0.102,1.0,0.0,0.0,0.0,0.0,1.0,0.0,1.0,0.0,0.0,0.0,1.0,0.0,0.0,0.0,0.0,1.0,0.393939393939394,0.45833333333333326,0.5826050444903135,1
0.6007619328947518,0.5304497379633766,0.5354656364574275,0.0,0.0,0.34285714285714297,0.9000000000000004,2020,4,0.3999,1.0,0.0,0.0,0.0,1.0,0.0,0.0,0.0,1.0,0.0,1.0,0.0,0.0,0.0,1.0,0.0,0.0,0.1717171717171717,0.6388888888888891,0.34753163729127323,0
0.38823676709842325,0.447517537800759,0.5354656364574275,0.0,0.0,0.4285714285714286,0.5,2020,2,0.3999,0.0,1.0,0.0,0.0,1.0,0.0,0.0,1.0,0.0,0.0,0.0,0.0,1.0,1.0,0.0,0.0,0.0,0.393939393939394,0.45833333333333326,0.5826050444903135,1
0.6596842761989657,0.447517537800759,0.5354656364574275,0.0,0.0,0.4285714285714286,0.5,2023,3,0.185,1.0,0.0,0.0,0.0,0.0,1.0,0.0,0.0,0.0,1.0,0.0,0.0,1.0,1.0,0.0,0.0,0.0,0.393939393939394,0.45833333333333326,0.28844180225299054,1
0.764088502509945,0.47403795200027954,0.5354656364574275,0.0,0.0,0.4285714285714286,0.5,2025,1,0.3999,0.0,1.0,0.0,0.0,0.0,1.0,1.0,0.0,0.0,0.0,0.0,1.0,0.0,0.0,0.0,0.0,1.0,0.393939393939394,0.45833333333333326,0.18964410734058876,0
0.6596842761989657,0.831414537517452,0.5354656364574275,1.0000000000000004,0.0,0.9142857142857141,0.875,2023,7,0.3999,0.0,0.0,1.0,0.0,0.0,1.0,0.0,0.0,0.0,1.0,1.0,0.0,0.0,0.0,1.0,0.0,0.0,0.585858585858586,0.9027777777777779,0.34478095320423274,0
0.7059613126314263,0.47403795200027954,0.5354656364574275,0.0,0.0,1.0,0.9750000000000001,2024,8,0.3999,0.0,0.0,1.0,1.0,0.0,0.0,1.0,0.0,0.0,0.0,0.0,1.0,0.0,0.0,0.0,0.0,1.0,0.6060606060606062,0.9999999999999998,0.2436929589308451,1
0.6596842761989657,0.6406686469177232,0.5354656364574275,1.0000000000000004,1.0,0.4285714285714286,0.5,2020,1,0.185,0.0,1.0,0.0,0.0,0.0,1.0,0.0,1.0,0.0,0.0,1.0,0.0,0.0,0.0,0.0,0.0,1.0,0.393939393939394,0.45833333333333326,0.34478095320423274,1
0.7059613126314263,0.47403795200027954,0.8576774249708521,0.0,1.0,0.22857142857142865,0.4750000000000001,2022,9,0.1074,0.0,0.0,1.0,1.0,0.0,0.0,1.0,0.0,0.0,0.0,1.0,0.0,0.0,0.0,1.0,0.0,0.0,0.26262626262626265,0.3472222222222223,0.2436929589308451,0
0.649112469029166,0.47403795200027954,0.6444830440585729,0.0,0.0,0.4285714285714286,0.5,2025,1,0.102,1.0,0.0,0.0,0.0,0.0,1.0,0.0,1.0,0.0,0.0,0.0,1.0,0.0,1.0,0.0,0.0,0.0,0.393939393939394,0.45833333333333326,0.29887056355028807,1
0.38823676709842325,0.47403795200027954,0.5354656364574275,0.0,0.0,0.4285714285714286,0.5,2020,4,0.2057,0.0,0.0,1.0,0.0,1.0,0.0,0.0,1.0,0.0,0.0,0.0,1.0,0.0,0.0,0.0,0.0,1.0,0.393939393939394,0.45833333333333326,0.5826050444903135,0
0.6596842761989657,0.23760903216621498,0.5354656364574275,0.0,1.0,0.4285714285714286,0.5,2023,5,0.3999,0.0,0.0,1.0,0.0,1.0,0.0,1.0,0.0,0.0,0.0,0.0,1.0,0.0,1.0,0.0,0.0,0.0,0.393939393939394,0.45833333333333326,0.28844180225299054,0
0.6596842761989657,0.447517537800759,0.5354656364574275,0.0,1.0,0.4285714285714286,0.5,2024,4,0.2057,0.0,1.0,0.0,0.0,1.0,0.0,0.0,0.0,1.0,0.0,1.0,0.0,0.0,0.0,0.0,0.0,1.0,0.393939393939394,0.45833333333333326,0.28844180225299054,0
0.38823676709842325,0.47403795200027954,0.5354656364574275,0.0,0.0,0.2571428571428571,0.4750000000000001,2024,8,0.2057,0.0,1.0,0.0,1.0,0.0,0.0,0.0,0.0,1.0,0.0,0.0,1.0,0.0,0.0,1.0,0.0,0.0,0.2828282828282828,0.3611111111111114,0.5826050444903135,0
0.23804628387473534,0.447517537800759,0.5354656364574275,0.0,0.0,0.4285714285714286,0.5,2025,9,0.102,0.0,0.0,1.0,1.0,0.0,0.0,0.0,0.0,1.0,0.0,0.0,0.0,1.0,1.0,0.0,0.0,0.0,0.393939393939394,0.45833333333333326,0.7845415170589761,1
0.6596842761989657,0.447517537800759,0.5354656364574275,0.0,1.0,0.4285714285714286,0.5,2022,5,0.2057,0.0,1.0,0.0,0.0,1.0,0.0,1.0,0.0,0.0,0.0,0.0,0.0,1.0,1.0,0.0,0.0,0.0,0.393939393939394,0.45833333333333326,0.28844180225299054,1
0.8643293348478939,0.5747593573455676,0.08739654977087685,0.0,1.0,0.4285714285714286,0.5,2022,7,0.3999,0.0,1.0,0.0,0.0,0.0,1.0,0.0,0.0,1.0,0.0,0.0,1.0,0.0,1.0,0.0,0.0,0.0,0.393939393939394,0.45833333333333326,0.10268667679928131,0
0.7059613126314263,0.47403795200027954,0.5354656364574275,0.0,1.0,0.4285714285714286,0.5,2024,10,0.3999,0.0,0.0,1.0,1.0,0.0,0.0,0.0,0.0,1.0,0.0,0.0,0.0,1.0,1.0,0.0,0.0,0.0,0.393939393939394,0.45833333333333326,0.2436929589308451,1
0.38823676709842325,0.47403795200027954,0.5354656364574275,0.0,1.0,0.4285714285714286,0.5,2022,12,0.3999,0.0,0.0,1.0,1.0,0.0,0.0,1.0,0.0,0.0,0.0,1.0,0.0,0.0,1.0,0.0,0.0,0.0,0.393939393939394,0.45833333333333326,0.5826050444903135,1
0.7059613126314263,0.447517537800759,0.5354656364574275,1.0000000000000004,0.0,0.4285714285714286,0.5,2020,1,0.102,1.0,0.0,0.0,1.0,0.0,0.0,1.0,0.0,0.0,0.0,1.0,0.0,0.0,1.0,0.0,0.0,0.0,0.393939393939394,0.45833333333333326,0.29887056355028807,0
0.6596842761989657,0.47403795200027954,0.5354656364574275,0.0,0.0,0.40000000000000013,0.6000000000000001,2024,7,0.102,0.0,0.0,1.0,0.0,1.0,0.0,0.0,0.0,1.0,0.0,1.0,0.0,0.0,0.0,0.0,1.0,0.0,0.33333333333333337,0.5,0.28844180225299054,1
0.7059613126314263,0.447517537800759,0.5354656364574275,0.0,0.0,0.4285714285714286,0.5,2020,9,0.1074,1.0,0.0,0.0,0.0,0.0,1.0,0.0,1.0,0.0,0.0,0.0,1.0,0.0,0.0,0.0,0.0,1.0,0.393939393939394,0.45833333333333326,0.2436929589308451,0
0.38823676709842325,0.447517537800759,0.49178292733284845,0.0,0.0,0.4285714285714286,0.5,2023,12,0.2057,0.0,0.0,1.0,0.0,0.0,1.0,0.0,0.0,1.0,0.0,1.0,0.0,0.0,0.0,0.0,0.0,1.0,0.393939393939394,0.45833333333333326,0.5826050444903135,1
0.38823676709842325,0.47403795200027954,0.5354656364574275,0.0,0.0,0.3857142857142859,0.0,2022,9,0.3999,0.0,0.0,1.0,0.0,0.0,1.0,0.0,0.0,1.0,0.0,0.0,1.0,0.0,0.0,0.0,0.0,1.0,0.5656565656565657,0.15972222222222232,0.5826050444903135,0
0.7059613126314263,0.6034385971854399,0.5354656364574275,0.0,0.0,0.4285714285714286,0.5,2021,1,0.3999,0.0,1.0,0.0,0.0,0.0,1.0,0.0,1.0,0.0,0.0,1.0,0.0,0.0,0.0,0.0,1.0,0.0,0.393939393939394,0.45833333333333326,0.2436929589308451,1
0.38823676709842325,0.47403795200027954,0.5354656364574275,0.0,0.0,0.40000000000000013,0.3250000000000002,2024,2,0.185,0.0,1.0,0.0,1.0,0.0,0.0,1.0,0.0,0.0,0.0,1.0,0.0,0.0,1.0,0.0,0.0,0.0,0.4444444444444445,0.3472222222222223,0.5826050444903135,0
0.6596842761989657,0.447517537800759,0.5354656364574275,1.0000000000000004,0.0,0.4285714285714286,0.5,2025,5,0.2057,0.0,1.0,0.0,0.0,0.0,1.0,0.0,1.0,0.0,0.0,0.0,0.0,1.0,1.0,0.0,0.0,0.0,0.393939393939394,0.45833333333333326,0.34478095320423274,1
0.5718284755479183,0.958194242861167,0.5354656364574275,0.0,1.0,0.4285714285714286,0.5,2022,5,0.185,1.0,0.0,0.0,0.0,0.0,1.0,1.0,0.0,0.0,0.0,1.0,0.0,0.0,0.0,0.0,1.0,0.0,0.393939393939394,0.45833333333333326,0.37741384915281584,0
0.7059613126314263,0.47403795200027954,0.5354656364574275,0.0,0.0,0.4285714285714286,0.5,2024,2,0.1074,0.0,1.0,0.0,0.0,1.0,0.0,0.0,0.0,0.0,1.0,1.0,0.0,0.0,0.0,0.0,1.0,0.0,0.393939393939394,0.45833333333333326,0.2436929589308451,1
0.7824103183150795,0.47403795200027954,0.5354656364574275,0.0,0.0,0.4285714285714286,0.5,2025,8,0.3999,1.0,0.0,0.0,0.0,1.0,0.0,0.0,0.0,1.0,0.0,0.0,1.0,0.0,0.0,0.0,0.0,1.0,0.393939393939394,0.45833333333333326,0.17313381693596927,1
0.7059613126314263,0.47403795200027954,0.9105384105881384,1.0000000000000004,0.0,0.4285714285714286,0.5,2021,6,0.185,0.0,1.0,0.0,0.0,0.0,1.0,0.0,0.0,1.0,0.0,1.0,0.0,0.0,0.0,1.0,0.0,0.0,0.393939393939394,0.45833333333333326,0.29887056355028807,1
0.38823676709842325,0.47403795200027954,0.5354656364574275,0.0,1.0,0.4285714285714286,0.5,2023,3,0.102,0.0,0.0,1.0,0.0,1.0,0.0,0.0,1.0,0.0,0.0,1.0,0.0,0.0,1.0,0.0,0.0,0.0,0.393939393939394,0.45833333333333326,0.5826050444903135,1
0.38823676709842325,0.447517537800759,0.591257371862075,0.0,1.0,0.4285714285714286,0.5,2024,2,0.185,1.0,0.0,0.0,1.0,0.0,0.0,0.0,0.0,1.0,0.0,0.0,0.0,1.0,0.0,0.0,1.0,0.0,0.393939393939394,0.45833333333333326,0.5826050444903135,1
0.6596842761989657,0.447517537800759,0.5354656364574275,0.0,0.0,0.4285714285714286,0.5,2021,9,0.2057,0.0,1.0,0.0,0.0,0.0,1.0,0.0,0.0,0.0,1.0,0.0,0.0,1.0,0.0,1.0,0.0,0.0,0.393939393939394,0.45833333333333326,0.28844180225299054,0
0.7369682696802135,0.447517537800759,0.4151022837625655,0.0,1.0,0.4285714285714286,0.5,2020,12,0.2057,1.0,0.0,0.0,1.0,0.0,0.0,0.0,0.0,1.0,0.0,0.0,0.0,1.0,0.0,1.0,0.0,0.0,0.393939393939394,0.45833333333333326,0.21455289713415707,1
0.9110688667928428,0.6856791811037986,0.5354656364574275,0.0,0.0,0.4285714285714286,0.5,2021,6,0.3999,0.0,0.0,1.0,1.0,0.0,0.0,0.0,1.0,0.0,0.0,1.0,0.0,0.0,0.0,1.0,0.0,0.0,0.393939393939394,0.45833333333333326,0.06519362749123594,1
0.6596842761989657,0.447517537800759,0.5354656364574275,0.0,0.0,0.4285714285714286,0.5,2023,3,0.185,0.0,0.0,1.0,0.0,1.0,0.0,1.0,0.0,0.0,0.0,0.0,1.0,0.0,1.0,0.0,0.0,0.0,0.393939393939394,0.45833333333333326,0.28844180225299054,1
0.6596842761989657,0.6268387629204697,0.5354656364574275,0.0,0.0,0.4285714285714286,0.5,2020,6,0.185,0.0,0.0,1.0,1.0,0.0,0.0,0.0,0.0,0.0,1.0,0.0,1.0,0.0,0.0,1.0,0.0,0.0,0.393939393939394,0.45833333333333326,0.28844180225299054,1
0.38823676709842325,0.47403795200027954,0.5354656364574275,0.0,1.0,0.37142857142857144,0.6000000000000001,2020,2,0.3999,0.0,1.0,0.0,0.0,0.0,1.0,0.0,0.0,0.0,1.0,0.0,0.0,1.0,0.0,0.0,1.0,0.0,0.31313131313131315,0.4861111111111114,0.5826050444903135,0
0.6596842761989657,0.185679181103799,0.5354656364574275,0.0,0.0,0.4285714285714286,0.5,2022,12,0.2057,0.0,1.0,0.0,0.0,0.0,1.0,0.0,0.0,0.0,1.0,1.0,0.0,0.0,0.0,0.0,0.0,1.0,0.393939393939394,0.45833333333333326,0.28844180225299054,1
0.6596842761989657,0.47403795200027954,0.5354656364574275,1.0000000000000004,1.0,0.6285714285714286,0.9750000000000001,2020,3,0.102,1.0,0.0,0.0,0.0,1.0,0.0,1.0,0.0,0.0,0.0,0.0,0.0,1.0,0.0,0.0,1.0,0.0,0.3434343434343435,0.8194444444444444,0.34478095320423274,1
0.6596842761989657,0.447517537800759,0.5354656364574275,1.0000000000000004,0.0,0.4285714285714286,0.5,2021,5,0.2057,0.0,0.0,1.0,0.0,1.0,0.0,0.0,1.0,0.0,0.0,0.0,1.0,0.0,0.0,0.0,1.0,0.0,0.393939393939394,0.45833333333333326,0.34478095320423274,0
0.988998699993175,0.447517537800759,0.5354656364574275,1.0000000000000004,0.0,0.22857142857142865,0.5249999999999999,2024,7,0.3999,0.0,0.0,1.0,0.0,1.0,0.0,1.0,0.0,0.0,0.0,0.0,1.0,0.0,1.0,0.0,0.0,0.0,0.24242424242424243,0.375,0.05043034953477074,1
0.38823676709842325,0.47403795200027954,0.7559819110879777,0.0,0.0,0.4285714285714286,0.5,2022,4,0.2057,0.0,1.0,0.0,1.0,0.0,0.0,1.0,0.0,0.0,0.0,0.0,0.0,1.0,0.0,0.0,0.0,1.0,0.393939393939394,0.45833333333333326,0.5826050444903135,0
0.6596842761989657,0.447517537800759,0.5354656364574275,0.0,0.0,0.4285714285714286,0.5,2022,5,0.2057,0.0,0.0,1.0,0.0,1.0,0.0,0.0,0.0,1.0,0.0,0.0,0.0,1.0,0.0,0.0,0.0,1.0,0.393939393939394,0.45833333333333326,0.28844180225299054,1
0.38823676709842325,0.7333640994677713,0.5354656364574275,1.0000000000000004,0.0,0.4285714285714286,0.5,2024,7,0.1074,0.0,1.0,0.0,1.0,0.0,0.0,0.0,1.0,0.0,0.0,0.0,0.0,1.0,0.0,1.0,0.0,0.0,0.393939393939394,0.45833333333333326,0.6427439125168093,1
0.6596842761989657,0.47403795200027954,0.6574156301296643,0.0,0.0,0.4285714285714286,0.5,2023,1,0.185,0.0,0.0,1.0,0.0,1.0,0.0,0.0,0.0,0.0,1.0,0.0,0.0,1.0,0.0,0.0,0.0,1.0,0.393939393939394,0.45833333333333326,0.28844180225299054,1
0.8871587529039012,0.47403795200027954,0.5354656364574275,1.0000000000000004,1.0,0.4285714285714286,0.5,2023,12,0.3999,0.0,1.0,0.0,0.0,1.0,0.0,0.0,0.0,1.0,0.0,0.0,1.0,0.0,1.0,0.0,0.0,0.0,0.393939393939394,0.45833333333333326,0.1325100329080017,1
0.9494934354765419,0.47403795200027954,0.5354656364574275,0.0,0.0,0.9857142857142858,0.10000000000000009,2022,9,0.1074,0.0,0.0,1.0,0.0,1.0,0.0,0.0,0.0,1.0,0.0,0.0,1.0,0.0,0.0,1.0,0.0,0.0,0.9494949494949496,0.5069444444444446,0.035992393836476094,0
0.7059613126314263,0.7915032309033729,0.5354656364574275,0.0,1.0,0.7571428571428571,0.5750000000000002,2024,7,0.3999,0.0,1.0,0.0,0.0,1.0,0.0,1.0,0.0,0.0,0.0,0.0,1.0,0.0,0.0,0.0,1.0,0.0,0.595959595959596,0.6597222222222221,0.2436929589308451,1
0.7059613126314263,0.47403795200027954,0.5354656364574275,0.0,0.0,0.4285714285714286,0.5,2022,1,0.185,0.0,0.0,1.0,0.0,0.0,1.0,0.0,0.0,0.0,1.0,1.0,0.0,0.0,0.0,0.0,0.0,1.0,0.393939393939394,0.45833333333333326,0.2436929589308451,0
0.6596842761989657,0.447517537800759,0.6574156301296643,0.0,0.0,0.5,0.40000000000000013,2022,9,0.3999,1.0,0.0,0.0,1.0,0.0,0.0,0.0,1.0,0.0,0.0,0.0,0.0,1.0,0.0,0.0,0.0,1.0,0.48484848484848486,0.4375,0.28844180225299054,1
0.38823676709842325,0.47403795200027954,0.8896828119009514,0.0,0.0,0.5,0.20000000000000018,2025,9,0.3999,0.0,0.0,1.0,0.0,0.0,1.0,0.0,1.0,0.0,0.0,1.0,0.0,0.0,0.0,0.0,0.0,1.0,0.5656565656565657,0.32638888888888906,0.5826050444903135,1
0.7059613126314263,0.447517537800759,0.5354656364574275,0.0,0.0,0.4285714285714286,0.5,2023,5,0.1074,1.0,0.0,0.0,0.0,1.0,0.0,0.0,1.0,0.0,0.0,0.0,1.0,0.0,0.0,0.0,1.0,0.0,0.393939393939394,0.45833333333333326,0.2436929589308451,0
0.6596842761989657,0.892701769832168,0.5354656364574275,0.0,0.0,0.24285714285714288,0.42500000000000004,2023,3,0.3999,1.0,0.0,0.0,1.0,0.0,0.0,1.0,0.0,0.0,0.0,0.0,1.0,0.0,0.0,0.0,0.0,1.0,0.29292929292929293,0.32638888888888906,0.28844180225299054,1
0.38823676709842325,0.7075829848894277,0.08739654977087685,0.0,0.0,0.4285714285714286,0.5,2021,2,0.2057,1.0,0.0,0.0,1.0,0.0,0.0,1.0,0.0,0.0,0.0,0.0,1.0,0.0,0.0,1.0,0.0,0.0,0.393939393939394,0.45833333333333326,0.5826050444903135,1
0.9956662742319112,0.47403795200027954,0.5775595266479012,0.0,0.0,0.4285714285714286,0.5,2023,12,0.3999,0.0,1.0,0.0,1.0,0.0,0.0,1.0,0.0,0.0,0.0,0.0,1.0,0.0,0.0,0.0,1.0,0.0,0.393939393939394,0.45833333333333326,0.0029775906947896724,0
0.6596842761989657,0.7333640994677713,0.5354656364574275,0.0,0.0,0.4285714285714286,0.5,2021,8,0.1074,0.0,0.0,1.0,0.0,0.0,1.0,0.0,1.0,0.0,0.0,0.0,1.0,0.0,0.0,1.0,0.0,0.0,0.393939393939394,0.45833333333333326,0.28844180225299054,0
0.7059613126314263,0.8076230909183875,0.5354656364574275,0.0,0.0,0.4285714285714286,0.5,2024,9,0.185,1.0,0.0,0.0,0.0,0.0,1.0,1.0,0.0,0.0,0.0,0.0,0.0,1.0,0.0,0.0,1.0,0.0,0.393939393939394,0.45833333333333326,0.2436929589308451,0
0.7824103183150795,0.47403795200027954,0.5354656364574275,0.0,0.0,0.4285714285714286,0.5,2023,4,0.185,0.0,1.0,0.0,1.0,0.0,0.0,0.0,0.0,0.0,1.0,0.0,0.0,1.0,0.0,0.0,1.0,0.0,0.393939393939394,0.45833333333333326,0.17313381693596927,1
0.8295864392961818,0.46877930125428247,0.5354656364574275,0.0,0.0,0.4285714285714286,0.5,2022,5,0.185,0.0,0.0,1.0,0.0,1.0,0.0,1.0,0.0,0.0,0.0,0.0,0.0,1.0,0.0,1.0,0.0,0.0,0.393939393939394,0.45833333333333326,0.13186421916498706,0
0.6596842761989657,0.5000000000000004,0.5354656364574275,0.0,0.0,0.4285714285714286,0.5,2025,8,0.3999,1.0,0.0,0.0,1.0,0.0,0.0,0.0,1.0,0.0,0.0,0.0,1.0,0.0,0.0,0.0,1.0,0.0,0.393939393939394,0.45833333333333326,0.28844180225299054,0
0.7059613126314263,0.47403795200027954,0.3329788839402372,0.0,0.0,0.4285714285714286,0.5,2024,8,0.3999,0.0,1.0,0.0,0.0,1.0,0.0,1.0,0.0,0.0,0.0,0.0,0.0,1.0,0.0,0.0,0.0,1.0,0.393939393939394,0.45833333333333326,0.2436929589308451,1
0.6596842761989657,0.877663147704212,0.5354656364574275,0.0,0.0,0.4285714285714286,0.5,2020,9,0.3999,0.0,0.0,1.0,0.0,0.0,1.0,0.0,0.0,1.0,0.0,1.0,0.0,0.0,0.0,0.0,0.0,1.0,0.393939393939394,0.45833333333333326,0.28844180225299054,1
0.9750145535549487,0.47403795200027954,0.5354656364574275,0.0,0.0,0.4285714285714286,0.5,2021,2,0.3999,1.0,0.0,0.0,1.0,0.0,0.0,0.0,0.0,1.0,0.0,0.0,1.0,0.0,1.0,0.0,0.0,0.0,0.393939393939394,0.45833333333333326,0.017455542501302573,1
0.38823676709842325,0.5453972146881942,0.8468092285777598,0.0,1.0,0.3142857142857143,0.7749999999999999,2020,2,0.3999,1.0,0.0,0.0,0.0,1.0,0.0,0.0,0.0,0.0,1.0,0.0,1.0,0.0,0.0,1.0,0.0,0.0,0.20202020202020202,0.5555555555555556,0.5826050444903135,0
0.38823676709842325,0.10343859718543946,0.6314043239791136,0.0,0.0,0.4285714285714286,0.27500000000000013,2023,10,0.3999,1.0,0.0,0.0,0.0,1.0,0.0,1.0,0.0,0.0,0.0,0.0,1.0,0.0,0.0,1.0,0.0,0.0,0.48484848484848486,0.33333333333333326,0.5826050444903135,1
0.38823676709842325,0.47403795200027954,0.5354656364574275,0.0,1.0,0.4285714285714286,0.5,2024,8,0.3999,0.0,1.0,0.0,0.0,1.0,0.0,1.0,0.0,0.0,0.0,0.0,1.0,0.0,1.0,0.0,0.0,0.0,0.393939393939394,0.45833333333333326,0.5826050444903135,0
0.9266640174205345,0.2995895007389633,0.5354656364574275,0.0,0.0,0.4285714285714286,0.5,2021,9,0.1074,0.0,1.0,0.0,0.0,0.0,1.0,0.0,0.0,1.0,0.0,1.0,0.0,0.0,0.0,0.0,1.0,0.0,0.393939393939394,0.45833333333333326,0.053159268691928246,0
0.7059613126314263,0.47403795200027954,0.5354656364574275,0.0,0.0,0.44285714285714284,0.875,2022,5,0.3999,1.0,0.0,0.0,1.0,0.0,0.0,1.0,0.0,0.0,0.0,1.0,0.0,0.0,0.0,0.0,0.0,1.0,0.25252525252525254,0.6736111111111114,0.2436929589308451,1
0.9236334915818912,0.3056195945699809,0.9807086465701493,0.0,1.0,0.4285714285714286,0.5,2025,1,0.2057,1.0,0.0,0.0,0.0,1.0,0.0,0.0,0.0,0.0,1.0,0.0,1.0,0.0,0.0,0.0,0.0,1.0,0.393939393939394,0.45833333333333326,0.05547858198464192,1
0.38823676709842325,0.47403795200027954,0.5354656364574275,0.0,0.0,0.4571428571428573,0.30000000000000004,2023,3,0.185,1.0,0.0,0.0,0.0,0.0,1.0,1.0,0.0,0.0,0.0,0.0,0.0,1.0,0.0,1.0,0.0,0.0,0.494949494949495,0.3611111111111114,0.5826050444903135,0
0.6596842761989657,0.47403795200027954,0.5354656364574275,0.0,0.0,0.4285714285714286,0.5,2024,8,0.3999,0.0,1.0,0.0,0.0,0.0,1.0,0.0,0.0,1.0,0.0,0.0,1.0,0.0,0.0,0.0,0.0,1.0,0.393939393939394,0.45833333333333326,0.28844180225299054,0
0.38823676709842325,0.447517537800759,0.5354656364574275,0.0,0.0,0.5714285714285714,0.5750000000000002,2024,10,0.1074,0.0,1.0,0.0,0.0,0.0,1.0,1.0,0.0,0.0,0.0,0.0,1.0,0.0,0.0,0.0,1.0,0.0,0.4646464646464647,0.5694444444444444,0.5826050444903135,1
0.38823676709842325,0.47403795200027954,0.5354656364574275,1.0000000000000004,0.0,0.4285714285714286,0.5,2020,7,0.3999,0.0,1.0,0.0,0.0,1.0,0.0,0.0,1.0,0.0,0.0,0.0,1.0,0.0,0.0,0.0,1.0,0.0,0.393939393939394,0.45833333333333326,0.6427439125168093,0
0.7059613126314263,0.0747593573455676,0.6047950046859647,0.0,0.0,0.4285714285714286,0.5,2023,11,0.3999,0.0,1.0,0.0,0.0,0.0,1.0,0.0,1.0,0.0,0.0,1.0,0.0,0.0,0.0,0.0,0.0,1.0,0.393939393939394,0.45833333333333326,0.2436929589308451,1
0.7059613126314263,0.47403795200027954,0.5354656364574275,0.0,1.0,0.8857142857142857,0.125,2021,4,0.3999,1.0,0.0,0.0,0.0,0.0,1.0,0.0,0.0,1.0,0.0,1.0,0.0,0.0,1.0,0.0,0.0,0.0,0.8686868686868688,0.4722222222222223,0.2436929589308451,0
0.38823676709842325,0.12451862727614182,0.5354656364574275,0.0,1.0,0.4285714285714286,0.5,2021,1,0.3999,0.0,0.0,1.0,0.0,1.0,0.0,0.0,0.0,1.0,0.0,0.0,1.0,0.0,0.0,0.0,0.0,1.0,0.393939393939394,0.45833333333333326,0.5826050444903135,1
0.38823676709842325,0.447517537800759,0.5354656364574275,0.0,0.0,0.4285714285714286,0.5,2023,7,0.3999,1.0,0.0,0.0,1.0,0.0,0.0,1.0,0.0,0.0,0.0,0.0,0.0,1.0,0.0,0.0,0.0,1.0,0.393939393939394,0.45833333333333326,0.5826050444903135,1
0.38823676709842325,0.447517537800759,0.5354656364574275,0.0,0.0,0.8999999999999999,0.30000000000000004,2021,11,0.1074,0.0,0.0,1.0,1.0,0.0,0.0,0.0,0.0,0.0,1.0,0.0,0.0,1.0,1.0,0.0,0.0,0.0,0.8080808080808082,0.5763888888888891,0.5826050444903135,0
0.38823676709842325,0.47403795200027954,0.5354656364574275,1.0000000000000004,0.0,0.4285714285714286,0.5,2023,7,0.3999,0.0,0.0,1.0,0.0,1.0,0.0,0.0,0.0,1.0,0.0,1.0,0.0,0.0,0.0,0.0,1.0,0.0,0.393939393939394,0.45833333333333326,0.6427439125168093,0
0.5195737064824407,0.447517537800759,0.7559819110879777,0.0,0.0,0.4285714285714286,0.5,2024,2,0.1074,0.0,0.0,1.0,0.0,1.0,0.0,0.0,1.0,0.0,0.0,0.0,1.0,0.0,0.0,1.0,0.0,0.0,0.393939393939394,0.45833333333333326,0.4328924311374578,0
0.6596842761989657,0.23760903216621498,0.12873860205784737,0.0,0.0,0.4285714285714286,0.5,2024,8,0.3999,0.0,0.0,1.0,0.0,0.0,1.0,0.0,0.0,1.0,0.0,0.0,1.0,0.0,0.0,1.0,0.0,0.0,0.393939393939394,0.45833333333333326,0.28844180225299054,1
0.38823676709842325,0.4094038544714014,0.5354656364574275,0.0,0.0,0.4285714285714286,0.5,2024,8,0.102,0.0,0.0,1.0,1.0,0.0,0.0,0.0,0.0,1.0,0.0,0.0,1.0,0.0,0.0,0.0,1.0,0.0,0.393939393939394,0.45833333333333326,0.5826050444903135,1
0.7059613126314263,0.447517537800759,0.5354656364574275,1.0000000000000004,0.0,0.4285714285714286,0.5,2022,11,0.3999,0.0,1.0,0.0,0.0,1.0,0.0,0.0,1.0,0.0,0.0,1.0,0.0,0.0,0.0,0.0,0.0,1.0,0.393939393939394,0.45833333333333326,0.29887056355028807,1
0.38823676709842325,0.6812513424822684,0.5354656364574275,0.0,0.0,0.4285714285714286,0.5,2023,8,0.3999,1.0,0.0,0.0,0.0,0.0,1.0,1.0,0.0,0.0,0.0,0.0,0.0,1.0,0.0,0.0,0.0,1.0,0.393939393939394,0.45833333333333326,0.5826050444903135,1
0.9467678767049003,0.447517537800759,0.5354656364574275,0.0,0.0,0.6714285714285715,0.5,2020,12,0.3999,1.0,0.0,0.0,1.0,0.0,0.0,0.0,1.0,0.0,0.0,0.0,1.0,0.0,1.0,0.0,0.0,0.0,0.5656565656565657,0.5763888888888891,0.038013274281466586,0
0.9651638088320625,0.47403795200027954,0.5354656364574275,1.0000000000000004,0.0,0.4285714285714286,0.5,2024,12,0.2057,0.0,0.0,1.0,0.0,0.0,1.0,1.0,0.0,0.0,0.0,0.0,1.0,0.0,1.0,0.0,0.0,0.0,0.393939393939394,0.45833333333333326,0.06877073913735623,0
0.38823676709842325,0.179031446777127,0.5354656364574275,0.0,1.0,0.4285714285714286,0.5,2025,3,0.185,0.0,1.0,0.0,0.0,0.0,1.0,0.0,0.0,1.0,0.0,0.0,1.0,0.0,1.0,0.0,0.0,0.0,0.393939393939394,0.45833333333333326,0.5826050444903135,1
0.7059613126314263,0.5552624811526794,0.6953683552165835,0.0,1.0,0.4285714285714286,0.5,2024,8,0.3999,0.0,1.0,0.0,0.0,0.0,1.0,0.0,0.0,0.0,1.0,1.0,0.0,0.0,0.0,1.0,0.0,0.0,0.393939393939394,0.45833333333333326,0.2436929589308451,0
0.38823676709842325,0.8470242615341319,0.5354656364574275,0.0,0.0,0.2714285714285716,0.025000000000000133,2024,8,0.1074,1.0,0.0,0.0,0.0,0.0,1.0,1.0,0.0,0.0,0.0,0.0,0.0,1.0,0.0,0.0,0.0,1.0,0.47474747474747475,0.11805555555555558,0.5826050444903135,1
0.7059613126314263,0.8624388588869789,0.5354656364574275,0.0,0.0,0.4285714285714286,0.5,2022,10,0.102,0.0,0.0,1.0,0.0,0.0,1.0,1.0,0.0,0.0,0.0,0.0,1.0,0.0,0.0,0.0,0.0,1.0,0.393939393939394,0.45833333333333326,0.2436929589308451,0
0.9011428993421277,0.447517537800759,0.5354656364574275,0.0,0.0,0.4285714285714286,0.5,2022,10,0.3999,1.0,0.0,0.0,0.0,0.0,1.0,0.0,0.0,1.0,0.0,0.0,0.0,1.0,0.0,0.0,0.0,1.0,0.393939393939394,0.45833333333333326,0.07297978914527489,0
0.9266640174205345,0.8036128378517904,0.6953683552165835,1.0000000000000004,0.0,0.4285714285714286,0.5,2024,7,0.2057,0.0,0.0,1.0,1.0,0.0,0.0,0.0,0.0,1.0,0.0,1.0,0.0,0.0,1.0,0.0,0.0,0.0,0.393939393939394,0.45833333333333326,0.09954632860946486,0
0.7059613126314263,0.9896806784317875,0.5354656364574275,0.0,1.0,0.4285714285714286,0.5,2023,12,0.185,1.0,0.0,0.0,0.0,1.0,0.0,0.0,0.0,1.0,0.0,1.0,0.0,0.0,0.0,0.0,0.0,1.0,0.393939393939394,0.45833333333333326,0.2436929589308451,0
0.6596842761989657,0.2689886319792474,0.591257371862075,0.0,0.0,0.4285714285714286,0.5,2020,4,0.3999,0.0,0.0,1.0,0.0,0.0,1.0,0.0,1.0,0.0,0.0,0.0,1.0,0.0,0.0,0.0,0.0,1.0,0.393939393939394,0.45833333333333326,0.28844180225299054,1
0.7059613126314263,0.9001528603639222,0.5354656364574275,0.0,0.0,0.4285714285714286,0.5,2022,11,0.185,0.0,1.0,0.0,0.0,1.0,0.0,0.0,0.0,1.0,0.0,0.0,1.0,0.0,0.0,0.0,0.0,1.0,0.393939393939394,0.45833333333333326,0.2436929589308451,0
0.6596842761989657,0.6900911776928242,0.26280864795822545,0.0,1.0,0.4285714285714286,0.5,2024,12,0.3999,0.0,0.0,1.0,0.0,1.0,0.0,0.0,1.0,0.0,0.0,0.0,1.0,0.0,0.0,1.0,0.0,0.0,0.393939393939394,0.45833333333333326,0.28844180225299054,1
0.38823676709842325,0.82353494693001,0.5354656364574275,0.0,0.0,0.4285714285714286,0.5,2023,12,0.3999,0.0,1.0,0.0,0.0,1.0,0.0,1.0,0.0,0.0,0.0,0.0,1.0,0.0,0.0,0.0,0.0,1.0,0.393939393939394,0.45833333333333326,0.5826050444903135,1
0.6596842761989657,0.47403795200027954,0.5354656364574275,0.0,0.0,0.4285714285714286,0.5,2022,5,0.102,0.0,1.0,0.0,0.0,0.0,1.0,0.0,0.0,1.0,0.0,1.0,0.0,0.0,1.0,0.0,0.0,0.0,0.393939393939394,0.45833333333333326,0.28844180225299054,0
0.6596842761989657,0.47403795200027954,0.49178292733284845,0.0,0.0,0.5,1.0,2023,12,0.3999,0.0,1.0,0.0,1.0,0.0,0.0,0.0,0.0,1.0,0.0,0.0,1.0,0.0,0.0,0.0,0.0,1.0,0.24242424242424243,0.7708333333333333,0.28844180225299054,0
0.7059613126314263,0.47403795200027954,0.5354656364574275,0.0,1.0,0.4285714285714286,0.5,2024,3,0.102,0.0,0.0,1.0,1.0,0.0,0.0,0.0,0.0,1.0,0.0,1.0,0.0,0.0,0.0,0.0,0.0,1.0,0.393939393939394,0.45833333333333326,0.2436929589308451,1
0.8519443031609923,0.7502568531033167,0.5354656364574275,0.0,0.0,0.4285714285714286,0.5,2025,3,0.2057,0.0,0.0,1.0,0.0,0.0,1.0,0.0,0.0,1.0,0.0,1.0,0.0,0.0,0.0,0.0,1.0,0.0,0.393939393939394,0.45833333333333326,0.11296442566883733,0
0.38823676709842325,0.47403795200027954,0.5354656364574275,0.0,0.0,0.4285714285714286,0.5,2025,6,0.185,1.0,0.0,0.0,0.0,0.0,1.0,0.0,1.0,0.0,0.0,0.0,1.0,0.0,0.0,1.0,0.0,0.0,0.393939393939394,0.45833333333333326,0.5826050444903135,0
0.38823676709842325,0.7669213192885516,0.5354656364574275,0.0,0.0,0.8714285714285714,0.25,2021,3,0.185,1.0,0.0,0.0,0.0,0.0,1.0,1.0,0.0,0.0,0.0,0.0,1.0,0.0,0.0,0.0,0.0,1.0,0.8080808080808082,0.5347222222222221,0.5826050444903135,0
0.38823676709842325,0.47403795200027954,0.5065277689203116,1.0000000000000004,0.0,0.8000000000000003,0.5,2024,3,0.3999,0.0,1.0,0.0,0.0,1.0,0.0,0.0,0.0,1.0,0.0,0.0,1.0,0.0,1.0,0.0,0.0,0.0,0.6565656565656567,0.6388888888888891,0.6427439125168093,1
0.38823676709842325,0.47403795200027954,0.5354656364574275,0.0,0.0,0.4285714285714286,0.5,2025,1,0.2057,1.0,0.0,0.0,0.0,1.0,0.0,1.0,0.0,0.0,0.0,0.0,1.0,0.0,0.0,1.0,0.0,0.0,0.393939393939394,0.45833333333333326,0.5826050444903135,1
0.7059613126314263,0.47403795200027954,0.8135785898623755,0.0,0.0,0.7428571428571429,0.42500000000000004,2023,10,0.2057,1.0,0.0,0.0,1.0,0.0,0.0,0.0,0.0,0.0,1.0,0.0,0.0,1.0,0.0,0.0,0.0,1.0,0.6464646464646465,0.5694444444444444,0.2436929589308451,0
0.6886177335457992,0.47403795200027954,0.5354656364574275,0.0,1.0,0.4285714285714286,0.5,2024,6,0.3999,1.0,0.0,0.0,1.0,0.0,0.0,1.0,0.0,0.0,0.0,0.0,1.0,0.0,1.0,0.0,0.0,0.0,0.393939393939394,0.45833333333333326,0.26029014010964224,0
0.6596842761989657,0.9367475852276459,0.5354656364574275,0.0,0.0,0.6142857142857143,1.0,2024,2,0.2057,0.0,0.0,1.0,0.0,1.0,0.0,0.0,0.0,0.0,1.0,0.0,1.0,0.0,0.0,0.0,1.0,0.0,0.32323232323232326,0.8263888888888891,0.28844180225299054,1
0.38823676709842325,0.47403795200027954,0.5354656364574275,0.0,1.0,0.4285714285714286,0.5,2020,4,0.3999,1.0,0.0,0.0,1.0,0.0,0.0,0.0,0.0,0.0,1.0,1.0,0.0,0.0,0.0,0.0,0.0,1.0,0.393939393939394,0.45833333333333326,0.5826050444903135,0
0.6596842761989657,0.47403795200027954,0.6702053117729241,0.0,1.0,0.4285714285714286,0.5,2025,4,0.3999,1.0,0.0,0.0,0.0,0.0,1.0,0.0,0.0,0.0,1.0,0.0,1.0,0.0,0.0,1.0,0.0,0.0,0.393939393939394,0.45833333333333326,0.28844180225299054,0
0.7059613126314263,0.447517537800759,0.5354656364574275,0.0,0.0,0.4285714285714286,0.5,2024,8,0.3999,1.0,0.0,0.0,0.0,0.0,1.0,0.0,0.0,1.0,0.0,0.0,1.0,0.0,0.0,0.0,0.0,1.0,0.393939393939394,0.45833333333333326,0.2436929589308451,0
0.7059613126314263,0.47403795200027954,0.3498763287364808,0.0,1.0,0.4285714285714286,0.5,2023,3,0.3999,0.0,0.0,1.0,0.0,1.0,0.0,1.0,0.0,0.0,0.0,1.0,0.0,0.0,0.0,0.0,0.0,1.0,0.393939393939394,0.45833333333333326,0.2436929589308451,0
0.7059613126314263,0.47403795200027954,0.5354656364574275,0.0,1.0,0.4285714285714286,0.5,2020,2,0.102,0.0,0.0,1.0,1.0,0.0,0.0,1.0,0.0,0.0,0.0,0.0,1.0,0.0,0.0,0.0,0.0,1.0,0.393939393939394,0.45833333333333326,0.2436929589308451,0
0.6596842761989657,0.47403795200027954,0.8022862621300737,1.0000000000000004,1.0,0.22857142857142865,0.5500000000000003,2021,5,0.3999,1.0,0.0,0.0,0.0,0.0,1.0,1.0,0.0,0.0,0.0,0.0,1.0,0.0,0.0,0.0,1.0,0.0,0.23232323232323232,0.38888888888888906,0.34478095320423274,0
0.8561517958551143,0.46349812945138247,0.5354656364574275,0.0,0.0,0.08571428571428585,0.8250000000000002,2021,11,0.185,0.0,1.0,0.0,1.0,0.0,0.0,0.0,0.0,0.0,1.0,1.0,0.0,0.0,0.0,0.0,0.0,1.0,0.0202020202020202,0.4722222222222223,0.10945724761671569,0
0.7059613126314263,0.47403795200027954,0.12873860205784737,0.0,0.0,0.9285714285714288,0.8000000000000003,2022,7,0.3999,0.0,1.0,0.0,0.0,0.0,1.0,0.0,0.0,1.0,0.0,1.0,0.0,0.0,0.0,0.0,0.0,1.0,0.6262626262626264,0.8680555555555556,0.2436929589308451,0
0.6596842761989657,0.17234768119415467,0.5354656364574275,0.0,0.0,0.4285714285714286,0.5,2023,12,0.3999,0.0,0.0,1.0,0.0,0.0,1.0,0.0,0.0,1.0,0.0,1.0,0.0,0.0,0.0,0.0,1.0,0.0,0.393939393939394,0.45833333333333326,0.28844180225299054,0
0.3003809664473759,0.47403795200027954,0.5354656364574275,0.0,1.0,0.4285714285714286,0.5,2021,6,0.185,0.0,1.0,0.0,1.0,0.0,0.0,1.0,0.0,0.0,0.0,0.0,1.0,0.0,0.0,0.0,0.0,1.0,0.393939393939394,0.45833333333333326,0.694809747525401,1
0.7059613126314263,0.447517537800759,0.5354656364574275,0.0,1.0,0.4285714285714286,0.5,2021,7,0.3999,0.0,1.0,0.0,0.0,1.0,0.0,0.0,0.0,1.0,0.0,0.0,1.0,0.0,0.0,0.0,0.0,1.0,0.393939393939394,0.45833333333333326,0.2436929589308451,0
0.988998699993175,0.9185859648863031,0.5354656364574275,0.0,0.0,0.4285714285714286,0.5,2022,5,0.3999,1.0,0.0,0.0,0.0,1.0,0.0,0.0,0.0,1.0,0.0,1.0,0.0,0.0,1.0,0.0,0.0,0.0,0.393939393939394,0.45833333333333326,0.007599980034583148,0
0.38823676709842325,0.447517537800759,0.5354656364574275,0.0,1.0,0.4285714285714286,0.5,2025,9,0.3999,1.0,0.0,0.0,0.0,0.0,1.0,0.0,0.0,1.0,0.0,1.0,0.0,0.0,0.0,1.0,0.0,0.0,0.393939393939394,0.45833333333333326,0.5826050444903135,0
0.7059613126314263,0.47403795200027954,0.5354656364574275,0.0,0.0,0.4285714285714286,0.5,2022,2,0.2057,1.0,0.0,0.0,1.0,0.0,0.0,1.0,0.0,0.0,0.0,0.0,0.0,1.0,0.0,1.0,0.0,0.0,0.393939393939394,0.45833333333333326,0.2436929589308451,0
0.6596842761989657,0.447517537800759,0.5354656364574275,0.0,1.0,0.4285714285714286,0.5,2024,10,0.185,1.0,0.0,0.0,1.0,0.0,0.0,0.0,0.0,1.0,0.0,0.0,1.0,0.0,0.0,0.0,0.0,1.0,0.393939393939394,0.45833333333333326,0.28844180225299054,1
0.7059613126314263,0.47403795200027954,0.5354656364574275,0.0,0.0,0.37142857142857144,0.5249999999999999,2022,8,0.185,0.0,0.0,1.0,0.0,0.0,1.0,0.0,1.0,0.0,0.0,0.0,1.0,0.0,0.0,0.0,0.0,1.0,0.3434343434343435,0.44444444444444464,0.2436929589308451,1
0.9521851354989413,0.447517537800759,0.5354656364574275,0.0,1.0,0.4285714285714286,0.5,2024,2,0.102,0.0,0.0,1.0,1.0,0.0,0.0,0.0,0.0,1.0,0.0,0.0,0.0,1.0,0.0,0.0,0.0,1.0,0.393939393939394,0.45833333333333326,0.034004338394475614,1
0.9045023319895283,0.447517537800759,0.5354656364574275,1.0000000000000004,0.0,0.4285714285714286,0.5,2022,12,0.3999,0.0,1.0,0.0,1.0,0.0,0.0,0.0,1.0,0.0,0.0,0.0,1.0,0.0,0.0,0.0,1.0,0.0,0.393939393939394,0.45833333333333326,0.11787257405370385,0
0.9383792523906672,0.6221941181407362,0.5354656364574275,1.0000000000000004,1.0,0.4285714285714286,0.5,2020,10,0.2057,0.0,0.0,1.0,1.0,0.0,0.0,0.0,0.0,1.0,0.0,1.0,0.0,0.0,0.0,0.0,0.0,1.0,0.393939393939394,0.45833333333333326,0.09003576391578524,0
0.38823676709842325,0.47403795200027954,0.5354656364574275,0.0,0.0,0.4285714285714286,0.5,2023,3,0.3999,0.0,0.0,1.0,0.0,0.0,1.0,0.0,1.0,0.0,0.0,0.0,1.0,0.0,0.0,0.0,1.0,0.0,0.393939393939394,0.45833333333333326,0.5826050444903135,0
0.38823676709842325,0.47403795200027954,0.5354656364574275,0.0,0.0,0.4285714285714286,0.5,2020,6,0.1074,1.0,0.0,0.0,0.0,0.0,1.0,1.0,0.0,0.0,0.0,0.0,1.0,0.0,0.0,0.0,0.0,1.0,0.393939393939394,0.45833333333333326,0.5826050444903135,0
0.6886177335457992,0.47403795200027954,0.9610903055226858,0.0,1.0,0.20000000000000018,0.42500000000000004,2023,8,0.2057,0.0,1.0,0.0,0.0,1.0,0.0,0.0,0.0,0.0,1.0,1.0,0.0,0.0,1.0,0.0,0.0,0.0,0.26262626262626265,0.3055555555555556,0.26029014010964224,1
0.7059613126314263,0.13837441047700905,0.5354656364574275,1.0000000000000004,0.0,0.4285714285714286,0.5,2021,4,0.3999,1.0,0.0,0.0,0.0,0.0,1.0,0.0,1.0,0.0,0.0,0.0,1.0,0.0,0.0,0.0,0.0,1.0,0.393939393939394,0.45833333333333326,0.29887056355028807,0
0.38823676709842325,0.7751698566066048,0.5354656364574275,0.0,1.0,0.4285714285714286,0.5,2021,12,0.3999,0.0,0.0,1.0,0.0,1.0,0.0,1.0,0.0,0.0,0.0,0.0,1.0,0.0,1.0,0.0,0.0,0.0,0.393939393939394,0.45833333333333326,0.5826050444903135,0
0.9205599781297086,0.8624388588869789,0.5354656364574275,0.0,0.0,0.4285714285714286,0.5,2020,8,0.2057,0.0,1.0,0.0,0.0,1.0,0.0,0.0,0.0,1.0,0.0,0.0,1.0,0.0,1.0,0.0,0.0,0.0,0.393939393939394,0.45833333333333326,0.05784033428027044,1
0.7059613126314263,0.447517537800759,0.5354656364574275,1.0000000000000004,0.0,0.5714285714285714,0.7250000000000001,2025,4,0.3999,1.0,0.0,0.0,1.0,0.0,0.0,1.0,0.0,0.0,0.0,0.0,1.0,0.0,0.0,0.0,0.0,1.0,0.4040404040404041,0.6527777777777779,0.29887056355028807,0
0.7059613126314263,0.447517537800759,0.5354656364574275,0.0,0.0,0.4285714285714286,0.5,2020,8,0.3999,1.0,0.0,0.0,0.0,0.0,1.0,0.0,1.0,0.0,0.0,1.0,0.0,0.0,0.0,1.0,0.0,0.0,0.393939393939394,0.45833333333333326,0.2436929589308451,1
0.9626295218680472,0.9222397504666229,0.5354656364574275,0.0,0.0,0.2714285714285716,0.10000000000000009,2022,3,0.2057,0.0,0.0,1.0,0.0,1.0,0.0,0.0,0.0,1.0,0.0,1.0,0.0,0.0,0.0,0.0,0.0,1.0,0.4444444444444445,0.15972222222222232,0.02636345370865137,1
0.38823676709842325,0.47403795200027954,0.2260609770267461,0.0,0.0,0.4285714285714286,0.5,2021,11,0.2057,0.0,1.0,0.0,0.0,1.0,0.0,0.0,0.0,1.0,0.0,0.0,1.0,0.0,1.0,0.0,0.0,0.0,0.393939393939394,0.45833333333333326,0.5826050444903135,1
0.9750145535549487,0.47403795200027954,0.5354656364574275,0.0,0.0,0.4285714285714286,0.5,2022,7,0.3999,0.0,0.0,1.0,0.0,1.0,0.0,0.0,0.0,1.0,0.0,0.0,1.0,0.0,0.0,0.0,0.0,1.0,0.393939393939394,0.45833333333333326,0.017455542501302573,1
0.9205599781297086,0.2751698566066043,0.5354656364574275,0.0,0.0,0.4285714285714286,0.5,2021,3,0.3999,1.0,0.0,0.0,0.0,1.0,0.0,0.0,0.0,1.0,0.0,0.0,1.0,0.0,0.0,0.0,0.0,1.0,0.393939393939394,0.45833333333333326,0.05784033428027044,1
0.38823676709842325,0.47403795200027954,0.5354656364574275,0.0,0.0,0.4285714285714286,0.5,2022,4,0.2057,0.0,0.0,1.0,1.0,0.0,0.0,0.0,1.0,0.0,0.0,0.0,1.0,0.0,0.0,1.0,0.0,0.0,0.393939393939394,0.45833333333333326,0.5826050444903135,1
0.38823676709842325,0.33533553201709676,0.6181761295775301,0.0,0.0,0.3571428571428572,0.20000000000000018,2024,5,0.102,1.0,0.0,0.0,0.0,0.0,1.0,0.0,1.0,0.0,0.0,0.0,1.0,0.0,1.0,0.0,0.0,0.0,0.4646464646464647,0.25694444444444464,0.5826050444903135,0
0.38823676709842325,0.47403795200027954,0.5354656364574275,0.0,0.0,0.4285714285714286,0.5,2022,7,0.3999,0.0,0.0,1.0,0.0,1.0,0.0,0.0,0.0,0.0,1.0,1.0,0.0,0.0,1.0,0.0,0.0,0.0,0.393939393939394,0.45833333333333326,0.5826050444903135,0
0.7059613126314263,0.447517537800759,0.7077476647896876,0.0,0.0,0.4285714285714286,0.5,2025,9,0.185,0.0,0.0,1.0,0.0,1.0,0.0,1.0,0.0,0.0,0.0,1.0,0.0,0.0,0.0,0.0,0.0,1.0,0.393939393939394,0.45833333333333326,0.2436929589308451,0
0.7059613126314263,0.447517537800759,0.5354656364574275,0.0,1.0,0.4285714285714286,0.5,2024,10,0.3999,0.0,1.0,0.0,0.0,0.0,1.0,0.0,0.0,0.0,1.0,1.0,0.0,0.0,0.0,0.0,0.0,1.0,0.393939393939394,0.45833333333333326,0.2436929589308451,0
0.9574702527640595,0.43674758522764545,0.5354656364574275,0.0,0.0,0.4285714285714286,0.5,2023,7,0.2057,0.0,1.0,0.0,0.0,1.0,0.0,0.0,0.0,1.0,0.0,0.0,1.0,0.0,0.0,0.0,1.0,0.0,0.393939393939394,0.45833333333333326,0.03012325661296264,0
0.613898019286257,0.447517537800759,0.24458064270766489,0.0,1.0,0.4285714285714286,0.5,2021,1,0.3999,1.0,0.0,0.0,0.0,0.0,1.0,1.0,0.0,0.0,0.0,0.0,1.0,0.0,1.0,0.0,0.0,0.0,0.393939393939394,0.45833333333333326,0.3341544169135119,1
0.6596842761989657,0.9722875589012907,0.5354656364574275,0.0,0.0,0.4285714285714286,0.5,2021,1,0.3999,0.0,0.0,1.0,0.0,1.0,0.0,0.0,0.0,1.0,0.0,0.0,1.0,0.0,0.0,0.0,0.0,1.0,0.393939393939394,0.45833333333333326,0.28844180225299054,1
0.38823676709842325,0.47403795200027954,0.92082696199203,1.0000000000000004,0.0,0.4285714285714286,0.5,2022,6,0.3999,0.0,1.0,0.0,1.0,0.0,0.0,1.0,0.0,0.0,0.0,0.0,0.0,1.0,0.0,0.0,0.0,1.0,0.393939393939394,0.45833333333333326,0.6427439125168093,0
0.7059613126314263,0.5747593573455676,0.5354656364574275,0.0,0.0,0.4285714285714286,0.5,2021,11,0.2057,1.0,0.0,0.0,0.0,0.0,1.0,0.0,1.0,0.0,0.0,1.0,0.0,0.0,0.0,0.0,0.0,1.0,0.393939393939394,0.45833333333333326,0.2436929589308451,1
0.38823676709842325,0.47403795200027954,0.5354656364574275,0.0,0.0,0.4285714285714286,0.5,2025,2,0.3999,1.0,0.0,0.0,0.0,0.0,1.0,0.0,0.0,0.0,1.0,0.0,1.0,0.0,0.0,0.0,0.0,1.0,0.393939393939394,0.45833333333333326,0.5826050444903135,0
0.6596842761989657,0.47403795200027954,0.5354656364574275,0.0,0.0,0.9571428571428573,0.125,2021,4,0.185,0.0,0.0,1.0,0.0,0.0,1.0,0.0,0.0,1.0,0.0,1.0,0.0,0.0,0.0,0.0,0.0,1.0,0.9191919191919193,0.5069444444444446,0.28844180225299054,1
0.7059613126314263,0.8586032361019442,0.5354656364574275,0.0,1.0,0.4285714285714286,0.5,2024,6,0.3999,0.0,1.0,0.0,1.0,0.0,0.0,0.0,0.0,0.0,1.0,1.0,0.0,0.0,0.0,1.0,0.0,0.0,0.393939393939394,0.45833333333333326,0.2436929589308451,1
0.7059613126314263,0.47403795200027954,0.5354656364574275,0.0,0.0,0.4285714285714286,0.5,2022,2,0.2057,1.0,0.0,0.0,0.0,0.0,1.0,0.0,0.0,1.0,0.0,1.0,0.0,0.0,0.0,0.0,0.0,1.0,0.393939393939394,0.45833333333333326,0.2436929589308451,0
0.7059613126314263,0.47403795200027954,0.5354656364574275,0.0,0.0,0.4285714285714286,0.5,2024,5,0.1074,0.0,0.0,1.0,1.0,0.0,0.0,0.0,0.0,1.0,0.0,0.0,0.0,1.0,0.0,1.0,0.0,0.0,0.393939393939394,0.45833333333333326,0.2436929589308451,1
0.7369682696802135,0.47403795200027954,0.14886875138769273,0.0,0.0,0.4285714285714286,0.5,2022,4,0.3999,0.0,0.0,1.0,0.0,0.0,1.0,1.0,0.0,0.0,0.0,0.0,0.0,1.0,1.0,0.0,0.0,0.0,0.393939393939394,0.45833333333333326,0.21455289713415707,0
0.38823676709842325,0.47403795200027954,0.5354656364574275,0.0,0.0,0.4285714285714286,0.5,2025,3,0.1074,1.0,0.0,0.0,0.0,0.0,1.0,0.0,0.0,1.0,0.0,1.0,0.0,0.0,0.0,1.0,0.0,0.0,0.393939393939394,0.45833333333333326,0.5826050444903135,0
0.6596842761989657,0.47403795200027954,0.5354656364574275,0.0,0.0,0.4285714285714286,0.5,2021,6,0.2057,1.0,0.0,0.0,0.0,0.0,1.0,1.0,0.0,0.0,0.0,0.0,1.0,0.0,0.0,0.0,0.0,1.0,0.393939393939394,0.45833333333333326,0.28844180225299054,0
0.6596842761989657,0.47403795200027954,0.06615825826759014,0.0,0.0,0.4285714285714286,0.5,2025,7,0.3999,1.0,0.0,0.0,0.0,0.0,1.0,0.0,0.0,1.0,0.0,0.0,1.0,0.0,0.0,0.0,0.0,1.0,0.393939393939394,0.45833333333333326,0.28844180225299054,1
0.649112469029166,0.47403795200027954,0.5354656364574275,1.0000000000000004,0.0,0.12857142857142856,0.4750000000000001,2024,2,0.3999,0.0,0.0,1.0,1.0,0.0,0.0,0.0,0.0,0.0,1.0,1.0,0.0,0.0,0.0,0.0,1.0,0.0,0.19191919191919193,0.2986111111111114,0.35544794825456194,0
0.38823676709842325,0.447517537800759,0.5354656364574275,0.0,1.0,0.4285714285714286,0.5,2024,3,0.2057,1.0,0.0,0.0,1.0,0.0,0.0,0.0,0.0,1.0,0.0,0.0,0.0,1.0,0.0,1.0,0.0,0.0,0.393939393939394,0.45833333333333326,0.5826050444903135,0
0.7059613126314263,0.7586172358462506,0.5354656364574275,0.0,0.0,0.4285714285714286,0.5,2023,10,0.3999,1.0,0.0,0.0,0.0,1.0,0.0,0.0,0.0,0.0,1.0,1.0,0.0,0.0,0.0,0.0,0.0,1.0,0.393939393939394,0.45833333333333326,0.2436929589308451,0
0.6596842761989657,0.47403795200027954,0.8468092285777598,0.0,0.0,0.4285714285714286,0.5,2025,4,0.2057,0.0,0.0,1.0,1.0,0.0,0.0,0.0,0.0,0.0,1.0,0.0,1.0,0.0,0.0,0.0,0.0,1.0,0.393939393939394,0.45833333333333326,0.28844180225299054,0
0.3003809664473759,0.47403795200027954,0.5354656364574275,0.0,0.0,0.4285714285714286,0.5,2020,8,0.3999,0.0,1.0,0.0,1.0,0.0,0.0,0.0,0.0,1.0,0.0,0.0,0.0,1.0,0.0,0.0,0.0,1.0,0.393939393939394,0.45833333333333326,0.694809747525401,0
0.9821194217167522,0.47403795200027954,0.5354656364574275,0.0,0.0,0.9571428571428573,0.5500000000000003,2022,4,0.2057,0.0,0.0,1.0,1.0,0.0,0.0,1.0,0.0,0.0,0.0,0.0,1.0,0.0,0.0,0.0,0.0,1.0,0.7474747474747476,0.7430555555555556,0.012421196829099784,0
0.7059613126314263,0.5354523887642593,0.5354656364574275,0.0,0.0,0.4285714285714286,0.5,2024,5,0.102,0.0,0.0,1.0,0.0,1.0,0.0,1.0,0.0,0.0,0.0,0.0,1.0,0.0,0.0,1.0,0.0,0.0,0.393939393939394,0.45833333333333326,0.2436929589308451,1
0.38823676709842325,0.47403795200027954,0.5354656364574275,0.0,1.0,0.4285714285714286,0.5,2022,7,0.185,0.0,0.0,1.0,1.0,0.0,0.0,0.0,0.0,0.0,1.0,1.0,0.0,0.0,0.0,1.0,0.0,0.0,0.393939393939394,0.45833333333333326,0.5826050444903135,0
0.9821194217167522,0.47403795200027954,0.5354656364574275,1.0000000000000004,1.0,0.4285714285714286,0.5,2024,10,0.185,0.0,0.0,1.0,1.0,0.0,0.0,1.0,0.0,0.0,0.0,1.0,0.0,0.0,0.0,0.0,1.0,0.0,0.393939393939394,0.45833333333333326,0.05566594341678102,0
0.38823676709842325,0.47403795200027954,0.5354656364574275,0.0,0.0,0.4285714285714286,0.5,2024,4,0.2057,1.0,0.0,0.0,0.0,0.0,1.0,1.0,0.0,0.0,0.0,0.0,1.0,0.0,1.0,0.0,0.0,0.0,0.393939393939394,0.45833333333333326,0.5826050444903135,0
0.6596842761989657,0.47403795200027954,0.5354656364574275,0.0,0.0,0.4285714285714286,0.5,2023,6,0.1074,0.0,0.0,1.0,0.0,1.0,0.0,0.0,0.0,1.0,0.0,1.0,0.0,0.0,0.0,0.0,0.0,1.0,0.393939393939394,0.45833333333333326,0.28844180225299054,0
0.0,0.771052484730768,0.5354656364574275,0.0,1.0,0.4285714285714286,0.5,2025,8,0.1074,1.0,0.0,0.0,0.0,0.0,1.0,1.0,0.0,0.0,0.0,1.0,0.0,0.0,1.0,0.0,0.0,0.0,0.393939393939394,0.45833333333333326,0.9387591798167269,1
0.38823676709842325,0.9896806784317875,0.5354656364574275,0.0,1.0,0.4285714285714286,0.5,2023,11,0.185,0.0,1.0,0.0,0.0,1.0,0.0,0.0,0.0,1.0,0.0,1.0,0.0,0.0,0.0,0.0,0.0,1.0,0.393939393939394,0.45833333333333326,0.5826050444903135,1
0.8046533244696281,0.47403795200027954,0.835838014569739,0.0,1.0,0.5571428571428572,0.5,2021,9,0.2057,1.0,0.0,0.0,0.0,1.0,0.0,0.0,1.0,0.0,0.0,0.0,1.0,0.0,1.0,0.0,0.0,0.0,0.48484848484848486,0.5208333333333333,0.15344736073036283,0
0.6596842761989657,0.47403795200027954,0.5354656364574275,0.0,0.0,0.6714285714285715,0.375,2021,10,0.3999,0.0,0.0,1.0,0.0,1.0,0.0,0.0,0.0,0.0,1.0,1.0,0.0,0.0,0.0,0.0,0.0,1.0,0.6161616161616162,0.5069444444444446,0.28844180225299054,0
0.38823676709842325,0.179031446777127,0.5354656364574275,0.0,1.0,0.4285714285714286,0.5,2025,3,0.185,0.0,1.0,0.0,0.0,0.0,1.0,0.0,0.0,1.0,0.0,0.0,1.0,0.0,1.0,0.0,0.0,0.0,0.393939393939394,0.45833333333333326,0.5826050444903135,1
0.7059613126314263,0.7075829848894277,0.6702053117729241,1.0000000000000004,0.0,0.4285714285714286,0.5,2023,6,0.3999,1.0,0.0,0.0,0.0,1.0,0.0,0.0,1.0,0.0,0.0,1.0,0.0,0.0,1.0,0.0,0.0,0.0,0.393939393939394,0.45833333333333326,0.29887056355028807,0
0.23804628387473534,0.47403795200027954,0.5354656364574275,0.0,0.0,0.4285714285714286,0.5,2024,8,0.185,0.0,0.0,1.0,1.0,0.0,0.0,0.0,0.0,1.0,0.0,0.0,1.0,0.0,0.0,1.0,0.0,0.0,0.393939393939394,0.45833333333333326,0.7845415170589761,0
0.6596842761989657,0.447517537800759,0.26280864795822545,1.0000000000000004,1.0,0.4285714285714286,0.5,2025,6,0.3999,0.0,1.0,0.0,1.0,0.0,0.0,1.0,0.0,0.0,0.0,1.0,0.0,0.0,0.0,0.0,1.0,0.0,0.393939393939394,0.45833333333333326,0.34478095320423274,1
0.7059613126314263,0.447517537800759,0.5354656364574275,0.0,0.0,0.4285714285714286,0.5,2021,1,0.102,0.0,0.0,1.0,0.0,0.0,1.0,1.0,0.0,0.0,0.0,1.0,0.0,0.0,1.0,0.0,0.0,0.0,0.393939393939394,0.45833333333333326,0.2436929589308451,1
0.897730560073701,0.47403795200027954,0.5354656364574275,0.0,1.0,0.4285714285714286,0.5,2025,9,0.3999,0.0,1.0,0.0,0.0,1.0,0.0,0.0,1.0,0.0,0.0,1.0,0.0,0.0,0.0,0.0,0.0,1.0,0.393939393939394,0.45833333333333326,0.07567887812750071,0
0.7059613126314263,0.47403795200027954,0.5354656364574275,1.0000000000000004,0.0,0.4285714285714286,0.5,2020,6,0.3999,0.0,0.0,1.0,1.0,0.0,0.0,0.0,0.0,1.0,0.0,0.0,1.0,0.0,0.0,0.0,1.0,0.0,0.393939393939394,0.45833333333333326,0.29887056355028807,1
0.7059613126314263,0.47403795200027954,0.5354656364574275,1.0000000000000004,0.0,0.4285714285714286,0.5,2024,8,0.185,0.0,0.0,1.0,0.0,1.0,0.0,0.0,0.0,1.0,0.0,1.0,0.0,0.0,0.0,0.0,0.0,1.0,0.393939393939394,0.45833333333333326,0.29887056355028807,0
0.38823676709842325,0.47403795200027954,0.5354656364574275,0.0,0.0,0.2714285714285716,0.42500000000000004,2021,9,0.1074,1.0,0.0,0.0,0.0,0.0,1.0,0.0,0.0,0.0,1.0,0.0,1.0,0.0,0.0,0.0,1.0,0.0,0.31313131313131315,0.3402777777777779,0.5826050444903135,0
0.6596842761989657,0.47403795200027954,0.5354656364574275,0.0,1.0,0.642857142857143,0.2250000000000001,2021,11,0.3999,1.0,0.0,0.0,0.0,1.0,0.0,0.0,0.0,1.0,0.0,0.0,1.0,0.0,0.0,0.0,1.0,0.0,0.6565656565656567,0.4097222222222223,0.28844180225299054,0
0.4216379923242304,0.47403795200027954,0.5354656364574275,1.0000000000000004,0.0,0.4285714285714286,0.5,2021,5,0.2057,1.0,0.0,0.0,0.0,0.0,1.0,1.0,0.0,0.0,0.0,1.0,0.0,0.0,0.0,0.0,0.0,1.0,0.393939393939394,0.45833333333333326,0.602748851294205,0
0.38823676709842325,0.447517537800759,0.5354656364574275,0.0,0.0,0.4285714285714286,0.5,2024,10,0.3999,1.0,0.0,0.0,0.0,1.0,0.0,1.0,0.0,0.0,0.0,0.0,0.0,1.0,0.0,0.0,0.0,1.0,0.393939393939394,0.45833333333333326,0.5826050444903135,1
0.38823676709842325,0.447517537800759,0.5354656364574275,0.0,0.0,0.4285714285714286,0.5,2023,9,0.1074,0.0,0.0,1.0,0.0,1.0,0.0,0.0,0.0,0.0,1.0,1.0,0.0,0.0,0.0,0.0,0.0,1.0,0.393939393939394,0.45833333333333326,0.5826050444903135,0
0.7059613126314263,0.447517537800759,0.5354656364574275,0.0,1.0,0.4285714285714286,0.5,2021,2,0.3999,1.0,0.0,0.0,0.0,1.0,0.0,0.0,1.0,0.0,0.0,0.0,1.0,0.0,0.0,0.0,1.0,0.0,0.393939393939394,0.45833333333333326,0.2436929589308451,0
0.38823676709842325,0.82353494693001,0.5354656364574275,0.0,1.0,0.4285714285714286,0.5,2020,2,0.3999,0.0,1.0,0.0,0.0,0.0,1.0,0.0,0.0,1.0,0.0,1.0,0.0,0.0,0.0,1.0,0.0,0.0,0.393939393939394,0.45833333333333326,0.5826050444903135,1
0.7059613126314263,0.447517537800759,0.5354656364574275,0.0,0.0,0.4285714285714286,0.5,2022,2,0.102,0.0,1.0,0.0,0.0,0.0,1.0,0.0,0.0,1.0,0.0,1.0,0.0,0.0,0.0,0.0,0.0,1.0,0.393939393939394,0.45833333333333326,0.2436929589308451,1
0.954843807693316,0.47403795200027954,0.5354656364574275,0.0,0.0,0.2571428571428571,0.7250000000000001,2022,6,0.185,0.0,1.0,0.0,0.0,0.0,1.0,1.0,0.0,0.0,0.0,1.0,0.0,0.0,1.0,0.0,0.0,0.0,0.18181818181818182,0.5,0.03204823832820272,0
0.6596842761989657,0.47403795200027954,0.5354656364574275,0.0,0.0,0.4285714285714286,0.5,2022,8,0.3999,0.0,1.0,0.0,1.0,0.0,0.0,0.0,0.0,1.0,0.0,0.0,1.0,0.0,0.0,0.0,0.0,1.0,0.393939393939394,0.45833333333333326,0.28844180225299054,1
0.6596842761989657,0.19229127057113082,0.5354656364574275,0.0,0.0,0.4285714285714286,0.5,2024,10,0.1074,1.0,0.0,0.0,1.0,0.0,0.0,1.0,0.0,0.0,0.0,0.0,0.0,1.0,1.0,0.0,0.0,0.0,0.393939393939394,0.45833333333333326,0.28844180225299054,1
0.38823676709842325,0.82353494693001,0.5354656364574275,0.0,0.0,0.4285714285714286,0.5,2023,12,0.3999,0.0,1.0,0.0,0.0,1.0,0.0,1.0,0.0,0.0,0.0,0.0,1.0,0.0,0.0,0.0,0.0,1.0,0.393939393939394,0.45833333333333326,0.5826050444903135,1
0.8643293348478939,0.447517537800759,1.0,0.0,0.0,0.4285714285714286,0.5,2024,10,0.2057,0.0,0.0,1.0,0.0,1.0,0.0,0.0,0.0,1.0,0.0,0.0,1.0,0.0,0.0,0.0,0.0,1.0,0.393939393939394,0.45833333333333326,0.10268667679928131,1
0.38823676709842325,0.447517537800759,0.5354656364574275,0.0,1.0,0.4285714285714286,0.5,2025,1,0.2057,0.0,0.0,1.0,0.0,1.0,0.0,0.0,0.0,1.0,0.0,1.0,0.0,0.0,1.0,0.0,0.0,0.0,0.393939393939394,0.45833333333333326,0.5826050444903135,1
0.38823676709842325,0.447517537800759,0.5354656364574275,0.0,1.0,0.4285714285714286,0.5,2024,1,0.2057,1.0,0.0,0.0,0.0,1.0,0.0,1.0,0.0,0.0,0.0,1.0,0.0,0.0,0.0,0.0,0.0,1.0,0.393939393939394,0.45833333333333326,0.5826050444903135,1
0.9326008015387676,0.47403795200027954,0.5354656364574275,0.0,0.0,0.4285714285714286,0.5,2023,11,0.3999,0.0,0.0,1.0,1.0,0.0,0.0,1.0,0.0,0.0,0.0,1.0,0.0,0.0,0.0,0.0,0.0,1.0,0.393939393939394,0.45833333333333326,0.04864299352087206,0
0.4216379923242304,0.47403795200027954,0.3829487047303832,0.0,0.0,0.4285714285714286,0.5,2022,12,0.3999,1.0,0.0,0.0,0.0,0.0,1.0,0.0,1.0,0.0,0.0,0.0,1.0,0.0,0.0,0.0,0.0,1.0,0.393939393939394,0.45833333333333326,0.5428792661115055,0
0.38823676709842325,0.447517537800759,0.5354656364574275,0.0,0.0,0.4285714285714286,0.5,2023,8,0.102,0.0,0.0,1.0,0.0,0.0,1.0,1.0,0.0,0.0,0.0,1.0,0.0,0.0,1.0,0.0,0.0,0.0,0.393939393939394,0.45833333333333326,0.5826050444903135,1
0.38823676709842325,0.47403795200027954,0.7677328182287129,0.0,0.0,0.4285714285714286,0.5,2023,5,0.102,1.0,0.0,0.0,1.0,0.0,0.0,0.0,0.0,1.0,0.0,1.0,0.0,0.0,0.0,0.0,0.0,1.0,0.393939393939394,0.45833333333333326,0.5826050444903135,0
0.6596842761989657,0.1656274916407412,0.5354656364574275,0.0,0.0,0.4285714285714286,0.5,2020,4,0.3999,0.0,0.0,1.0,0.0,1.0,0.0,0.0,1.0,0.0,0.0,1.0,0.0,0.0,0.0,0.0,0.0,1.0,0.393939393939394,0.45833333333333326,0.28844180225299054,0
0.7059613126314263,0.0453972146881938,0.5354656364574275,0.0,0.0,0.5428571428571429,0.3500000000000001,2020,2,0.2057,0.0,0.0,1.0,0.0,1.0,0.0,0.0,1.0,0.0,0.0,0.0,0.0,1.0,1.0,0.0,0.0,0.0,0.5353535353535355,0.4305555555555556,0.2436929589308451,0
0.6596842761989657,0.185679181103799,0.5354656364574275,0.0,1.0,0.4285714285714286,0.5,2022,9,0.2057,0.0,1.0,0.0,0.0,0.0,1.0,0.0,0.0,0.0,1.0,0.0,0.0,1.0,0.0,0.0,0.0,1.0,0.393939393939394,0.45833333333333326,0.28844180225299054,0
0.9600652426463415,0.47403795200027954,0.5354656364574275,0.0,0.0,0.4285714285714286,0.5,2021,9,0.3999,0.0,1.0,0.0,0.0,0.0,1.0,0.0,1.0,0.0,0.0,0.0,1.0,0.0,1.0,0.0,0.0,0.0,0.393939393939394,0.45833333333333326,0.028228587237241004,1
0.6596842761989657,0.447517537800759,0.5354656364574275,0.0,0.0,0.4285714285714286,0.5,2020,7,0.3999,1.0,0.0,0.0,1.0,0.0,0.0,0.0,0.0,0.0,1.0,0.0,1.0,0.0,0.0,0.0,0.0,1.0,0.393939393939394,0.45833333333333326,0.28844180225299054,1
0.6596842761989657,0.47403795200027954,0.5354656364574275,0.0,0.0,0.4285714285714286,0.5,2023,5,0.3999,1.0,0.0,0.0,0.0,0.0,1.0,0.0,0.0,0.0,1.0,0.0,1.0,0.0,0.0,1.0,0.0,0.0,0.393939393939394,0.45833333333333326,0.28844180225299054,0
0.6596842761989657,0.47403795200027954,0.24458064270766489,0.0,0.0,0.4285714285714286,0.5,2025,9,0.3999,0.0,1.0,0.0,0.0,1.0,0.0,0.0,0.0,0.0,1.0,0.0,1.0,0.0,0.0,1.0,0.0,0.0,0.393939393939394,0.45833333333333326,0.28844180225299054,1
0.6596842761989657,0.447517537800759,0.08739654977087685,0.0,1.0,0.4285714285714286,0.5,2022,8,0.3999,1.0,0.0,0.0,0.0,1.0,0.0,0.0,0.0,0.0,1.0,1.0,0.0,0.0,0.0,1.0,0.0,0.0,0.393939393939394,0.45833333333333326,0.28844180225299054,1
0.7059613126314263,0.47403795200027954,0.5354656364574275,0.0,0.0,0.4285714285714286,0.5,2023,10,0.102,0.0,0.0,1.0,0.0,0.0,1.0,0.0,0.0,1.0,0.0,1.0,0.0,0.0,1.0,0.0,0.0,0.0,0.393939393939394,0.45833333333333326,0.2436929589308451,0
0.38823676709842325,0.9295150030212951,0.5354656364574275,0.0,0.0,0.6714285714285715,0.7250000000000001,2020,3,0.2057,0.0,0.0,1.0,0.0,0.0,1.0,1.0,0.0,0.0,0.0,0.0,1.0,0.0,0.0,1.0,0.0,0.0,0.47474747474747475,0.7013888888888891,0.5826050444903135,0
0.7059613126314263,0.47403795200027954,0.5354656364574275,0.0,1.0,0.4285714285714286,0.5,2020,7,0.2057,0.0,0.0,1.0,1.0,0.0,0.0,0.0,0.0,1.0,0.0,1.0,0.0,0.0,0.0,0.0,1.0,0.0,0.393939393939394,0.45833333333333326,0.2436929589308451,0
0.8476534883872682,0.47403795200027954,0.5354656364574275,0.0,0.0,0.4285714285714286,0.5,2021,8,0.1074,1.0,0.0,0.0,1.0,0.0,0.0,0.0,0.0,1.0,0.0,0.0,1.0,0.0,1.0,0.0,0.0,0.0,0.393939393939394,0.45833333333333326,0.1165574008242615,1
0.38823676709842325,0.2312361408186021,0.5354656364574275,1.0000000000000004,0.0,0.4285714285714286,0.5,2022,11,0.2057,1.0,0.0,0.0,0.0,0.0,1.0,0.0,0.0,1.0,0.0,1.0,0.0,0.0,0.0,0.0,0.0,1.0,0.393939393939394,0.45833333333333326,0.6427439125168093,0
0.38823676709842325,0.47403795200027954,0.5354656364574275,0.0,0.0,0.4285714285714286,0.5,2025,2,0.3999,0.0,0.0,1.0,1.0,0.0,0.0,0.0,0.0,1.0,0.0,1.0,0.0,0.0,0.0,0.0,1.0,0.0,0.393939393939394,0.45833333333333326,0.5826050444903135,1
0.9600652426463415,0.47403795200027954,0.5354656364574275,0.0,1.0,0.11428571428571432,0.40000000000000013,2024,6,0.2057,0.0,0.0,1.0,0.0,0.0,1.0,1.0,0.0,0.0,0.0,0.0,0.0,1.0,0.0,0.0,0.0,1.0,0.21212121212121213,0.25,0.028228587237241004,0
0.4216379923242304,0.447517537800759,0.6181761295775301,1.0000000000000004,0.0,0.4285714285714286,0.5,2022,3,0.3999,0.0,0.0,1.0,0.0,0.0,1.0,1.0,0.0,0.0,0.0,0.0,1.0,0.0,1.0,0.0,0.0,0.0,0.393939393939394,0.45833333333333326,0.602748851294205,1
0.7059613126314263,0.447517537800759,0.5354656364574275,1.0000000000000004,0.0,0.4285714285714286,0.5,2025,6,0.185,0.0,1.0,0.0,1.0,0.0,0.0,0.0,0.0,1.0,0.0,0.0,1.0,0.0,0.0,1.0,0.0,0.0,0.393939393939394,0.45833333333333326,0.29887056355028807,1
0.7509524161184398,0.47403795200027954,0.5354656364574275,0.0,0.0,0.4285714285714286,0.5,2025,5,0.185,0.0,0.0,1.0,1.0,0.0,0.0,0.0,0.0,1.0,0.0,1.0,0.0,0.0,1.0,0.0,0.0,0.0,0.393939393939394,0.45833333333333326,0.20164015746276445,1
0.6596842761989657,0.47403795200027954,0.5354656364574275,0.0,0.0,0.4285714285714286,0.5,2022,7,0.2057,1.0,0.0,0.0,1.0,0.0,0.0,0.0,0.0,0.0,1.0,0.0,1.0,0.0,0.0,1.0,0.0,0.0,0.393939393939394,0.45833333333333326,0.28844180225299054,1
0.7059613126314263,0.47403795200027954,0.5354656364574275,0.0,0.0,0.4285714285714286,0.5,2020,6,0.3999,0.0,0.0,1.0,1.0,0.0,0.0,1.0,0.0,0.0,0.0,0.0,1.0,0.0,0.0,0.0,0.0,1.0,0.393939393939394,0.45833333333333326,0.2436929589308451,1
0.38823676709842325,0.19229127057113082,0.5354656364574275,0.0,0.0,0.3571428571428572,0.2250000000000001,2023,7,0.2057,0.0,0.0,1.0,0.0,0.0,1.0,1.0,0.0,0.0,0.0,1.0,0.0,0.0,0.0,0.0,1.0,0.0,0.4545454545454546,0.27083333333333326,0.5826050444903135,0
0.7059613126314263,0.47403795200027954,0.8896828119009514,0.0,0.0,0.4285714285714286,0.5,2022,11,0.3999,0.0,1.0,0.0,1.0,0.0,0.0,0.0,1.0,0.0,0.0,1.0,0.0,0.0,0.0,1.0,0.0,0.0,0.393939393939394,0.45833333333333326,0.2436929589308451,1
0.38823676709842325,0.447517537800759,0.5354656364574275,0.0,1.0,0.4285714285714286,0.5,2020,6,0.3999,1.0,0.0,0.0,0.0,1.0,0.0,1.0,0.0,0.0,0.0,1.0,0.0,0.0,0.0,1.0,0.0,0.0,0.393939393939394,0.45833333333333326,0.5826050444903135,1
0.6596842761989657,0.47403795200027954,0.5354656364574275,0.0,0.0,0.9571428571428573,0.125,2021,4,0.185,0.0,0.0,1.0,0.0,0.0,1.0,0.0,0.0,1.0,0.0,1.0,0.0,0.0,0.0,0.0,0.0,1.0,0.9191919191919193,0.5069444444444446,0.28844180225299054,1
0.7059613126314263,0.9075591993313297,0.5354656364574275,0.0,0.0,0.4285714285714286,0.5,2023,1,0.1074,1.0,0.0,0.0,0.0,1.0,0.0,0.0,0.0,1.0,0.0,0.0,0.0,1.0,1.0,0.0,0.0,0.0,0.393939393939394,0.45833333333333326,0.2436929589308451,1
0.6596842761989657,0.9185859648863031,0.7077476647896876,1.0000000000000004,0.0,0.4285714285714286,0.5,2022,1,0.185,1.0,0.0,0.0,0.0,1.0,0.0,1.0,0.0,0.0,0.0,0.0,0.0,1.0,0.0,1.0,0.0,0.0,0.393939393939394,0.45833333333333326,0.34478095320423274,1
0.38823676709842325,0.47403795200027954,0.5354656364574275,1.0000000000000004,0.0,0.4285714285714286,0.5,2024,12,0.3999,0.0,0.0,1.0,1.0,0.0,0.0,0.0,0.0,1.0,0.0,1.0,0.0,0.0,0.0,1.0,0.0,0.0,0.393939393939394,0.45833333333333326,0.6427439125168093,0
0.6596842761989657,0.47403795200027954,0.5354656364574275,0.0,0.0,0.44285714285714284,0.625,2023,7,0.1074,0.0,0.0,1.0,0.0,0.0,1.0,1.0,0.0,0.0,0.0,1.0,0.0,0.0,0.0,0.0,0.0,1.0,0.35353535353535354,0.5347222222222221,0.28844180225299054,1
0.7059613126314263,0.7915032309033729,0.5354656364574275,0.0,0.0,0.4285714285714286,0.5,2023,10,0.3999,0.0,1.0,0.0,1.0,0.0,0.0,0.0,0.0,0.0,1.0,0.0,1.0,0.0,0.0,1.0,0.0,0.0,0.393939393939394,0.45833333333333326,0.2436929589308451,0
0.7059613126314263,0.47403795200027954,0.5354656364574275,0.0,0.0,0.8857142857142857,0.5750000000000002,2023,9,0.3999,0.0,0.0,1.0,0.0,1.0,0.0,0.0,0.0,0.0,1.0,1.0,0.0,0.0,0.0,0.0,0.0,1.0,0.686868686868687,0.7222222222222221,0.2436929589308451,1
0.7059613126314263,0.47403795200027954,0.5354656364574275,0.0,1.0,0.9571428571428573,0.4750000000000001,2022,1,0.2057,0.0,1.0,0.0,0.0,0.0,1.0,0.0,1.0,0.0,0.0,0.0,0.0,1.0,0.0,0.0,1.0,0.0,0.7777777777777779,0.7013888888888891,0.2436929589308451,0
0.7059613126314263,0.33533553201709676,0.5354656364574275,0.0,0.0,0.4285714285714286,0.5,2022,2,0.2057,1.0,0.0,0.0,0.0,0.0,1.0,0.0,0.0,1.0,0.0,1.0,0.0,0.0,0.0,0.0,0.0,1.0,0.393939393939394,0.45833333333333326,0.2436929589308451,0
0.38823676709842325,0.447517537800759,0.5354656364574275,0.0,1.0,0.4285714285714286,0.5,2021,3,0.3999,1.0,0.0,0.0,1.0,0.0,0.0,1.0,0.0,0.0,0.0,0.0,0.0,1.0,0.0,1.0,0.0,0.0,0.393939393939394,0.45833333333333326,0.5826050444903135,0
0.38823676709842325,0.447517537800759,0.3829487047303832,1.0000000000000004,1.0,0.4285714285714286,0.5,2022,11,0.3999,0.0,0.0,1.0,0.0,0.0,1.0,1.0,0.0,0.0,0.0,1.0,0.0,0.0,0.0,0.0,0.0,1.0,0.393939393939394,0.45833333333333326,0.6427439125168093,0
0.7059613126314263,0.447517537800759,0.5354656364574275,0.0,0.0,0.4285714285714286,0.5,2022,5,0.102,0.0,0.0,1.0,1.0,0.0,0.0,1.0,0.0,0.0,0.0,1.0,0.0,0.0,0.0,0.0,0.0,1.0,0.393939393939394,0.45833333333333326,0.2436929589308451,0
0.8683052090642308,0.8547556456757275,0.5354656364574275,0.0,0.0,0.4285714285714286,0.5,2024,11,0.3999,0.0,1.0,0.0,1.0,0.0,0.0,1.0,0.0,0.0,0.0,0.0,1.0,0.0,0.0,0.0,0.0,1.0,0.393939393939394,0.45833333333333326,0.09941696283721821,1
0.7059613126314263,0.447517537800759,0.5354656364574275,0.0,0.0,0.4285714285714286,0.5,2024,9,0.2057,0.0,1.0,0.0,0.0,1.0,0.0,0.0,0.0,0.0,1.0,1.0,0.0,0.0,1.0,0.0,0.0,0.0,0.393939393939394,0.45833333333333326,0.2436929589308451,0
0.6596842761989657,0.4421443191417156,0.5354656364574275,1.0000000000000004,0.0,0.08571428571428585,0.30000000000000004,2021,7,0.2057,1.0,0.0,0.0,1.0,0.0,0.0,1.0,0.0,0.0,0.0,1.0,0.0,0.0,1.0,0.0,0.0,0.0,0.23232323232323232,0.18055555555555558,0.34478095320423274,0
0.8942636210657047,0.47403795200027954,0.5354656364574275,0.0,0.0,0.4285714285714286,0.5,2023,6,0.3999,0.0,0.0,1.0,1.0,0.0,0.0,0.0,0.0,0.0,1.0,1.0,0.0,0.0,1.0,0.0,0.0,0.0,0.393939393939394,0.45833333333333326,0.07843276345318692,0
0.7059613126314263,0.47403795200027954,0.5354656364574275,0.0,0.0,0.4285714285714286,0.5,2021,5,0.2057,0.0,1.0,0.0,1.0,0.0,0.0,0.0,0.0,1.0,0.0,1.0,0.0,0.0,0.0,0.0,0.0,1.0,0.393939393939394,0.45833333333333326,0.2436929589308451,1
0.6596842761989657,0.47403795200027954,0.5354656364574275,1.0000000000000004,0.0,0.4285714285714286,0.5,2021,2,0.3999,0.0,1.0,0.0,1.0,0.0,0.0,0.0,0.0,0.0,1.0,1.0,0.0,0.0,0.0,0.0,0.0,1.0,0.393939393939394,0.45833333333333326,0.34478095320423274,0
0.7059613126314263,0.24394915786088633,0.7321160261480628,0.0,0.0,0.4285714285714286,0.5,2020,1,0.2057,0.0,0.0,1.0,0.0,0.0,1.0,0.0,1.0,0.0,0.0,0.0,1.0,0.0,0.0,0.0,0.0,1.0,0.393939393939394,0.45833333333333326,0.2436929589308451,0
0.6793959560724938,0.447517537800759,0.5354656364574275,0.0,1.0,0.4285714285714286,0.5,2020,6,0.1074,1.0,0.0,0.0,0.0,1.0,0.0,0.0,0.0,1.0,0.0,0.0,1.0,0.0,0.0,1.0,0.0,0.0,0.393939393939394,0.45833333333333326,0.26920028773358684,1
0.9701451561535046,0.47403795200027954,0.5354656364574275,0.0,0.0,0.18571428571428572,0.0,2022,5,0.2057,0.0,0.0,1.0,0.0,1.0,0.0,0.0,1.0,0.0,0.0,0.0,1.0,0.0,0.0,1.0,0.0,0.0,0.42424242424242425,0.0625,0.02093791712409046,1
0.38823676709842325,0.447517537800759,0.5354656364574275,0.0,1.0,0.4285714285714286,0.5,2022,11,0.3999,0.0,0.0,1.0,1.0,0.0,0.0,1.0,0.0,0.0,0.0,1.0,0.0,0.0,0.0,0.0,1.0,0.0,0.393939393939394,0.45833333333333326,0.5826050444903135,1
0.38823676709842325,0.447517537800759,0.5354656364574275,0.0,0.0,0.5,0.17500000000000004,2022,3,0.185,1.0,0.0,0.0,0.0,1.0,0.0,0.0,0.0,1.0,0.0,0.0,1.0,0.0,0.0,0.0,1.0,0.0,0.5757575757575758,0.3125,0.5826050444903135,0
0.6596842761989657,0.6406686469177232,0.5354656364574275,1.0000000000000004,1.0,0.4285714285714286,0.5,2020,1,0.185,0.0,1.0,0.0,0.0,0.0,1.0,0.0,1.0,0.0,0.0,1.0,0.0,0.0,0.0,0.0,0.0,1.0,0.393939393939394,0.45833333333333326,0.34478095320423274,1
0.38823676709842325,0.447517537800759,0.26280864795822545,0.0,1.0,0.9142857142857141,0.42500000000000004,2021,9,0.3999,1.0,0.0,0.0,0.0,0.0,1.0,1.0,0.0,0.0,0.0,0.0,0.0,1.0,1.0,0.0,0.0,0.0,0.7676767676767677,0.6527777777777779,0.5826050444903135,1
0.7059613126314263,0.14524435432427252,0.5354656364574275,0.0,0.0,0.4285714285714286,0.5,2022,9,0.3999,0.0,1.0,0.0,1.0,0.0,0.0,0.0,1.0,0.0,0.0,1.0,0.0,0.0,0.0,1.0,0.0,0.0,0.393939393939394,0.45833333333333326,0.2436929589308451,0
0.6596842761989657,0.47403795200027954,0.5354656364574275,0.0,0.0,0.4285714285714286,0.5,2025,8,0.1074,0.0,1.0,0.0,0.0,1.0,0.0,1.0,0.0,0.0,0.0,0.0,1.0,0.0,0.0,0.0,0.0,1.0,0.393939393939394,0.45833333333333326,0.28844180225299054,1
0.38823676709842325,0.47403795200027954,0.5354656364574275,0.0,0.0,0.4285714285714286,0.5,2024,10,0.1074,0.0,1.0,0.0,0.0,0.0,1.0,0.0,0.0,1.0,0.0,1.0,0.0,0.0,1.0,0.0,0.0,0.0,0.393939393939394,0.45833333333333326,0.5826050444903135,0
0.7938171132824735,0.447517537800759,0.5354656364574275,0.0,0.0,0.4285714285714286,0.5,2025,1,0.102,1.0,0.0,0.0,0.0,1.0,0.0,1.0,0.0,0.0,0.0,0.0,1.0,0.0,0.0,0.0,1.0,0.0,0.393939393939394,0.45833333333333326,0.16298828743946173,1
0.6596842761989657,0.47403795200027954,0.5354656364574275,0.0,0.0,0.4285714285714286,0.5,2025,3,0.102,1.0,0.0,0.0,0.0,0.0,1.0,1.0,0.0,0.0,0.0,0.0,0.0,1.0,0.0,0.0,0.0,1.0,0.393939393939394,0.45833333333333326,0.28844180225299054,1
0.6596842761989657,0.968779301254282,0.5354656364574275,0.0,1.0,0.4285714285714286,0.5,2023,7,0.185,0.0,0.0,1.0,1.0,0.0,0.0,0.0,0.0,0.0,1.0,0.0,0.0,1.0,0.0,0.0,1.0,0.0,0.393939393939394,0.45833333333333326,0.28844180225299054,1
0.6596842761989657,0.892701769832168,0.5354656364574275,0.0,0.0,0.24285714285714288,0.42500000000000004,2023,3,0.3999,1.0,0.0,0.0,1.0,0.0,0.0,1.0,0.0,0.0,0.0,0.0,1.0,0.0,0.0,0.0,0.0,1.0,0.29292929292929293,0.32638888888888906,0.28844180225299054,1
0.6596842761989657,0.47403795200027954,0.5354656364574275,1.0000000000000004,0.0,0.5142857142857145,0.8250000000000002,2021,12,0.3999,0.0,0.0,1.0,1.0,0.0,0.0,0.0,0.0,1.0,0.0,0.0,1.0,0.0,0.0,0.0,0.0,1.0,0.32323232323232326,0.6805555555555556,0.34478095320423274,0
0.7059613126314263,0.47403795200027954,0.5354656364574275,0.0,0.0,0.4285714285714286,0.5,2022,6,0.185,1.0,0.0,0.0,0.0,1.0,0.0,0.0,0.0,1.0,0.0,1.0,0.0,0.0,0.0,0.0,0.0,1.0,0.393939393939394,0.45833333333333326,0.2436929589308451,0
0.38823676709842325,0.47403795200027954,0.5354656364574275,0.0,0.0,0.4285714285714286,0.5,2023,10,0.2057,0.0,0.0,1.0,0.0,0.0,1.0,1.0,0.0,0.0,0.0,0.0,1.0,0.0,0.0,0.0,0.0,1.0,0.393939393939394,0.45833333333333326,0.5826050444903135,1
0.7059613126314263,0.447517537800759,0.5354656364574275,0.0,0.0,0.4285714285714286,0.5,2021,8,0.185,1.0,0.0,0.0,0.0,1.0,0.0,0.0,0.0,0.0,1.0,1.0,0.0,0.0,0.0,0.0,0.0,1.0,0.393939393939394,0.45833333333333326,0.2436929589308451,0
0.7059613126314263,0.47403795200027954,0.5354656364574275,0.0,0.0,0.8142857142857145,0.875,2021,5,0.3999,1.0,0.0,0.0,0.0,1.0,0.0,0.0,1.0,0.0,0.0,1.0,0.0,0.0,0.0,0.0,1.0,0.0,0.5151515151515152,0.8541666666666667,0.2436929589308451,1
0.7059613126314263,0.47403795200027954,0.14886875138769273,0.0,0.0,0.4285714285714286,0.5,2021,5,0.3999,0.0,0.0,1.0,0.0,1.0,0.0,1.0,0.0,0.0,0.0,0.0,1.0,0.0,0.0,0.0,0.0,1.0,0.393939393939394,0.45833333333333326,0.2436929589308451,1
0.7059613126314263,0.5102336830577312,0.5354656364574275,0.0,1.0,0.4285714285714286,0.5,2025,2,0.102,0.0,1.0,0.0,0.0,1.0,0.0,1.0,0.0,0.0,0.0,1.0,0.0,0.0,0.0,0.0,0.0,1.0,0.393939393939394,0.45833333333333326,0.2436929589308451,1
0.7059613126314263,0.8274810358371432,0.3991371422078265,0.0,0.0,0.4285714285714286,0.5,2022,11,0.1074,0.0,1.0,0.0,0.0,1.0,0.0,0.0,1.0,0.0,0.0,1.0,0.0,0.0,1.0,0.0,0.0,0.0,0.393939393939394,0.45833333333333326,0.2436929589308451,0
0.38823676709842325,0.47403795200027954,0.5354656364574275,0.0,1.0,0.4285714285714286,0.5,2022,5,0.3999,0.0,0.0,1.0,0.0,0.0,1.0,0.0,1.0,0.0,0.0,1.0,0.0,0.0,0.0,1.0,0.0,0.0,0.393939393939394,0.45833333333333326,0.5826050444903135,0
0.8643293348478939,0.447517537800759,1.0,0.0,0.0,0.4285714285714286,0.5,2024,10,0.2057,0.0,0.0,1.0,0.0,1.0,0.0,0.0,0.0,1.0,0.0,0.0,1.0,0.0,0.0,0.0,0.0,1.0,0.393939393939394,0.45833333333333326,0.10268667679928131,1
0.7059613126314263,0.447517537800759,0.5354656364574275,0.0,1.0,0.18571428571428572,0.10000000000000009,2021,10,0.3999,0.0,1.0,0.0,0.0,0.0,1.0,1.0,0.0,0.0,0.0,1.0,0.0,0.0,0.0,0.0,1.0,0.0,0.38383838383838387,0.11805555555555558,0.2436929589308451,0
0.6596842761989657,0.47403795200027954,0.7677328182287129,1.0000000000000004,0.0,0.4285714285714286,0.5,2021,1,0.3999,0.0,0.0,1.0,1.0,0.0,0.0,0.0,1.0,0.0,0.0,1.0,0.0,0.0,1.0,0.0,0.0,0.0,0.393939393939394,0.45833333333333326,0.34478095320423274,0
0.7059613126314263,0.968779301254282,0.5354656364574275,0.0,1.0,0.4285714285714286,0.5,2023,8,0.3999,0.0,1.0,0.0,0.0,1.0,0.0,1.0,0.0,0.0,0.0,0.0,0.0,1.0,0.0,0.0,1.0,0.0,0.393939393939394,0.45833333333333326,0.2436929589308451,0
0.7059613126314263,0.47403795200027954,0.5354656364574275,1.0000000000000004,0.0,0.4285714285714286,0.5,2023,4,0.3999,1.0,0.0,0.0,0.0,1.0,0.0,1.0,0.0,0.0,0.0,0.0,0.0,1.0,0.0,0.0,1.0,0.0,0.393939393939394,0.45833333333333326,0.29887056355028807,0
0.6596842761989657,0.23760903216621498,0.3829487047303832,0.0,1.0,0.4285714285714286,0.5,2024,12,0.3999,1.0,0.0,0.0,0.0,0.0,1.0,0.0,0.0,1.0,0.0,1.0,0.0,0.0,1.0,0.0,0.0,0.0,0.393939393939394,0.45833333333333326,0.28844180225299054,0
0.5195737064824407,0.5601656754104924,0.5354656364574275,0.0,0.0,0.4285714285714286,0.5,2023,4,0.2057,0.0,0.0,1.0,0.0,0.0,1.0,0.0,0.0,1.0,0.0,0.0,0.0,1.0,1.0,0.0,0.0,0.0,0.393939393939394,0.45833333333333326,0.4328924311374578,0
0.7059613126314263,0.47403795200027954,0.5354656364574275,1.0000000000000004,0.0,0.4285714285714286,0.5,2021,10,0.3999,0.0,0.0,1.0,0.0,0.0,1.0,0.0,0.0,1.0,0.0,0.0,1.0,0.0,0.0,1.0,0.0,0.0,0.393939393939394,0.45833333333333326,0.29887056355028807,1
0.7059613126314263,0.47403795200027954,0.3158310975377949,0.0,0.0,0.4285714285714286,0.5,2025,6,0.185,0.0,1.0,0.0,1.0,0.0,0.0,0.0,0.0,1.0,0.0,1.0,0.0,0.0,0.0,0.0,0.0,1.0,0.393939393939394,0.45833333333333326,0.2436929589308451,1
0.38823676709842325,0.447517537800759,0.5354656364574275,0.0,0.0,0.4285714285714286,0.5,2023,5,0.3999,0.0,1.0,0.0,0.0,0.0,1.0,0.0,0.0,0.0,1.0,0.0,1.0,0.0,0.0,0.0,1.0,0.0,0.393939393939394,0.45833333333333326,0.5826050444903135,0
0.8519443031609923,0.47403795200027954,0.5354656364574275,0.0,0.0,0.4285714285714286,0.5,2021,9,0.102,0.0,0.0,1.0,0.0,1.0,0.0,1.0,0.0,0.0,0.0,1.0,0.0,0.0,0.0,0.0,1.0,0.0,0.393939393939394,0.45833333333333326,0.11296442566883733,1
0.38823676709842325,0.47403795200027954,0.9610903055226858,0.0,0.0,0.4285714285714286,0.5,2024,5,0.185,0.0,0.0,1.0,0.0,0.0,1.0,1.0,0.0,0.0,0.0,1.0,0.0,0.0,0.0,1.0,0.0,0.0,0.393939393939394,0.45833333333333326,0.5826050444903135,1
0.7059613126314263,0.47403795200027954,0.5354656364574275,0.0,0.0,0.5571428571428572,0.8250000000000002,2021,2,0.1074,1.0,0.0,0.0,0.0,1.0,0.0,0.0,0.0,1.0,0.0,0.0,1.0,0.0,0.0,1.0,0.0,0.0,0.35353535353535354,0.7013888888888891,0.2436929589308451,0
0.9045023319895283,0.47403795200027954,0.5354656364574275,0.0,0.0,0.4285714285714286,0.5,2022,3,0.1074,0.0,1.0,0.0,0.0,1.0,0.0,0.0,0.0,0.0,1.0,0.0,1.0,0.0,0.0,1.0,0.0,0.0,0.393939393939394,0.45833333333333326,0.07033368718684699,0
0.7059613126314263,0.47403795200027954,0.5354656364574275,0.0,0.0,0.4285714285714286,0.5,2024,8,0.185,0.0,0.0,1.0,1.0,0.0,0.0,0.0,0.0,1.0,0.0,1.0,0.0,0.0,0.0,0.0,1.0,0.0,0.393939393939394,0.45833333333333326,0.2436929589308451,1
0.6596842761989657,0.968779301254282,0.5354656364574275,0.0,1.0,0.4285714285714286,0.5,2023,7,0.185,0.0,0.0,1.0,1.0,0.0,0.0,0.0,0.0,0.0,1.0,0.0,0.0,1.0,0.0,0.0,1.0,0.0,0.393939393939394,0.45833333333333326,0.28844180225299054,1
0.7059613126314263,0.47403795200027954,0.5354656364574275,0.0,0.0,0.4285714285714286,0.5,2023,8,0.2057,0.0,1.0,0.0,0.0,0.0,1.0,0.0,0.0,1.0,0.0,1.0,0.0,0.0,0.0,0.0,0.0,1.0,0.393939393939394,0.45833333333333326,0.2436929589308451,0
0.6596842761989657,0.9038615901705227,0.5354656364574275,0.0,0.0,0.4285714285714286,0.5,2023,6,0.2057,0.0,0.0,1.0,1.0,0.0,0.0,0.0,0.0,0.0,1.0,1.0,0.0,0.0,0.0,0.0,0.0,1.0,0.393939393939394,0.45833333333333326,0.28844180225299054,1
0.38823676709842325,0.9222397504666229,0.5354656364574275,0.0,0.0,0.7285714285714286,0.07500000000000018,2020,12,0.3999,0.0,1.0,0.0,0.0,1.0,0.0,1.0,0.0,0.0,0.0,0.0,0.0,1.0,0.0,0.0,0.0,1.0,0.7777777777777779,0.3680555555555556,0.5826050444903135,1
0.6596842761989657,0.2627762675498362,0.92082696199203,0.0,0.0,0.4285714285714286,0.5,2021,10,0.1074,0.0,1.0,0.0,1.0,0.0,0.0,0.0,1.0,0.0,0.0,0.0,1.0,0.0,0.0,0.0,1.0,0.0,0.393939393939394,0.45833333333333326,0.28844180225299054,1
0.8871587529039012,0.447517537800759,0.5354656364574275,0.0,0.0,0.34285714285714297,0.9250000000000003,2025,6,0.3999,1.0,0.0,0.0,0.0,1.0,0.0,0.0,0.0,1.0,0.0,0.0,1.0,0.0,0.0,0.0,0.0,1.0,0.16161616161616163,0.6527777777777779,0.08411262040353126,0
0.9651638088320625,0.47403795200027954,0.5354656364574275,1.0000000000000004,0.0,0.4285714285714286,0.5,2024,6,0.185,0.0,1.0,0.0,0.0,0.0,1.0,0.0,0.0,1.0,0.0,0.0,1.0,0.0,1.0,0.0,0.0,0.0,0.393939393939394,0.45833333333333326,0.06877073913735623,1
0.6596842761989657,0.2689886319792474,0.5354656364574275,0.0,0.0,0.8571428571428572,0.625,2021,7,0.3999,0.0,0.0,1.0,1.0,0.0,0.0,0.0,1.0,0.0,0.0,1.0,0.0,0.0,0.0,1.0,0.0,0.0,0.6464646464646465,0.7361111111111114,0.28844180225299054,1
0.9174422399472292,0.447517537800759,0.5354656364574275,1.0000000000000004,0.0,0.6142857142857143,0.4500000000000002,2022,1,0.1074,1.0,0.0,0.0,1.0,0.0,0.0,0.0,0.0,1.0,0.0,1.0,0.0,0.0,0.0,0.0,1.0,0.0,0.5454545454545455,0.5208333333333333,0.10711960453183664,1
0.7059613126314263,0.47403795200027954,0.5354656364574275,0.0,0.0,0.4285714285714286,0.5,2024,3,0.3999,0.0,1.0,0.0,1.0,0.0,0.0,0.0,0.0,0.0,1.0,1.0,0.0,0.0,0.0,0.0,0.0,1.0,0.393939393939394,0.45833333333333326,0.2436929589308451,0
0.38823676709842325,0.2312361408186021,0.5354656364574275,0.0,1.0,0.4285714285714286,0.5,2023,12,0.3999,0.0,1.0,0.0,0.0,0.0,1.0,0.0,0.0,1.0,0.0,0.0,0.0,1.0,0.0,0.0,0.0,1.0,0.393939393939394,0.45833333333333326,0.5826050444903135,1
0.7059613126314263,0.47403795200027954,0.5354656364574275,0.0,1.0,0.4285714285714286,0.5,2020,1,0.3999,1.0,0.0,0.0,0.0,1.0,0.0,0.0,1.0,0.0,0.0,0.0,1.0,0.0,0.0,0.0,1.0,0.0,0.393939393939394,0.45833333333333326,0.2436929589308451,0
0.7059613126314263,0.3586032361019438,0.5354656364574275,0.0,0.0,0.14285714285714302,0.7749999999999999,2020,3,0.102,1.0,0.0,0.0,0.0,1.0,0.0,0.0,0.0,1.0,0.0,0.0,1.0,0.0,0.0,0.0,0.0,1.0,0.08080808080808081,0.4722222222222223,0.2436929589308451,0
0.38823676709842325,0.447517537800759,0.5354656364574275,0.0,0.0,0.08571428571428585,0.3500000000000001,2020,9,0.3999,0.0,1.0,0.0,0.0,1.0,0.0,0.0,0.0,1.0,0.0,1.0,0.0,0.0,0.0,0.0,1.0,0.0,0.21212121212121213,0.20833333333333326,0.5826050444903135,0
0.7059613126314263,0.447517537800759,0.6574156301296643,0.0,1.0,0.4285714285714286,0.5,2021,10,0.185,0.0,0.0,1.0,1.0,0.0,0.0,0.0,0.0,0.0,1.0,0.0,1.0,0.0,0.0,0.0,1.0,0.0,0.393939393939394,0.45833333333333326,0.2436929589308451,0
0.6596842761989657,0.47403795200027954,0.5354656364574275,0.0,0.0,0.4285714285714286,0.5,2025,5,0.2057,0.0,0.0,1.0,0.0,1.0,0.0,1.0,0.0,0.0,0.0,1.0,0.0,0.0,0.0,1.0,0.0,0.0,0.393939393939394,0.45833333333333326,0.28844180225299054,1
0.6596842761989657,0.47403795200027954,0.5354656364574275,0.0,0.0,0.4285714285714286,0.5,2024,6,0.185,0.0,0.0,1.0,0.0,0.0,1.0,1.0,0.0,0.0,0.0,1.0,0.0,0.0,0.0,1.0,0.0,0.0,0.393939393939394,0.45833333333333326,0.28844180225299054,0
0.7059613126314263,0.7669213192885516,0.5354656364574275,1.0000000000000004,0.0,0.4285714285714286,0.5,2021,3,0.2057,0.0,1.0,0.0,0.0,0.0,1.0,1.0,0.0,0.0,0.0,0.0,0.0,1.0,1.0,0.0,0.0,0.0,0.393939393939394,0.45833333333333326,0.29887056355028807,0
0.6596842761989657,0.47403795200027954,0.3665306363799026,0.0,0.0,0.40000000000000013,0.5249999999999999,2021,4,0.3999,0.0,1.0,0.0,0.0,1.0,0.0,0.0,0.0,1.0,0.0,0.0,1.0,0.0,0.0,0.0,0.0,1.0,0.36363636363636365,0.45833333333333326,0.28844180225299054,1
0.7059613126314263,0.447517537800759,0.5354656364574275,0.0,0.0,0.4285714285714286,0.5,2023,9,0.2057,0.0,1.0,0.0,0.0,1.0,0.0,1.0,0.0,0.0,0.0,1.0,0.0,0.0,0.0,0.0,1.0,0.0,0.393939393939394,0.45833333333333326,0.2436929589308451,1
0.6596842761989657,0.447517537800759,0.5354656364574275,0.0,0.0,0.4285714285714286,0.5,2023,10,0.2057,0.0,1.0,0.0,1.0,0.0,0.0,0.0,1.0,0.0,0.0,0.0,1.0,0.0,1.0,0.0,0.0,0.0,0.393939393939394,0.45833333333333326,0.28844180225299054,0
0.6596842761989657,0.47403795200027954,0.5354656364574275,0.0,0.0,0.17142857142857149,0.15000000000000013,2024,6,0.3999,0.0,0.0,1.0,1.0,0.0,0.0,1.0,0.0,0.0,0.0,0.0,1.0,0.0,0.0,0.0,1.0,0.0,0.35353535353535354,0.13888888888888906,0.28844180225299054,0
0.6596842761989657,0.47403795200027954,0.7559819110879777,0.0,0.0,0.4285714285714286,0.5,2023,2,0.2057,0.0,0.0,1.0,1.0,0.0,0.0,1.0,0.0,0.0,0.0,0.0,0.0,1.0,0.0,0.0,0.0,1.0,0.393939393939394,0.45833333333333326,0.28844180225299054,0
0.7059613126314263,0.7418394024597226,0.9903945140699006,0.0,0.0,0.4285714285714286,0.5,2022,5,0.2057,0.0,0.0,1.0,0.0,1.0,0.0,0.0,0.0,0.0,1.0,1.0,0.0,0.0,0.0,0.0,0.0,1.0,0.393939393939394,0.45833333333333326,0.2436929589308451,0
0.38823676709842325,0.5102336830577312,0.5354656364574275,0.0,0.0,0.4285714285714286,0.5,2022,12,0.185,0.0,1.0,0.0,0.0,0.0,1.0,0.0,0.0,0.0,1.0,0.0,0.0,1.0,0.0,0.0,1.0,0.0,0.393939393939394,0.45833333333333326,0.5826050444903135,0
0.6596842761989657,0.47403795200027954,0.5354656364574275,0.0,0.0,0.4285714285714286,0.5,2020,9,0.2057,0.0,0.0,1.0,0.0,0.0,1.0,0.0,0.0,0.0,1.0,1.0,0.0,0.0,1.0,0.0,0.0,0.0,0.393939393939394,0.45833333333333326,0.28844180225299054,1
0.7059613126314263,0.47403795200027954,0.3158310975377949,0.0,0.0,0.4285714285714286,0.5,2025,6,0.185,0.0,1.0,0.0,1.0,0.0,0.0,0.0,0.0,1.0,0.0,1.0,0.0,0.0,0.0,0.0,0.0,1.0,0.393939393939394,0.45833333333333326,0.2436929589308451,1
0.7059613126314263,0.47403795200027954,0.5354656364574275,0.0,1.0,0.4285714285714286,0.5,2022,6,0.3999,0.0,0.0,1.0,0.0,0.0,1.0,1.0,0.0,0.0,0.0,0.0,1.0,0.0,0.0,0.0,1.0,0.0,0.393939393939394,0.45833333333333326,0.2436929589308451,0
0.6596842761989657,0.9075591993313297,0.5354656364574275,0.0,0.0,0.4285714285714286,0.5,2021,1,0.3999,0.0,0.0,1.0,1.0,0.0,0.0,0.0,1.0,0.0,0.0,1.0,0.0,0.0,0.0,0.0,1.0,0.0,0.393939393939394,0.45833333333333326,0.28844180225299054,1
0.9521851354989413,0.47403795200027954,0.9001575839490767,1.0000000000000004,1.0,0.2142857142857144,0.8250000000000002,2021,8,0.185,0.0,0.0,1.0,1.0,0.0,0.0,1.0,0.0,0.0,0.0,0.0,1.0,0.0,0.0,1.0,0.0,0.0,0.11111111111111112,0.5347222222222221,0.07899028162291641,0
0.6596842761989657,0.47403795200027954,0.5354656364574275,1.0000000000000004,0.0,0.4285714285714286,0.5,2024,10,0.185,1.0,0.0,0.0,0.0,0.0,1.0,0.0,1.0,0.0,0.0,1.0,0.0,0.0,0.0,0.0,0.0,1.0,0.393939393939394,0.45833333333333326,0.34478095320423274,1
0.38823676709842325,0.47403795200027954,0.5354656364574275,0.0,0.0,0.4285714285714286,0.5,2023,3,0.2057,0.0,0.0,1.0,0.0,1.0,0.0,0.0,0.0,0.0,1.0,0.0,0.0,1.0,1.0,0.0,0.0,0.0,0.393939393939394,0.45833333333333326,0.5826050444903135,0
0.38823676709842325,0.47403795200027954,0.5354656364574275,0.0,0.0,0.4285714285714286,0.5,2021,12,0.3999,0.0,0.0,1.0,0.0,1.0,0.0,1.0,0.0,0.0,0.0,0.0,1.0,0.0,0.0,0.0,1.0,0.0,0.393939393939394,0.45833333333333326,0.5826050444903135,0
0.38823676709842325,0.9403480307961405,0.9105384105881384,0.0,0.0,0.4285714285714286,0.5,2024,10,0.3999,1.0,0.0,0.0,1.0,0.0,0.0,0.0,0.0,1.0,0.0,0.0,1.0,0.0,0.0,0.0,1.0,0.0,0.393939393939394,0.45833333333333326,0.5826050444903135,0
0.8798129963733904,0.47403795200027954,0.3329788839402372,0.0,0.0,0.4285714285714286,0.5,2022,3,0.3999,0.0,1.0,0.0,0.0,0.0,1.0,0.0,1.0,0.0,0.0,0.0,1.0,0.0,1.0,0.0,0.0,0.0,0.393939393939394,0.45833333333333326,0.09003576391578524,1
0.7059613126314263,0.47403795200027954,0.5354656364574275,0.0,0.0,0.32857142857142874,0.4500000000000002,2022,4,0.185,1.0,0.0,0.0,1.0,0.0,0.0,1.0,0.0,0.0,0.0,1.0,0.0,0.0,0.0,0.0,0.0,1.0,0.3434343434343435,0.38194444444444464,0.2436929589308451,0
0.7059613126314263,0.34702426153413235,0.5354656364574275,0.0,0.0,0.4285714285714286,0.5,2020,3,0.1074,0.0,0.0,1.0,0.0,0.0,1.0,0.0,0.0,1.0,0.0,1.0,0.0,0.0,0.0,0.0,0.0,1.0,0.393939393939394,0.45833333333333326,0.2436929589308451,1
0.6596842761989657,0.447517537800759,0.5354656364574275,0.0,0.0,0.5714285714285714,0.9000000000000004,2023,2,0.3999,0.0,1.0,0.0,0.0,0.0,1.0,0.0,0.0,1.0,0.0,0.0,0.0,1.0,1.0,0.0,0.0,0.0,0.33333333333333337,0.7499999999999998,0.28844180225299054,0
0.38823676709842325,0.447517537800759,0.2260609770267461,0.0,0.0,0.4285714285714286,0.5,2022,9,0.3999,0.0,1.0,0.0,1.0,0.0,0.0,0.0,0.0,0.0,1.0,1.0,0.0,0.0,0.0,0.0,0.0,1.0,0.393939393939394,0.45833333333333326,0.5826050444903135,0
0.38823676709842325,0.447517537800759,0.5354656364574275,1.0000000000000004,0.0,0.6285714285714286,0.75,2024,10,0.102,1.0,0.0,0.0,1.0,0.0,0.0,0.0,0.0,1.0,0.0,0.0,0.0,1.0,0.0,0.0,0.0,1.0,0.43434343434343436,0.6944444444444444,0.6427439125168093,0
0.38823676709842325,0.47403795200027954,0.5354656364574275,1.0000000000000004,0.0,0.4285714285714286,0.5,2020,3,0.2057,0.0,1.0,0.0,0.0,0.0,1.0,0.0,1.0,0.0,0.0,0.0,1.0,0.0,0.0,0.0,0.0,1.0,0.393939393939394,0.45833333333333326,0.6427439125168093,1
0.38823676709842325,0.8274810358371432,0.5354656364574275,1.0000000000000004,0.0,0.41428571428571437,0.40000000000000013,2020,5,0.2057,0.0,1.0,0.0,0.0,0.0,1.0,0.0,0.0,0.0,1.0,0.0,0.0,1.0,0.0,1.0,0.0,0.0,0.42424242424242425,0.39583333333333326,0.6427439125168093,0
0.38823676709842325,0.47403795200027954,0.5354656364574275,0.0,0.0,0.4285714285714286,0.5,2020,12,0.1074,1.0,0.0,0.0,0.0,1.0,0.0,0.0,1.0,0.0,0.0,0.0,0.0,1.0,0.0,0.0,1.0,0.0,0.393939393939394,0.45833333333333326,0.5826050444903135,1
0.9774088217319686,0.447517537800759,0.5354656364574275,0.0,0.0,0.4285714285714286,0.5,2020,4,0.185,0.0,1.0,0.0,0.0,1.0,0.0,0.0,0.0,1.0,0.0,0.0,1.0,0.0,0.0,0.0,0.0,1.0,0.393939393939394,0.45833333333333326,0.015752803605833893,1
0.9867297885250814,0.447517537800759,0.5354656364574275,0.0,0.0,0.4285714285714286,0.5,2020,6,0.3999,0.0,1.0,0.0,0.0,0.0,1.0,1.0,0.0,0.0,0.0,0.0,1.0,0.0,0.0,0.0,0.0,1.0,0.393939393939394,0.45833333333333326,0.009184283027861478,0
0.6596842761989657,0.47403795200027954,0.5354656364574275,0.0,0.0,0.3571428571428572,0.125,2020,8,0.185,0.0,0.0,1.0,1.0,0.0,0.0,0.0,0.0,1.0,0.0,1.0,0.0,0.0,0.0,0.0,0.0,1.0,0.494949494949495,0.2152777777777779,0.28844180225299054,1
0.38823676709842325,0.47403795200027954,0.5354656364574275,0.0,0.0,0.4285714285714286,0.5,2022,3,0.102,0.0,0.0,1.0,1.0,0.0,0.0,1.0,0.0,0.0,0.0,0.0,0.0,1.0,0.0,0.0,1.0,0.0,0.393939393939394,0.45833333333333326,0.5826050444903135,1
0.7440731378420168,0.47403795200027954,0.0,0.0,0.0,0.4285714285714286,0.5,2023,6,0.3999,0.0,0.0,1.0,0.0,0.0,1.0,0.0,0.0,1.0,0.0,0.0,1.0,0.0,0.0,0.0,1.0,0.0,0.393939393939394,0.45833333333333326,0.20797423066790252,1
0.6596842761989657,0.47403795200027954,0.5354656364574275,0.0,0.0,0.4285714285714286,0.5,2025,7,0.1074,0.0,0.0,1.0,1.0,0.0,0.0,1.0,0.0,0.0,0.0,0.0,1.0,0.0,0.0,1.0,0.0,0.0,0.393939393939394,0.45833333333333326,0.28844180225299054,1
0.7059613126314263,0.47403795200027954,0.5354656364574275,0.0,0.0,0.4285714285714286,0.5,2022,7,0.3999,1.0,0.0,0.0,0.0,1.0,0.0,0.0,0.0,1.0,0.0,0.0,0.0,1.0,0.0,0.0,1.0,0.0,0.393939393939394,0.45833333333333326,0.2436929589308451,0
0.6886177335457992,0.47403795200027954,0.9610903055226858,0.0,1.0,0.20000000000000018,0.42500000000000004,2023,8,0.2057,0.0,1.0,0.0,0.0,1.0,0.0,0.0,0.0,0.0,1.0,1.0,0.0,0.0,1.0,0.0,0.0,0.0,0.26262626262626265,0.3055555555555556,0.26029014010964224,1
0.9467678767049003,0.0453972146881938,0.3991371422078265,0.0,1.0,0.4285714285714286,0.5,2025,1,0.3999,0.0,0.0,1.0,1.0,0.0,0.0,0.0,0.0,1.0,0.0,0.0,0.0,1.0,0.0,0.0,0.0,1.0,0.393939393939394,0.45833333333333326,0.038013274281466586,1
0.8643293348478939,0.47403795200027954,0.5354656364574275,0.0,0.0,0.4285714285714286,0.5,2020,4,0.3999,0.0,1.0,0.0,1.0,0.0,0.0,1.0,0.0,0.0,0.0,0.0,0.0,1.0,0.0,0.0,0.0,1.0,0.393939393939394,0.45833333333333326,0.10268667679928131,1
0.38823676709842325,0.877663147704212,0.2260609770267461,0.0,1.0,0.4285714285714286,0.5,2020,11,0.185,0.0,0.0,1.0,1.0,0.0,0.0,0.0,0.0,0.0,1.0,0.0,0.0,1.0,0.0,0.0,1.0,0.0,0.393939393939394,0.45833333333333326,0.5826050444903135,1
0.6596842761989657,0.47403795200027954,0.08739654977087685,0.0,0.0,0.4285714285714286,0.5,2024,2,0.1074,0.0,1.0,0.0,0.0,1.0,0.0,0.0,0.0,1.0,0.0,1.0,0.0,0.0,0.0,0.0,1.0,0.0,0.393939393939394,0.45833333333333326,0.28844180225299054,0
0.6596842761989657,0.9862216250243363,0.5354656364574275,0.0,0.0,0.4285714285714286,0.5,2023,10,0.3999,0.0,1.0,0.0,0.0,1.0,0.0,1.0,0.0,0.0,0.0,1.0,0.0,0.0,0.0,1.0,0.0,0.0,0.393939393939394,0.45833333333333326,0.28844180225299054,1
0.38823676709842325,0.08918234902759314,0.06615825826759014,0.0,1.0,0.4285714285714286,0.5,2023,6,0.1074,1.0,0.0,0.0,0.0,1.0,0.0,1.0,0.0,0.0,0.0,1.0,0.0,0.0,1.0,0.0,0.0,0.0,0.393939393939394,0.45833333333333326,0.5826050444903135,0
0.6596842761989657,0.447517537800759,0.9709410408258288,0.0,0.0,0.4285714285714286,0.5,2021,4,0.3999,1.0,0.0,0.0,1.0,0.0,0.0,1.0,0.0,0.0,0.0,1.0,0.0,0.0,0.0,0.0,1.0,0.0,0.393939393939394,0.45833333333333326,0.28844180225299054,1
0.38823676709842325,0.179031446777127,0.5354656364574275,0.0,1.0,0.4285714285714286,0.5,2025,3,0.185,0.0,1.0,0.0,0.0,0.0,1.0,0.0,0.0,1.0,0.0,0.0,1.0,0.0,1.0,0.0,0.0,0.0,0.393939393939394,0.45833333333333326,0.5826050444903135,1
0.7059613126314263,0.47403795200027954,0.5354656364574275,0.0,0.0,0.4285714285714286,0.5,2022,7,0.3999,1.0,0.0,0.0,1.0,0.0,0.0,1.0,0.0,0.0,0.0,0.0,0.0,1.0,0.0,1.0,0.0,0.0,0.393939393939394,0.45833333333333326,0.2436929589308451,0
0.6596842761989657,0.47403795200027954,0.5354656364574275,1.0000000000000004,0.0,0.5428571428571429,0.0,2020,8,0.2057,0.0,1.0,0.0,0.0,0.0,1.0,1.0,0.0,0.0,0.0,0.0,0.0,1.0,1.0,0.0,0.0,0.0,0.6767676767676769,0.23611111111111138,0.34478095320423274,1
0.38823676709842325,0.8738746601432186,0.5354656364574275,0.0,0.0,0.4285714285714286,0.5,2020,8,0.185,0.0,0.0,1.0,0.0,1.0,0.0,1.0,0.0,0.0,0.0,0.0,0.0,1.0,0.0,0.0,1.0,0.0,0.393939393939394,0.45833333333333326,0.5826050444903135,1
0.7059613126314263,0.28132025205531574,0.5354656364574275,1.0000000000000004,0.0,0.4285714285714286,0.5,2021,2,0.102,1.0,0.0,0.0,0.0,0.0,1.0,0.0,1.0,0.0,0.0,0.0,0.0,1.0,0.0,1.0,0.0,0.0,0.393939393939394,0.45833333333333326,0.29887056355028807,1
0.9355092890383155,0.47403795200027954,0.49178292733284845,0.0,1.0,0.4285714285714286,0.5,2024,7,0.102,0.0,0.0,1.0,0.0,0.0,1.0,0.0,1.0,0.0,0.0,0.0,0.0,1.0,0.0,0.0,0.0,1.0,0.393939393939394,0.45833333333333326,0.04644367765757876,1
0.9045023319895283,0.3870837567839951,0.5354656364574275,1.0000000000000004,1.0,0.4285714285714286,0.5,2022,4,0.2057,0.0,0.0,1.0,1.0,0.0,0.0,0.0,0.0,1.0,0.0,0.0,0.0,1.0,0.0,0.0,0.0,1.0,0.393939393939394,0.45833333333333326,0.11787257405370385,1
0.38823676709842325,0.447517537800759,0.7677328182287129,0.0,0.0,0.4285714285714286,0.5,2023,9,0.3999,0.0,1.0,0.0,0.0,0.0,1.0,0.0,0.0,0.0,1.0,1.0,0.0,0.0,1.0,0.0,0.0,0.0,0.393939393939394,0.45833333333333326,0.5826050444903135,0
0.7059613126314263,0.47403795200027954,0.5354656364574275,1.0000000000000004,0.0,0.4285714285714286,0.5,2024,3,0.185,0.0,0.0,1.0,0.0,1.0,0.0,1.0,0.0,0.0,0.0,0.0,1.0,0.0,1.0,0.0,0.0,0.0,0.393939393939394,0.45833333333333326,0.29887056355028807,1
0.6596842761989657,0.6812513424822684,0.8576774249708521,0.0,0.0,0.4285714285714286,0.5,2022,1,0.185,0.0,1.0,0.0,1.0,0.0,0.0,0.0,0.0,1.0,0.0,1.0,0.0,0.0,0.0,0.0,0.0,1.0,0.393939393939394,0.45833333333333326,0.28844180225299054,0
0.9600652426463415,0.47403795200027954,0.08739654977087685,0.0,0.0,0.4285714285714286,0.5,2022,9,0.3999,0.0,1.0,0.0,0.0,0.0,1.0,1.0,0.0,0.0,0.0,0.0,1.0,0.0,0.0,1.0,0.0,0.0,0.393939393939394,0.45833333333333326,0.028228587237241004,0
0.6596842761989657,0.47403795200027954,0.5354656364574275,0.0,0.0,0.4285714285714286,0.5,2024,1,0.2057,0.0,1.0,0.0,0.0,0.0,1.0,0.0,1.0,0.0,0.0,0.0,1.0,0.0,0.0,0.0,0.0,1.0,0.393939393939394,0.45833333333333326,0.28844180225299054,1
0.6596842761989657,0.447517537800759,0.5354656364574275,0.0,0.0,0.4285714285714286,0.5,2020,8,0.1074,0.0,1.0,0.0,0.0,0.0,1.0,0.0,1.0,0.0,0.0,0.0,0.0,1.0,0.0,0.0,1.0,0.0,0.393939393939394,0.45833333333333326,0.28844180225299054,0
0.9174422399472292,0.47403795200027954,0.5354656364574275,1.0000000000000004,0.0,0.4285714285714286,0.5,2023,9,0.185,1.0,0.0,0.0,0.0,1.0,0.0,1.0,0.0,0.0,0.0,0.0,0.0,1.0,1.0,0.0,0.0,0.0,0.393939393939394,0.45833333333333326,0.10711960453183664,1
0.6596842761989657,0.47403795200027954,0.5354656364574275,0.0,0.0,0.4285714285714286,0.5,2020,3,0.3999,0.0,0.0,1.0,0.0,1.0,0.0,0.0,0.0,0.0,1.0,1.0,0.0,0.0,0.0,0.0,0.0,1.0,0.393939393939394,0.45833333333333326,0.28844180225299054,1
0.7059613126314263,0.8738746601432186,0.5354656364574275,0.0,0.0,0.4285714285714286,0.5,2023,12,0.2057,0.0,0.0,1.0,0.0,0.0,1.0,1.0,0.0,0.0,0.0,0.0,0.0,1.0,0.0,0.0,0.0,1.0,0.393939393939394,0.45833333333333326,0.2436929589308451,1
0.6596842761989657,0.6812513424822684,0.5065277689203116,0.0,0.0,0.4285714285714286,0.5,2023,4,0.2057,0.0,1.0,0.0,1.0,0.0,0.0,0.0,0.0,0.0,1.0,0.0,0.0,1.0,0.0,0.0,1.0,0.0,0.393939393939394,0.45833333333333326,0.28844180225299054,1
0.6596842761989657,0.447517537800759,0.5354656364574275,0.0,0.0,0.4285714285714286,0.5,2020,1,0.2057,0.0,0.0,1.0,0.0,1.0,0.0,1.0,0.0,0.0,0.0,0.0,1.0,0.0,0.0,0.0,1.0,0.0,0.393939393939394,0.45833333333333326,0.28844180225299054,0
0.7059613126314263,0.9617327007587417,0.5354656364574275,0.0,0.0,0.12857142857142856,0.9000000000000004,2020,6,0.2057,0.0,0.0,1.0,0.0,1.0,0.0,1.0,0.0,0.0,0.0,0.0,1.0,0.0,0.0,1.0,0.0,0.0,0.0202020202020202,0.5347222222222221,0.2436929589308451,0
0.38823676709842325,0.47403795200027954,0.5354656364574275,0.0,1.0,0.4285714285714286,0.5,2020,11,0.2057,1.0,0.0,0.0,1.0,0.0,0.0,0.0,0.0,1.0,0.0,0.0,1.0,0.0,0.0,0.0,1.0,0.0,0.393939393939394,0.45833333333333326,0.5826050444903135,1
0.7220189587716063,0.47403795200027954,0.8576774249708521,0.0,0.0,0.4285714285714286,0.5,2025,2,0.185,0.0,1.0,0.0,0.0,0.0,1.0,0.0,0.0,0.0,1.0,0.0,0.0,1.0,0.0,0.0,0.0,1.0,0.393939393939394,0.45833333333333326,0.2285157277313237,0
0.38823676709842325,0.47403795200027954,0.5354656364574275,0.0,0.0,0.4285714285714286,0.5,2020,1,0.3999,0.0,0.0,1.0,1.0,0.0,0.0,0.0,1.0,0.0,0.0,1.0,0.0,0.0,0.0,0.0,0.0,1.0,0.393939393939394,0.45833333333333326,0.5826050444903135,1
0.38823676709842325,0.447517537800759,0.5354656364574275,0.0,0.0,0.4285714285714286,0.5,2020,9,0.3999,1.0,0.0,0.0,0.0,1.0,0.0,0.0,1.0,0.0,0.0,0.0,1.0,0.0,1.0,0.0,0.0,0.0,0.393939393939394,0.45833333333333326,0.5826050444903135,1
0.7059613126314263,0.47403795200027954,0.26280864795822545,0.0,0.0,0.4285714285714286,0.5,2024,5,0.3999,1.0,0.0,0.0,0.0,0.0,1.0,0.0,0.0,0.0,1.0,1.0,0.0,0.0,1.0,0.0,0.0,0.0,0.393939393939394,0.45833333333333326,0.2436929589308451,0
0.764088502509945,0.7205409156562008,0.6181761295775301,0.0,0.0,0.4285714285714286,0.5,2024,12,0.185,1.0,0.0,0.0,0.0,1.0,0.0,0.0,0.0,1.0,0.0,0.0,0.0,1.0,0.0,0.0,1.0,0.0,0.393939393939394,0.45833333333333326,0.18964410734058876,1
0.6596842761989657,0.447517537800759,0.5354656364574275,0.0,1.0,0.4285714285714286,0.5,2021,6,0.2057,0.0,0.0,1.0,1.0,0.0,0.0,0.0,0.0,0.0,1.0,0.0,0.0,1.0,0.0,0.0,1.0,0.0,0.393939393939394,0.45833333333333326,0.28844180225299054,1
0.38823676709842325,0.28744012432408406,0.5354656364574275,0.0,0.0,0.4285714285714286,0.5,2021,7,0.3999,1.0,0.0,0.0,1.0,0.0,0.0,0.0,0.0,1.0,0.0,0.0,0.0,1.0,0.0,0.0,0.0,1.0,0.393939393939394,0.45833333333333326,0.5826050444903135,1
0.38823676709842325,0.47403795200027954,0.5354656364574275,0.0,1.0,0.4285714285714286,0.5,2024,8,0.3999,0.0,1.0,0.0,1.0,0.0,0.0,0.0,0.0,1.0,0.0,0.0,1.0,0.0,1.0,0.0,0.0,0.0,0.393939393939394,0.45833333333333326,0.5826050444903135,0
0.8760445698180266,0.47403795200027954,0.5354656364574275,0.0,1.0,0.4285714285714286,0.5,2021,7,0.2057,0.0,1.0,0.0,0.0,1.0,0.0,1.0,0.0,0.0,0.0,0.0,1.0,0.0,0.0,0.0,1.0,0.0,0.393939393939394,0.45833333333333326,0.09309417343275825,0
0.9934664678721488,0.447517537800759,0.5354656364574275,0.0,0.0,0.4285714285714286,0.5,2020,7,0.3999,0.0,0.0,1.0,0.0,0.0,1.0,0.0,0.0,1.0,0.0,0.0,1.0,0.0,0.0,0.0,0.0,1.0,0.393939393939394,0.45833333333333326,0.004497121634643941,0
0.38823676709842325,0.9075591993313297,0.8791123785104213,0.0,0.0,0.4285714285714286,0.5,2025,3,0.3999,0.0,0.0,1.0,1.0,0.0,0.0,0.0,0.0,0.0,1.0,0.0,1.0,0.0,0.0,0.0,0.0,1.0,0.393939393939394,0.45833333333333326,0.5826050444903135,0
0.38823676709842325,0.47403795200027954,0.5354656364574275,0.0,0.0,0.4285714285714286,0.5,2022,12,0.1074,0.0,1.0,0.0,1.0,0.0,0.0,0.0,0.0,1.0,0.0,1.0,0.0,0.0,0.0,0.0,1.0,0.0,0.393939393939394,0.45833333333333326,0.5826050444903135,1
0.38823676709842325,0.47403795200027954,0.5354656364574275,1.0000000000000004,0.0,0.47142857142857153,0.8250000000000002,2025,1,0.3999,0.0,1.0,0.0,0.0,0.0,1.0,1.0,0.0,0.0,0.0,0.0,1.0,0.0,1.0,0.0,0.0,0.0,0.29292929292929293,0.6597222222222221,0.6427439125168093,1
0.8561517958551143,0.47403795200027954,0.5354656364574275,0.0,0.0,0.5714285714285714,0.7250000000000001,2022,11,0.185,0.0,0.0,1.0,0.0,0.0,1.0,0.0,0.0,1.0,0.0,1.0,0.0,0.0,0.0,1.0,0.0,0.0,0.4040404040404041,0.6527777777777779,0.10945724761671569,0
0.7059613126314263,0.47403795200027954,0.9903945140699006,1.0000000000000004,0.0,0.4285714285714286,0.5,2021,10,0.1074,0.0,0.0,1.0,0.0,0.0,1.0,0.0,0.0,0.0,1.0,0.0,1.0,0.0,0.0,0.0,0.0,1.0,0.393939393939394,0.45833333333333326,0.29887056355028807,1
0.8519443031609923,0.47403795200027954,0.5354656364574275,1.0000000000000004,0.0,0.4285714285714286,0.5,2023,3,0.2057,1.0,0.0,0.0,0.0,0.0,1.0,1.0,0.0,0.0,0.0,0.0,0.0,1.0,0.0,0.0,0.0,1.0,0.393939393939394,0.45833333333333326,0.16298828743946173,0
0.6596842761989657,0.47403795200027954,0.5354656364574275,0.0,0.0,0.4285714285714286,0.5,2024,12,0.3999,1.0,0.0,0.0,1.0,0.0,0.0,0.0,1.0,0.0,0.0,0.0,0.0,1.0,1.0,0.0,0.0,0.0,0.393939393939394,0.45833333333333326,0.28844180225299054,1
0.7059613126314263,0.6034385971854399,0.5354656364574275,0.0,0.0,0.4285714285714286,0.5,2021,1,0.3999,0.0,1.0,0.0,0.0,0.0,1.0,0.0,1.0,0.0,0.0,1.0,0.0,0.0,0.0,0.0,1.0,0.0,0.393939393939394,0.45833333333333326,0.2436929589308451,1
0.6596842761989657,0.447517537800759,0.5354656364574275,0.0,1.0,0.4285714285714286,0.5,2025,6,0.185,0.0,0.0,1.0,0.0,0.0,1.0,0.0,0.0,1.0,0.0,0.0,1.0,0.0,0.0,0.0,0.0,1.0,0.393939393939394,0.45833333333333326,0.28844180225299054,0
0.9326008015387676,0.982752841496032,0.5354656364574275,0.0,1.0,0.4285714285714286,0.5,2021,7,0.3999,0.0,1.0,0.0,0.0,1.0,0.0,0.0,0.0,0.0,1.0,0.0,1.0,0.0,0.0,0.0,0.0,1.0,0.393939393939394,0.45833333333333326,0.04864299352087206,1
0.9978439716109563,0.737609032166215,0.5354656364574275,0.0,0.0,0.4285714285714286,0.5,2022,12,0.185,1.0,0.0,0.0,0.0,1.0,0.0,0.0,0.0,1.0,0.0,1.0,0.0,0.0,0.0,1.0,0.0,0.0,0.393939393939394,0.45833333333333326,0.0014787003342740523,1
0.7059613126314263,0.47403795200027954,0.5354656364574275,0.0,0.0,0.22857142857142865,0.0,2025,8,0.1074,1.0,0.0,0.0,0.0,0.0,1.0,0.0,1.0,0.0,0.0,0.0,0.0,1.0,0.0,0.0,1.0,0.0,0.4545454545454546,0.08333333333333326,0.2436929589308451,0
0.38823676709842325,0.447517537800759,0.5354656364574275,0.0,1.0,0.4285714285714286,0.5,2020,12,0.185,0.0,1.0,0.0,0.0,1.0,0.0,1.0,0.0,0.0,0.0,1.0,0.0,0.0,1.0,0.0,0.0,0.0,0.393939393939394,0.45833333333333326,0.5826050444903135,0
0.9110688667928428,0.447517537800759,0.5354656364574275,0.0,0.0,0.4285714285714286,0.5,2023,2,0.102,0.0,0.0,1.0,0.0,1.0,0.0,0.0,0.0,1.0,0.0,1.0,0.0,0.0,1.0,0.0,0.0,0.0,0.393939393939394,0.45833333333333326,0.06519362749123594,1
0.7059613126314263,0.47403795200027954,0.5354656364574275,0.0,0.0,0.4285714285714286,0.5,2022,8,0.185,1.0,0.0,0.0,0.0,1.0,0.0,1.0,0.0,0.0,0.0,1.0,0.0,0.0,0.0,0.0,1.0,0.0,0.393939393939394,0.45833333333333326,0.2436929589308451,1
0.6596842761989657,0.47403795200027954,0.5354656364574275,0.0,0.0,0.4285714285714286,0.5,2020,8,0.185,0.0,0.0,1.0,0.0,0.0,1.0,1.0,0.0,0.0,0.0,0.0,1.0,0.0,0.0,0.0,1.0,0.0,0.393939393939394,0.45833333333333326,0.28844180225299054,1
0.38823676709842325,0.47403795200027954,0.5354656364574275,0.0,0.0,0.4285714285714286,0.5,2021,6,0.102,0.0,1.0,0.0,0.0,1.0,0.0,1.0,0.0,0.0,0.0,0.0,1.0,0.0,0.0,1.0,0.0,0.0,0.393939393939394,0.45833333333333326,0.5826050444903135,1
0.6974630051635802,0.47403795200027954,0.5354656364574275,0.0,0.0,0.4285714285714286,0.5,2021,7,0.185,0.0,0.0,1.0,0.0,0.0,1.0,0.0,0.0,1.0,0.0,0.0,0.0,1.0,0.0,0.0,0.0,1.0,0.393939393939394,0.45833333333333326,0.25179922909303964,0
0.7059613126314263,0.447517537800759,0.7321160261480628,1.0000000000000004,0.0,0.4285714285714286,0.5,2022,2,0.3999,0.0,0.0,1.0,0.0,1.0,0.0,1.0,0.0,0.0,0.0,1.0,0.0,0.0,0.0,1.0,0.0,0.0,0.393939393939394,0.45833333333333326,0.29887056355028807,1
0.6596842761989657,0.43674758522764545,0.43085020575924027,0.0,1.0,0.4285714285714286,0.5,2024,8,0.2057,0.0,1.0,0.0,1.0,0.0,0.0,0.0,0.0,1.0,0.0,1.0,0.0,0.0,0.0,0.0,1.0,0.0,0.393939393939394,0.45833333333333326,0.28844180225299054,1
0.7059613126314263,0.47403795200027954,0.5354656364574275,0.0,0.0,0.4285714285714286,0.5,2020,1,0.185,0.0,0.0,1.0,0.0,0.0,1.0,1.0,0.0,0.0,0.0,0.0,1.0,0.0,1.0,0.0,0.0,0.0,0.393939393939394,0.45833333333333326,0.2436929589308451,1
0.9236334915818912,0.447517537800759,0.5354656364574275,0.0,0.0,0.4285714285714286,0.5,2020,5,0.185,0.0,0.0,1.0,0.0,0.0,1.0,0.0,0.0,0.0,1.0,0.0,0.0,1.0,0.0,1.0,0.0,0.0,0.393939393939394,0.45833333333333326,0.05547858198464192,0
0.613898019286257,0.6498031459531934,0.49178292733284845,0.0,0.0,0.4285714285714286,0.5,2024,2,0.102,0.0,0.0,1.0,1.0,0.0,0.0,1.0,0.0,0.0,0.0,0.0,1.0,0.0,1.0,0.0,0.0,0.0,0.393939393939394,0.45833333333333326,0.3341544169135119,1
0.7059613126314263,0.447517537800759,0.5354656364574275,0.0,1.0,0.5857142857142859,0.9750000000000001,2024,11,0.3999,0.0,0.0,1.0,0.0,0.0,1.0,1.0,0.0,0.0,0.0,1.0,0.0,0.0,0.0,0.0,0.0,1.0,0.31313131313131315,0.7986111111111114,0.2436929589308451,1
0.7059613126314263,0.447517537800759,0.022475549143011975,1.0000000000000004,0.0,0.842857142857143,0.8250000000000002,2020,6,0.3999,0.0,0.0,1.0,0.0,0.0,1.0,0.0,0.0,1.0,0.0,0.0,1.0,0.0,0.0,0.0,0.0,1.0,0.5555555555555557,0.8402777777777779,0.29887056355028807,0
0.6596842761989657,0.968779301254282,0.5354656364574275,0.0,0.0,0.4285714285714286,0.5,2024,5,0.3999,1.0,0.0,0.0,1.0,0.0,0.0,0.0,1.0,0.0,0.0,1.0,0.0,0.0,1.0,0.0,0.0,0.0,0.393939393939394,0.45833333333333326,0.28844180225299054,0
0.7059613126314263,0.447517537800759,0.5354656364574275,0.0,0.0,0.4285714285714286,0.5,2023,1,0.3999,1.0,0.0,0.0,0.0,0.0,1.0,0.0,1.0,0.0,0.0,0.0,1.0,0.0,0.0,0.0,0.0,1.0,0.393939393939394,0.45833333333333326,0.2436929589308451,1
0.38823676709842325,0.47403795200027954,0.5354656364574275,0.0,1.0,0.4285714285714286,0.5,2020,11,0.2057,1.0,0.0,0.0,1.0,0.0,0.0,0.0,0.0,1.0,0.0,0.0,1.0,0.0,0.0,0.0,1.0,0.0,0.393939393939394,0.45833333333333326,0.5826050444903135,1
0.38823676709842325,0.47403795200027954,0.5354656364574275,0.0,0.0,0.4285714285714286,0.5,2024,2,0.3999,0.0,0.0,1.0,0.0,1.0,0.0,0.0,1.0,0.0,0.0,0.0,0.0,1.0,1.0,0.0,0.0,0.0,0.393939393939394,0.45833333333333326,0.5826050444903135,0
0.38823676709842325,0.6678716264387723,0.5354656364574275,0.0,0.0,0.4285714285714286,0.5,2025,3,0.3999,1.0,0.0,0.0,0.0,0.0,1.0,0.0,1.0,0.0,0.0,0.0,1.0,0.0,0.0,0.0,0.0,1.0,0.393939393939394,0.45833333333333326,0.5826050444903135,1
0.38823676709842325,0.28744012432408406,0.5354656364574275,0.0,0.0,0.2714285714285716,0.07500000000000018,2023,6,0.185,0.0,0.0,1.0,0.0,1.0,0.0,0.0,0.0,1.0,0.0,0.0,0.0,1.0,1.0,0.0,0.0,0.0,0.4545454545454546,0.14583333333333326,0.5826050444903135,0
0.8476534883872682,0.47403795200027954,0.5354656364574275,0.0,0.0,0.4285714285714286,0.5,2021,8,0.1074,1.0,0.0,0.0,1.0,0.0,0.0,0.0,0.0,1.0,0.0,0.0,1.0,0.0,1.0,0.0,0.0,0.0,0.393939393939394,0.45833333333333326,0.1165574008242615,1
0.7059613126314263,0.47403795200027954,0.5354656364574275,0.0,0.0,0.4285714285714286,0.5,2023,12,0.2057,0.0,0.0,1.0,0.0,0.0,1.0,0.0,0.0,1.0,0.0,0.0,1.0,0.0,0.0,0.0,0.0,1.0,0.393939393939394,0.45833333333333326,0.2436929589308451,0
0.7059613126314263,0.47403795200027954,0.5354656364574275,0.0,0.0,0.9571428571428573,0.875,2024,11,0.3999,1.0,0.0,0.0,1.0,0.0,0.0,1.0,0.0,0.0,0.0,0.0,1.0,0.0,0.0,0.0,0.0,1.0,0.6161616161616162,0.9236111111111114,0.2436929589308451,1
0.38823676709842325,0.447517537800759,0.5354656364574275,0.0,0.0,0.4285714285714286,0.5,2023,7,0.2057,0.0,0.0,1.0,1.0,0.0,0.0,0.0,1.0,0.0,0.0,1.0,0.0,0.0,0.0,0.0,0.0,1.0,0.393939393939394,0.45833333333333326,0.5826050444903135,1
0.9912440990023085,0.47403795200027954,0.5354656364574275,0.0,1.0,0.4285714285714286,0.5,2020,9,0.3999,0.0,0.0,1.0,0.0,0.0,1.0,1.0,0.0,0.0,0.0,0.0,0.0,1.0,1.0,0.0,0.0,0.0,0.393939393939394,0.45833333333333326,0.006037758099239926,0
0.6379982859432912,0.47403795200027954,0.5354656364574275,1.0000000000000004,0.0,0.4285714285714286,0.5,2024,9,0.3999,0.0,0.0,1.0,1.0,0.0,0.0,0.0,0.0,1.0,0.0,0.0,1.0,0.0,0.0,0.0,0.0,1.0,0.393939393939394,0.45833333333333326,0.36673369844993287,0
0.6596842761989657,0.47403795200027954,0.6574156301296643,0.0,0.0,0.4285714285714286,0.5,2023,1,0.185,0.0,0.0,1.0,0.0,1.0,0.0,0.0,0.0,0.0,1.0,0.0,0.0,1.0,0.0,0.0,0.0,1.0,0.393939393939394,0.45833333333333326,0.28844180225299054,1
0.9676687970244379,0.447517537800759,0.5354656364574275,0.0,0.0,0.4285714285714286,0.5,2025,6,0.3999,1.0,0.0,0.0,0.0,0.0,1.0,0.0,1.0,0.0,0.0,1.0,0.0,0.0,0.0,1.0,0.0,0.0,0.393939393939394,0.45833333333333326,0.02271882746835499,1
0.6596842761989657,0.47403795200027954,0.5354656364574275,0.0,0.0,0.4285714285714286,0.5,2020,8,0.185,0.0,0.0,1.0,0.0,0.0,1.0,1.0,0.0,0.0,0.0,0.0,1.0,0.0,0.0,0.0,1.0,0.0,0.393939393939394,0.45833333333333326,0.28844180225299054,1
0.897730560073701,0.447517537800759,0.20724016540637713,0.0,0.0,0.3571428571428572,0.3250000000000002,2024,2,0.185,0.0,1.0,0.0,0.0,0.0,1.0,1.0,0.0,0.0,0.0,0.0,1.0,0.0,1.0,0.0,0.0,0.0,0.41414141414141414,0.32638888888888906,0.07567887812750071,1
0.9467678767049003,0.0453972146881938,0.3991371422078265,0.0,1.0,0.4285714285714286,0.5,2025,1,0.3999,0.0,0.0,1.0,1.0,0.0,0.0,0.0,0.0,1.0,0.0,0.0,0.0,1.0,0.0,0.0,0.0,1.0,0.393939393939394,0.45833333333333326,0.038013274281466586,1
0.6596842761989657,0.11753191322556367,0.5354656364574275,1.0000000000000004,0.0,0.4285714285714286,0.5,2021,8,0.3999,1.0,0.0,0.0,0.0,1.0,0.0,1.0,0.0,0.0,0.0,1.0,0.0,0.0,0.0,0.0,1.0,0.0,0.393939393939394,0.45833333333333326,0.34478095320423274,1
0.38823676709842325,0.24394915786088633,0.5354656364574275,1.0000000000000004,0.0,0.4285714285714286,0.5,2024,9,0.2057,0.0,0.0,1.0,0.0,0.0,1.0,1.0,0.0,0.0,0.0,0.0,0.0,1.0,0.0,0.0,0.0,1.0,0.393939393939394,0.45833333333333326,0.6427439125168093,0
0.7059613126314263,0.47403795200027954,0.5354656364574275,0.0,0.0,0.4285714285714286,0.5,2023,9,0.185,0.0,0.0,1.0,0.0,0.0,1.0,1.0,0.0,0.0,0.0,0.0,0.0,1.0,0.0,0.0,1.0,0.0,0.393939393939394,0.45833333333333326,0.2436929589308451,0
0.9651638088320625,0.447517537800759,0.43085020575924027,1.0000000000000004,1.0,0.4285714285714286,0.5,2025,2,0.3999,0.0,1.0,0.0,0.0,0.0,1.0,0.0,0.0,1.0,0.0,0.0,1.0,0.0,0.0,1.0,0.0,0.0,0.393939393939394,0.45833333333333326,0.06877073913735623,0
0.6596842761989657,0.47403795200027954,0.5354656364574275,0.0,0.0,0.4285714285714286,0.5,2020,3,0.3999,0.0,0.0,1.0,0.0,1.0,0.0,0.0,0.0,0.0,1.0,1.0,0.0,0.0,0.0,0.0,0.0,1.0,0.393939393939394,0.45833333333333326,0.28844180225299054,1
0.7059613126314263,0.447517537800759,0.5354656364574275,0.0,0.0,0.5,0.875,2023,11,0.185,1.0,0.0,0.0,1.0,0.0,0.0,0.0,1.0,0.0,0.0,1.0,0.0,0.0,1.0,0.0,0.0,0.0,0.29292929292929293,0.7013888888888891,0.2436929589308451,1
0.38823676709842325,0.47403795200027954,0.5354656364574275,0.0,0.0,0.4285714285714286,0.5,2020,7,0.1074,0.0,0.0,1.0,0.0,0.0,1.0,0.0,0.0,1.0,0.0,0.0,1.0,0.0,1.0,0.0,0.0,0.0,0.393939393939394,0.45833333333333326,0.5826050444903135,0
0.7059613126314263,0.47403795200027954,0.5354656364574275,0.0,0.0,0.4285714285714286,0.5,2023,3,0.2057,1.0,0.0,0.0,0.0,1.0,0.0,0.0,0.0,1.0,0.0,0.0,1.0,0.0,0.0,1.0,0.0,0.0,0.393939393939394,0.45833333333333326,0.2436929589308451,1
0.7059613126314263,0.47403795200027954,0.8896828119009514,0.0,1.0,0.7571428571428571,0.17500000000000004,2020,11,0.3999,0.0,0.0,1.0,0.0,1.0,0.0,0.0,0.0,1.0,0.0,0.0,1.0,0.0,0.0,0.0,1.0,0.0,0.7575757575757577,0.4375,0.2436929589308451,1
0.6596842761989657,0.24394915786088633,0.5354656364574275,0.0,0.0,0.4285714285714286,0.5,2024,5,0.1074,1.0,0.0,0.0,0.0,1.0,0.0,0.0,0.0,0.0,1.0,1.0,0.0,0.0,0.0,0.0,0.0,1.0,0.393939393939394,0.45833333333333326,0.28844180225299054,0
0.6596842761989657,0.447517537800759,0.5354656364574275,1.0000000000000004,0.0,0.4285714285714286,0.5,2020,10,0.2057,1.0,0.0,0.0,0.0,0.0,1.0,0.0,0.0,1.0,0.0,1.0,0.0,0.0,0.0,0.0,0.0,1.0,0.393939393939394,0.45833333333333326,0.34478095320423274,1
0.38823676709842325,0.82353494693001,0.5354656364574275,0.0,1.0,0.4285714285714286,0.5,2020,2,0.3999,0.0,1.0,0.0,0.0,0.0,1.0,0.0,0.0,1.0,0.0,1.0,0.0,0.0,0.0,1.0,0.0,0.0,0.393939393939394,0.45833333333333326,0.5826050444903135,1
0.7059613126314263,0.47403795200027954,0.5354656364574275,0.0,0.0,0.4285714285714286,0.5,2023,4,0.2057,0.0,1.0,0.0,1.0,0.0,0.0,0.0,0.0,1.0,0.0,1.0,0.0,0.0,0.0,0.0,1.0,0.0,0.393939393939394,0.45833333333333326,0.2436929589308451,0
0.6596842761989657,0.47403795200027954,0.5354656364574275,0.0,0.0,0.4285714285714286,0.5,2020,4,0.3999,1.0,0.0,0.0,0.0,0.0,1.0,1.0,0.0,0.0,0.0,0.0,1.0,0.0,0.0,0.0,0.0,1.0,0.393939393939394,0.45833333333333326,0.28844180225299054,0
0.38823676709842325,0.47403795200027954,0.5354656364574275,0.0,0.0,0.4285714285714286,0.5,2022,9,0.185,0.0,1.0,0.0,0.0,1.0,0.0,0.0,0.0,1.0,0.0,0.0,1.0,0.0,0.0,0.0,0.0,1.0,0.393939393939394,0.45833333333333326,0.5826050444903135,1
0.7059613126314263,0.47403795200027954,0.8791123785104213,1.0000000000000004,0.0,0.14285714285714302,0.025000000000000133,2023,8,0.102,1.0,0.0,0.0,0.0,0.0,1.0,0.0,0.0,1.0,0.0,0.0,1.0,0.0,0.0,0.0,0.0,1.0,0.38383838383838387,0.05555555555555558,0.29887056355028807,0
0.5718284755479183,0.6452443543242725,0.5354656364574275,0.0,0.0,0.40000000000000013,0.15000000000000013,2020,4,0.3999,1.0,0.0,0.0,0.0,1.0,0.0,0.0,0.0,0.0,1.0,1.0,0.0,0.0,0.0,0.0,1.0,0.0,0.5151515151515152,0.25,0.37741384915281584,1
0.38823676709842325,0.447517537800759,0.5354656364574275,0.0,0.0,0.842857142857143,0.5,2021,11,0.102,1.0,0.0,0.0,1.0,0.0,0.0,1.0,0.0,0.0,0.0,0.0,1.0,0.0,0.0,1.0,0.0,0.0,0.686868686868687,0.6597222222222221,0.5826050444903135,1
0.714138851624206,0.447517537800759,0.5354656364574275,0.0,0.0,0.4285714285714286,0.5,2021,7,0.3999,0.0,1.0,0.0,1.0,0.0,0.0,0.0,0.0,0.0,1.0,0.0,1.0,0.0,0.0,0.0,0.0,1.0,0.393939393939394,0.45833333333333326,0.2359408109631382,0
0.8760445698180266,0.46349812945138247,0.5354656364574275,1.0000000000000004,0.0,0.3571428571428572,0.8250000000000002,2021,3,0.3999,0.0,0.0,1.0,0.0,0.0,1.0,0.0,0.0,1.0,0.0,1.0,0.0,0.0,0.0,1.0,0.0,0.0,0.21212121212121213,0.6041666666666667,0.14202180837103026,1
0.7059613126314263,0.933136596611694,0.5354656364574275,0.0,0.0,0.4285714285714286,0.5,2020,1,0.2057,0.0,0.0,1.0,0.0,1.0,0.0,0.0,1.0,0.0,0.0,1.0,0.0,0.0,0.0,0.0,0.0,1.0,0.393939393939394,0.45833333333333326,0.2436929589308451,0
0.38823676709842325,0.447517537800759,0.5354656364574275,0.0,1.0,0.5285714285714287,0.6750000000000003,2020,8,0.3999,0.0,1.0,0.0,0.0,0.0,1.0,0.0,0.0,0.0,1.0,0.0,1.0,0.0,0.0,0.0,0.0,1.0,0.393939393939394,0.6041666666666667,0.5826050444903135,0
0.6596842761989657,0.47403795200027954,0.5354656364574275,0.0,0.0,0.8285714285714287,0.6499999999999999,2022,6,0.185,0.0,0.0,1.0,0.0,1.0,0.0,1.0,0.0,0.0,0.0,0.0,1.0,0.0,0.0,0.0,0.0,1.0,0.6161616161616162,0.7361111111111114,0.28844180225299054,1
0.38823676709842325,0.47403795200027954,0.5354656364574275,0.0,0.0,0.4285714285714286,0.5,2021,5,0.2057,0.0,1.0,0.0,0.0,1.0,0.0,0.0,0.0,1.0,0.0,0.0,1.0,0.0,0.0,0.0,0.0,1.0,0.393939393939394,0.45833333333333326,0.5826050444903135,1
0.38823676709842325,0.41492132108621993,0.9807086465701493,0.0,0.0,0.4285714285714286,0.5,2021,11,0.3999,0.0,0.0,1.0,1.0,0.0,0.0,0.0,0.0,1.0,0.0,0.0,1.0,0.0,1.0,0.0,0.0,0.0,0.393939393939394,0.45833333333333326,0.5826050444903135,0
0.7509524161184398,0.47403795200027954,0.5354656364574275,0.0,1.0,0.4285714285714286,0.5,2023,10,0.185,1.0,0.0,0.0,0.0,0.0,1.0,0.0,0.0,0.0,1.0,0.0,1.0,0.0,0.0,0.0,1.0,0.0,0.393939393939394,0.45833333333333326,0.20164015746276445,0
0.38823676709842325,0.447517537800759,0.8468092285777598,0.0,1.0,0.2142857142857144,0.3500000000000001,2025,6,0.3999,0.0,0.0,1.0,0.0,1.0,0.0,0.0,1.0,0.0,0.0,0.0,0.0,1.0,0.0,0.0,0.0,1.0,0.30303030303030304,0.27083333333333326,0.5826050444903135,0
0.7059613126314263,0.47403795200027954,0.5354656364574275,0.0,1.0,0.5285714285714287,0.8000000000000003,2021,7,0.1074,1.0,0.0,0.0,0.0,0.0,1.0,0.0,0.0,1.0,0.0,0.0,1.0,0.0,0.0,0.0,1.0,0.0,0.3434343434343435,0.6736111111111114,0.2436929589308451,1
0.5384272503221113,0.7627762675498357,0.5354656364574275,0.0,0.0,0.4285714285714286,0.5,2022,3,0.3999,0.0,0.0,1.0,0.0,1.0,0.0,0.0,0.0,1.0,0.0,1.0,0.0,0.0,1.0,0.0,0.0,0.0,0.393939393939394,0.45833333333333326,0.41264408810387754,1
0.38823676709842325,0.447517537800759,0.5354656364574275,0.0,0.0,0.014285714285714457,0.5750000000000002,2025,2,0.185,1.0,0.0,0.0,1.0,0.0,0.0,0.0,0.0,0.0,1.0,1.0,0.0,0.0,0.0,1.0,0.0,0.0,0.07070707070707072,0.2986111111111114,0.5826050444903135,0
0.7059613126314263,0.47403795200027954,0.5354656364574275,0.0,1.0,0.4285714285714286,0.5,2020,10,0.3999,0.0,0.0,1.0,0.0,0.0,1.0,1.0,0.0,0.0,0.0,0.0,0.0,1.0,0.0,0.0,0.0,1.0,0.393939393939394,0.45833333333333326,0.2436929589308451,1
0.38823676709842325,0.47403795200027954,0.5354656364574275,1.0000000000000004,0.0,0.34285714285714297,0.8000000000000003,2023,8,0.3999,0.0,1.0,0.0,0.0,0.0,1.0,0.0,0.0,1.0,0.0,0.0,1.0,0.0,0.0,0.0,0.0,1.0,0.21212121212121213,0.5833333333333333,0.6427439125168093,1
0.8561517958551143,0.3982943042755771,0.5354656364574275,1.0000000000000004,0.0,0.4285714285714286,0.5,2020,2,0.3999,0.0,0.0,1.0,1.0,0.0,0.0,0.0,1.0,0.0,0.0,0.0,0.0,1.0,0.0,0.0,0.0,1.0,0.393939393939394,0.45833333333333326,0.1592949923650224,1
0.714138851624206,0.447517537800759,0.5354656364574275,0.0,0.0,0.8999999999999999,0.6750000000000003,2022,2,0.185,0.0,0.0,1.0,0.0,1.0,0.0,0.0,0.0,0.0,1.0,0.0,0.0,1.0,1.0,0.0,0.0,0.0,0.6565656565656567,0.7847222222222221,0.2359408109631382,1
0.6596842761989657,0.7544441295584741,0.5354656364574275,1.0000000000000004,0.0,0.6142857142857143,0.9500000000000002,2023,2,0.3999,1.0,0.0,0.0,0.0,0.0,1.0,0.0,0.0,1.0,0.0,1.0,0.0,0.0,0.0,0.0,1.0,0.0,0.3434343434343435,0.7986111111111114,0.34478095320423274,1
0.38823676709842325,0.47403795200027954,0.8576774249708521,0.0,0.0,0.4285714285714286,0.5,2023,1,0.3999,1.0,0.0,0.0,0.0,1.0,0.0,1.0,0.0,0.0,0.0,1.0,0.0,0.0,0.0,0.0,0.0,1.0,0.393939393939394,0.45833333333333326,0.5826050444903135,1
0.6596842761989657,0.47403795200027954,0.5354656364574275,0.0,0.0,0.4285714285714286,0.5,2020,3,0.185,0.0,1.0,0.0,0.0,1.0,0.0,0.0,0.0,0.0,1.0,0.0,1.0,0.0,0.0,0.0,0.0,1.0,0.393939393939394,0.45833333333333326,0.28844180225299054,1
0.38823676709842325,0.47403795200027954,0.3829487047303832,0.0,1.0,0.4285714285714286,0.5,2023,7,0.102,0.0,1.0,0.0,0.0,0.0,1.0,1.0,0.0,0.0,0.0,1.0,0.0,0.0,1.0,0.0,0.0,0.0,0.393939393939394,0.45833333333333326,0.5826050444903135,0
0.5867777864565255,0.47403795200027954,0.5354656364574275,0.0,0.0,0.8857142857142857,0.050000000000000044,2020,9,0.102,0.0,1.0,0.0,1.0,0.0,0.0,0.0,0.0,0.0,1.0,0.0,0.0,1.0,0.0,0.0,0.0,1.0,0.8989898989898991,0.4305555555555556,0.3619020902984019,1
0.7220189587716063,0.47403795200027954,0.5354656364574275,0.0,0.0,0.4285714285714286,0.5,2022,4,0.185,0.0,0.0,1.0,0.0,1.0,0.0,1.0,0.0,0.0,0.0,0.0,0.0,1.0,0.0,0.0,1.0,0.0,0.393939393939394,0.45833333333333326,0.2285157277313237,0
0.9011428993421277,0.447517537800759,0.5354656364574275,0.0,0.0,0.5285714285714287,0.5,2023,2,0.185,0.0,1.0,0.0,1.0,0.0,0.0,0.0,1.0,0.0,0.0,1.0,0.0,0.0,1.0,0.0,0.0,0.0,0.4646464646464647,0.5069444444444446,0.07297978914527489,0
0.6596842761989657,0.47927427295186975,0.16865477869575418,0.0,0.0,0.4285714285714286,0.5,2024,5,0.102,0.0,1.0,0.0,0.0,1.0,0.0,0.0,0.0,0.0,1.0,0.0,1.0,0.0,0.0,0.0,0.0,1.0,0.393939393939394,0.45833333333333326,0.28844180225299054,0
0.7059613126314263,0.47403795200027954,0.5354656364574275,0.0,0.0,0.4285714285714286,0.5,2020,10,0.3999,0.0,1.0,0.0,0.0,1.0,0.0,1.0,0.0,0.0,0.0,1.0,0.0,0.0,0.0,1.0,0.0,0.0,0.393939393939394,0.45833333333333326,0.2436929589308451,0
0.38823676709842325,0.47403795200027954,0.5354656364574275,1.0000000000000004,0.0,0.4285714285714286,0.5,2025,8,0.2057,0.0,1.0,0.0,1.0,0.0,0.0,0.0,0.0,0.0,1.0,0.0,0.0,1.0,0.0,1.0,0.0,0.0,0.393939393939394,0.45833333333333326,0.6427439125168093,0
0.38823676709842325,0.5354523887642593,0.5354656364574275,0.0,1.0,0.4285714285714286,0.5,2021,7,0.3999,1.0,0.0,0.0,1.0,0.0,0.0,0.0,0.0,0.0,1.0,1.0,0.0,0.0,0.0,0.0,0.0,1.0,0.393939393939394,0.45833333333333326,0.5826050444903135,0
0.764088502509945,0.7205409156562008,0.6181761295775301,0.0,0.0,0.4285714285714286,0.5,2024,12,0.185,1.0,0.0,0.0,0.0,1.0,0.0,0.0,0.0,1.0,0.0,0.0,0.0,1.0,0.0,0.0,1.0,0.0,0.393939393939394,0.45833333333333326,0.18964410734058876,1
0.38823676709842325,0.447517537800759,0.5354656364574275,0.0,0.0,0.4285714285714286,0.5,2025,3,0.3999,1.0,0.0,0.0,0.0,0.0,1.0,0.0,0.0,0.0,1.0,1.0,0.0,0.0,0.0,1.0,0.0,0.0,0.393939393939394,0.45833333333333326,0.5826050444903135,0
0.38823676709842325,0.996569812166014,0.5354656364574275,0.0,1.0,0.8285714285714287,0.125,2020,3,0.3999,1.0,0.0,0.0,0.0,0.0,1.0,0.0,0.0,1.0,0.0,0.0,0.0,1.0,0.0,0.0,1.0,0.0,0.8282828282828284,0.44444444444444464,0.5826050444903135,0
0.38823676709842325,0.447517537800759,0.5354656364574275,0.0,0.0,0.4285714285714286,0.5,2024,9,0.2057,0.0,1.0,0.0,0.0,1.0,0.0,1.0,0.0,0.0,0.0,1.0,0.0,0.0,0.0,0.0,1.0,0.0,0.393939393939394,0.45833333333333326,0.5826050444903135,0
0.38823676709842325,0.5503397132132082,0.5354656364574275,0.0,0.0,0.4285714285714286,0.5,2023,10,0.1074,0.0,1.0,0.0,0.0,1.0,0.0,1.0,0.0,0.0,0.0,0.0,1.0,0.0,0.0,0.0,0.0,1.0,0.393939393939394,0.45833333333333326,0.5826050444903135,0
0.6596842761989657,0.447517537800759,0.3329788839402372,0.0,0.0,0.37142857142857144,0.875,2023,12,0.3999,0.0,0.0,1.0,1.0,0.0,0.0,1.0,0.0,0.0,0.0,0.0,0.0,1.0,0.0,1.0,0.0,0.0,0.20202020202020202,0.6388888888888891,0.28844180225299054,1
0.7509524161184398,0.47403795200027954,0.5354656364574275,0.0,0.0,0.4285714285714286,0.5,2023,12,0.2057,0.0,0.0,1.0,0.0,1.0,0.0,0.0,0.0,1.0,0.0,0.0,1.0,0.0,0.0,0.0,1.0,0.0,0.393939393939394,0.45833333333333326,0.20164015746276445,0
0.757619990357176,0.38144003191607023,0.5354656364574275,1.0000000000000004,1.0,0.4285714285714286,0.5,2023,8,0.3999,0.0,1.0,0.0,1.0,0.0,0.0,1.0,0.0,0.0,0.0,1.0,0.0,0.0,0.0,0.0,0.0,1.0,0.393939393939394,0.45833333333333326,0.249164910407265,1
0.3487315025817901,0.47403795200027954,0.5354656364574275,1.0000000000000004,0.0,0.4285714285714286,0.5,2020,4,0.3999,0.0,1.0,0.0,0.0,1.0,0.0,1.0,0.0,0.0,0.0,1.0,0.0,0.0,0.0,0.0,0.0,1.0,0.393939393939394,0.45833333333333326,0.6918869168063614,1
0.714138851624206,0.47403795200027954,0.5354656364574275,0.0,1.0,0.4285714285714286,0.5,2025,3,0.185,0.0,0.0,1.0,0.0,0.0,1.0,0.0,0.0,0.0,1.0,0.0,1.0,0.0,0.0,0.0,0.0,1.0,0.393939393939394,0.45833333333333326,0.2359408109631382,0
0.6596842761989657,0.47403795200027954,0.476847824478952,0.0,0.0,0.4285714285714286,0.5,2021,7,0.2057,0.0,1.0,0.0,1.0,0.0,0.0,0.0,0.0,1.0,0.0,1.0,0.0,0.0,1.0,0.0,0.0,0.0,0.393939393939394,0.45833333333333326,0.28844180225299054,1
0.38823676709842325,0.982752841496032,0.6828552126767171,0.0,0.0,0.4285714285714286,0.5,2024,3,0.185,1.0,0.0,0.0,0.0,0.0,1.0,0.0,0.0,0.0,1.0,0.0,0.0,1.0,0.0,0.0,0.0,1.0,0.393939393939394,0.45833333333333326,0.5826050444903135,1
0.7059613126314263,0.8195761899789775,0.6953683552165835,0.0,0.0,0.4285714285714286,0.5,2020,7,0.1074,0.0,0.0,1.0,0.0,1.0,0.0,0.0,0.0,0.0,1.0,1.0,0.0,0.0,0.0,1.0,0.0,0.0,0.393939393939394,0.45833333333333326,0.2436929589308451,1
0.7059613126314263,0.47403795200027954,0.14886875138769273,1.0000000000000004,0.0,0.4285714285714286,0.5,2023,1,0.1074,0.0,0.0,1.0,0.0,1.0,0.0,0.0,0.0,1.0,0.0,0.0,1.0,0.0,0.0,0.0,0.0,1.0,0.393939393939394,0.45833333333333326,0.29887056355028807,1
0.7059613126314263,0.447517537800759,0.8684445203976638,1.0000000000000004,0.0,0.4285714285714286,0.5,2020,6,0.3999,1.0,0.0,0.0,1.0,0.0,0.0,1.0,0.0,0.0,0.0,1.0,0.0,0.0,0.0,0.0,0.0,1.0,0.393939393939394,0.45833333333333326,0.29887056355028807,0
0.38823676709842325,0.47403795200027954,0.5354656364574275,0.0,0.0,0.4285714285714286,0.5,2025,6,0.185,1.0,0.0,0.0,0.0,1.0,0.0,0.0,0.0,0.0,1.0,0.0,1.0,0.0,0.0,0.0,0.0,1.0,0.393939393939394,0.45833333333333326,0.5826050444903135,0
0.38823676709842325,0.8964329428184876,0.12873860205784737,0.0,0.0,0.4285714285714286,0.5,2024,4,0.3999,0.0,1.0,0.0,0.0,1.0,0.0,0.0,0.0,1.0,0.0,1.0,0.0,0.0,1.0,0.0,0.0,0.0,0.393939393939394,0.45833333333333326,0.5826050444903135,0
0.7059613126314263,0.447517537800759,0.5354656364574275,0.0,0.0,0.842857142857143,0.10000000000000009,2025,8,0.3999,0.0,1.0,0.0,1.0,0.0,0.0,0.0,0.0,0.0,1.0,0.0,1.0,0.0,0.0,1.0,0.0,0.0,0.8484848484848486,0.4375,0.2436929589308451,0
0.38823676709842325,0.47403795200027954,0.5354656364574275,0.0,1.0,0.4285714285714286,0.5,2024,5,0.185,0.0,0.0,1.0,1.0,0.0,0.0,1.0,0.0,0.0,0.0,0.0,1.0,0.0,1.0,0.0,0.0,0.0,0.393939393939394,0.45833333333333326,0.5826050444903135,0
0.38823676709842325,0.47403795200027954,0.5354656364574275,0.0,0.0,0.4285714285714286,0.5,2025,4,0.2057,0.0,1.0,0.0,1.0,0.0,0.0,1.0,0.0,0.0,0.0,0.0,0.0,1.0,0.0,0.0,0.0,1.0,0.393939393939394,0.45833333333333326,0.5826050444903135,1
0.6596842761989657,0.05280355365560263,0.835838014569739,0.0,1.0,0.4285714285714286,0.5,2021,10,0.1074,0.0,0.0,1.0,0.0,1.0,0.0,0.0,0.0,1.0,0.0,0.0,1.0,0.0,0.0,0.0,0.0,1.0,0.393939393939394,0.45833333333333326,0.28844180225299054,1
0.38823676709842325,0.47403795200027954,0.5354656364574275,0.0,0.0,0.9857142857142858,0.0,2021,8,0.3999,1.0,0.0,0.0,0.0,1.0,0.0,0.0,0.0,1.0,0.0,1.0,0.0,0.0,1.0,0.0,0.0,0.0,0.98989898989899,0.45138888888888906,0.5826050444903135,0
0.38823676709842325,0.447517537800759,0.5354656364574275,0.0,0.0,0.4285714285714286,0.5,2020,10,0.3999,0.0,0.0,1.0,0.0,1.0,0.0,0.0,0.0,1.0,0.0,0.0,1.0,0.0,0.0,0.0,0.0,1.0,0.393939393939394,0.45833333333333326,0.5826050444903135,0
0.38823676709842325,0.447517537800759,0.5354656364574275,0.0,0.0,0.4285714285714286,0.5,2024,12,0.3999,1.0,0.0,0.0,0.0,0.0,1.0,0.0,0.0,1.0,0.0,0.0,0.0,1.0,0.0,0.0,1.0,0.0,0.393939393939394,0.45833333333333326,0.5826050444903135,1
0.38823676709842325,0.447517537800759,0.5354656364574275,0.0,1.0,0.4285714285714286,0.5,2022,3,0.3999,0.0,0.0,1.0,0.0,1.0,0.0,1.0,0.0,0.0,0.0,0.0,1.0,0.0,0.0,0.0,0.0,1.0,0.393939393939394,0.45833333333333326,0.5826050444903135,1
0.7059613126314263,0.47403795200027954,0.5354656364574275,0.0,0.0,0.4285714285714286,0.5,2020,1,0.3999,0.0,1.0,0.0,1.0,0.0,0.0,0.0,1.0,0.0,0.0,0.0,0.0,1.0,1.0,0.0,0.0,0.0,0.393939393939394,0.45833333333333326,0.2436929589308451,1
0.7059613126314263,0.47403795200027954,0.5354656364574275,0.0,0.0,0.4285714285714286,0.5,2022,9,0.2057,0.0,0.0,1.0,0.0,1.0,0.0,1.0,0.0,0.0,0.0,0.0,1.0,0.0,0.0,0.0,0.0,1.0,0.393939393939394,0.45833333333333326,0.2436929589308451,1
0.8871587529039012,0.47403795200027954,0.5354656364574275,0.0,0.0,0.4285714285714286,0.5,2023,5,0.2057,1.0,0.0,0.0,0.0,0.0,1.0,1.0,0.0,0.0,0.0,1.0,0.0,0.0,0.0,0.0,0.0,1.0,0.393939393939394,0.45833333333333326,0.08411262040353126,1
0.7824103183150795,0.47403795200027954,0.5354656364574275,0.0,0.0,0.4285714285714286,0.5,2023,4,0.185,0.0,1.0,0.0,1.0,0.0,0.0,0.0,0.0,0.0,1.0,0.0,0.0,1.0,0.0,0.0,1.0,0.0,0.393939393939394,0.45833333333333326,0.17313381693596927,1
0.6596842761989657,0.47403795200027954,0.5496677092603841,0.0,0.0,0.4285714285714286,0.5,2024,9,0.3999,0.0,1.0,0.0,1.0,0.0,0.0,1.0,0.0,0.0,0.0,1.0,0.0,0.0,0.0,0.0,0.0,1.0,0.393939393939394,0.45833333333333326,0.28844180225299054,0
0.7059613126314263,0.447517537800759,0.5354656364574275,0.0,1.0,0.4285714285714286,0.5,2023,8,0.2057,0.0,1.0,0.0,1.0,0.0,0.0,1.0,0.0,0.0,0.0,0.0,1.0,0.0,0.0,0.0,1.0,0.0,0.393939393939394,0.45833333333333326,0.2436929589308451,1
0.6596842761989657,0.23760903216621498,0.12873860205784737,0.0,0.0,0.4285714285714286,0.5,2024,8,0.3999,0.0,0.0,1.0,0.0,0.0,1.0,0.0,0.0,1.0,0.0,0.0,1.0,0.0,0.0,1.0,0.0,0.0,0.393939393939394,0.45833333333333326,0.28844180225299054,1
0.9821194217167522,0.47403795200027954,0.5354656364574275,0.0,0.0,0.4285714285714286,0.5,2021,2,0.185,0.0,1.0,0.0,1.0,0.0,0.0,0.0,0.0,1.0,0.0,1.0,0.0,0.0,0.0,0.0,0.0,1.0,0.393939393939394,0.45833333333333326,0.012421196829099784,1
0.6596842761989657,0.892701769832168,0.5354656364574275,0.0,0.0,0.24285714285714288,0.42500000000000004,2023,3,0.3999,1.0,0.0,0.0,1.0,0.0,0.0,1.0,0.0,0.0,0.0,0.0,1.0,0.0,0.0,0.0,0.0,1.0,0.29292929292929293,0.32638888888888906,0.28844180225299054,1
0.38823676709842325,0.6812513424822684,0.5354656364574275,0.0,0.0,0.4285714285714286,0.5,2023,8,0.3999,1.0,0.0,0.0,0.0,0.0,1.0,1.0,0.0,0.0,0.0,0.0,0.0,1.0,0.0,0.0,0.0,1.0,0.393939393939394,0.45833333333333326,0.5826050444903135,1
0.7059613126314263,0.47403795200027954,0.5354656364574275,0.0,1.0,0.4285714285714286,0.5,2022,10,0.185,0.0,1.0,0.0,1.0,0.0,0.0,0.0,0.0,1.0,0.0,1.0,0.0,0.0,0.0,0.0,0.0,1.0,0.393939393939394,0.45833333333333326,0.2436929589308451,0
0.6596842761989657,0.47403795200027954,0.5354656364574275,0.0,0.0,0.4285714285714286,0.5,2023,7,0.2057,1.0,0.0,0.0,1.0,0.0,0.0,1.0,0.0,0.0,0.0,0.0,1.0,0.0,1.0,0.0,0.0,0.0,0.393939393939394,0.45833333333333326,0.28844180225299054,0
0.15019048322368794,0.47403795200027954,0.8791123785104213,0.0,0.0,0.4285714285714286,0.5,2022,8,0.185,0.0,1.0,0.0,0.0,1.0,0.0,1.0,0.0,0.0,0.0,0.0,0.0,1.0,0.0,0.0,0.0,1.0,0.393939393939394,0.45833333333333326,0.9387591798167269,0
0.8561517958551143,0.3982943042755771,0.5354656364574275,1.0000000000000004,0.0,0.4285714285714286,0.5,2020,2,0.3999,0.0,0.0,1.0,1.0,0.0,0.0,0.0,1.0,0.0,0.0,0.0,0.0,1.0,0.0,0.0,0.0,1.0,0.393939393939394,0.45833333333333326,0.1592949923650224,1
0.8643293348478939,0.47403795200027954,0.5354656364574275,0.0,1.0,0.4285714285714286,0.5,2022,1,0.1074,0.0,0.0,1.0,0.0,0.0,1.0,0.0,0.0,1.0,0.0,1.0,0.0,0.0,0.0,0.0,0.0,1.0,0.393939393939394,0.45833333333333326,0.10268667679928131,1
0.38823676709842325,0.47403795200027954,0.5354656364574275,0.0,1.0,0.4285714285714286,0.5,2021,8,0.3999,1.0,0.0,0.0,0.0,0.0,1.0,0.0,0.0,1.0,0.0,0.0,1.0,0.0,0.0,0.0,1.0,0.0,0.393939393939394,0.45833333333333326,0.5826050444903135,0
0.38823676709842325,0.447517537800759,0.5354656364574275,0.0,0.0,0.4285714285714286,0.5,2024,10,0.102,1.0,0.0,0.0,0.0,0.0,1.0,0.0,1.0,0.0,0.0,0.0,1.0,0.0,0.0,0.0,0.0,1.0,0.393939393939394,0.45833333333333326,0.5826050444903135,1
0.7059613126314263,0.47403795200027954,0.5354656364574275,0.0,0.0,0.18571428571428572,0.9000000000000004,2020,10,0.3999,0.0,0.0,1.0,1.0,0.0,0.0,0.0,0.0,1.0,0.0,0.0,1.0,0.0,0.0,0.0,1.0,0.0,0.060606060606060615,0.5624999999999998,0.2436929589308451,1
0.6596842761989657,0.47403795200027954,0.8468092285777598,0.0,0.0,0.4285714285714286,0.5,2020,4,0.2057,0.0,1.0,0.0,1.0,0.0,0.0,0.0,0.0,0.0,1.0,0.0,1.0,0.0,0.0,1.0,0.0,0.0,0.393939393939394,0.45833333333333326,0.28844180225299054,0
0.9236334915818912,0.447517537800759,0.5354656364574275,0.0,0.0,0.4285714285714286,0.5,2022,5,0.2057,0.0,1.0,0.0,0.0,0.0,1.0,1.0,0.0,0.0,0.0,1.0,0.0,0.0,0.0,0.0,0.0,1.0,0.393939393939394,0.45833333333333326,0.05547858198464192,1
0.6596842761989657,0.47403795200027954,0.5354656364574275,0.0,0.0,0.4285714285714286,0.5,2020,1,0.3999,0.0,1.0,0.0,0.0,1.0,0.0,1.0,0.0,0.0,0.0,1.0,0.0,0.0,0.0,1.0,0.0,0.0,0.393939393939394,0.45833333333333326,0.28844180225299054,0
0.9266640174205345,0.47403795200027954,0.5354656364574275,0.0,0.0,0.4285714285714286,0.5,2020,7,0.3999,0.0,1.0,0.0,1.0,0.0,0.0,0.0,1.0,0.0,0.0,1.0,0.0,0.0,1.0,0.0,0.0,0.0,0.393939393939394,0.45833333333333326,0.053159268691928246,0
0.38823676709842325,0.47403795200027954,0.5354656364574275,0.0,0.0,0.7571428571428571,0.025000000000000133,2020,4,0.3999,0.0,0.0,1.0,0.0,0.0,1.0,1.0,0.0,0.0,0.0,1.0,0.0,0.0,0.0,1.0,0.0,0.0,0.8181818181818183,0.35416666666666674,0.5826050444903135,0
0.9440075965061615,0.47403795200027954,0.5354656364574275,1.0000000000000004,0.0,0.4285714285714286,0.5,2020,10,0.185,1.0,0.0,0.0,0.0,1.0,0.0,1.0,0.0,0.0,0.0,0.0,1.0,0.0,0.0,1.0,0.0,0.0,0.393939393939394,0.45833333333333326,0.08551133303964578,0
0.6596842761989657,0.47403795200027954,0.5354656364574275,0.0,1.0,0.4285714285714286,0.5,2022,2,0.3999,0.0,1.0,0.0,1.0,0.0,0.0,1.0,0.0,0.0,0.0,1.0,0.0,0.0,0.0,1.0,0.0,0.0,0.393939393939394,0.45833333333333326,0.28844180225299054,1
0.0,0.447517537800759,0.5354656364574275,0.0,1.0,0.4285714285714286,0.5,2024,3,0.2057,0.0,0.0,1.0,0.0,0.0,1.0,1.0,0.0,0.0,0.0,0.0,1.0,0.0,0.0,0.0,0.0,1.0,0.393939393939394,0.45833333333333326,0.9387591798167269,0
0.8149733256083747,0.447517537800759,0.835838014569739,0.0,1.0,0.4285714285714286,0.5,2023,8,0.3999,0.0,0.0,1.0,1.0,0.0,0.0,0.0,0.0,0.0,1.0,1.0,0.0,0.0,0.0,0.0,0.0,1.0,0.393939393939394,0.45833333333333326,0.14445062888446727,1
0.6596842761989657,0.447517537800759,0.5354656364574275,0.0,1.0,0.4285714285714286,0.5,2021,2,0.3999,1.0,0.0,0.0,0.0,0.0,1.0,0.0,0.0,0.0,1.0,0.0,0.0,1.0,0.0,0.0,1.0,0.0,0.393939393939394,0.45833333333333326,0.28844180225299054,1
0.6596842761989657,0.447517537800759,0.5354656364574275,0.0,0.0,0.4285714285714286,0.5,2024,2,0.2057,0.0,1.0,0.0,0.0,1.0,0.0,1.0,0.0,0.0,0.0,0.0,1.0,0.0,0.0,0.0,0.0,1.0,0.393939393939394,0.45833333333333326,0.28844180225299054,1
0.8643293348478939,0.47403795200027954,0.7077476647896876,0.0,1.0,0.4285714285714286,0.5,2021,9,0.185,0.0,0.0,1.0,0.0,1.0,0.0,0.0,0.0,0.0,1.0,0.0,0.0,1.0,0.0,0.0,1.0,0.0,0.393939393939394,0.45833333333333326,0.10268667679928131,0
0.38823676709842325,0.37007449771766865,0.5354656364574275,0.0,0.0,0.4285714285714286,0.5,2021,4,0.1074,1.0,0.0,0.0,1.0,0.0,0.0,1.0,0.0,0.0,0.0,0.0,0.0,1.0,0.0,0.0,1.0,0.0,0.393939393939394,0.45833333333333326,0.5826050444903135,0
0.38823676709842325,0.47403795200027954,0.5354656364574275,0.0,1.0,0.3857142857142859,0.0,2024,4,0.185,0.0,1.0,0.0,0.0,0.0,1.0,0.0,0.0,1.0,0.0,1.0,0.0,0.0,0.0,0.0,0.0,1.0,0.5656565656565657,0.15972222222222232,0.5826050444903135,0
0.7059613126314263,0.47403795200027954,0.5354656364574275,1.0000000000000004,0.0,0.4285714285714286,0.5,2021,5,0.3999,1.0,0.0,0.0,1.0,0.0,0.0,0.0,0.0,1.0,0.0,0.0,1.0,0.0,1.0,0.0,0.0,0.0,0.393939393939394,0.45833333333333326,0.29887056355028807,0
0.6596842761989657,0.447517537800759,0.5354656364574275,0.0,1.0,0.4285714285714286,0.5,2025,5,0.3999,1.0,0.0,0.0,1.0,0.0,0.0,0.0,0.0,1.0,0.0,1.0,0.0,0.0,0.0,0.0,0.0,1.0,0.393939393939394,0.45833333333333326,0.28844180225299054,0
0.38823676709842325,0.447517537800759,0.5354656364574275,0.0,0.0,0.4285714285714286,0.5,2024,9,0.185,0.0,1.0,0.0,1.0,0.0,0.0,0.0,1.0,0.0,0.0,0.0,1.0,0.0,0.0,1.0,0.0,0.0,0.393939393939394,0.45833333333333326,0.5826050444903135,1
0.6596842761989657,0.47403795200027954,0.5354656364574275,0.0,1.0,0.4285714285714286,0.5,2023,6,0.185,0.0,1.0,0.0,1.0,0.0,0.0,1.0,0.0,0.0,0.0,1.0,0.0,0.0,0.0,0.0,0.0,1.0,0.393939393939394,0.45833333333333326,0.28844180225299054,0
0.38823676709842325,0.47403795200027954,0.5354656364574275,1.0000000000000004,1.0,0.4285714285714286,0.5,2024,6,0.2057,0.0,0.0,1.0,0.0,0.0,1.0,1.0,0.0,0.0,0.0,0.0,1.0,0.0,0.0,1.0,0.0,0.0,0.393939393939394,0.45833333333333326,0.6427439125168093,1
0.38823676709842325,0.47403795200027954,0.5354656364574275,1.0000000000000004,0.0,0.4285714285714286,0.5,2025,1,0.2057,1.0,0.0,0.0,0.0,1.0,0.0,0.0,0.0,1.0,0.0,0.0,1.0,0.0,1.0,0.0,0.0,0.0,0.393939393939394,0.45833333333333326,0.6427439125168093,1
0.9978439716109563,0.737609032166215,0.5354656364574275,0.0,0.0,0.4285714285714286,0.5,2022,12,0.185,1.0,0.0,0.0,0.0,1.0,0.0,0.0,0.0,1.0,0.0,1.0,0.0,0.0,0.0,1.0,0.0,0.0,0.393939393939394,0.45833333333333326,0.0014787003342740523,1
0.7059613126314263,0.6856791811037986,0.7441104797203657,1.0000000000000004,1.0,0.4285714285714286,0.5,2020,6,0.3999,0.0,1.0,0.0,1.0,0.0,0.0,0.0,0.0,0.0,1.0,0.0,0.0,1.0,0.0,0.0,0.0,1.0,0.393939393939394,0.45833333333333326,0.29887056355028807,0
0.8760445698180266,0.996569812166014,0.5354656364574275,0.0,0.0,0.4285714285714286,0.5,2021,9,0.1074,0.0,0.0,1.0,0.0,0.0,1.0,0.0,0.0,1.0,0.0,0.0,0.0,1.0,0.0,1.0,0.0,0.0,0.393939393939394,0.45833333333333326,0.09309417343275825,1
0.7059613126314263,0.7751698566066048,0.5354656364574275,0.0,0.0,0.4285714285714286,0.5,2022,7,0.185,0.0,0.0,1.0,1.0,0.0,0.0,0.0,0.0,1.0,0.0,0.0,1.0,0.0,0.0,0.0,1.0,0.0,0.393939393939394,0.45833333333333326,0.2436929589308451,1
0.7059613126314263,0.47403795200027954,0.5354656364574275,0.0,0.0,0.4285714285714286,0.5,2024,3,0.3999,0.0,1.0,0.0,0.0,0.0,1.0,0.0,0.0,1.0,0.0,0.0,0.0,1.0,0.0,0.0,0.0,1.0,0.393939393939394,0.45833333333333326,0.2436929589308451,1
0.7059613126314263,0.3586032361019438,0.5354656364574275,0.0,0.0,0.4285714285714286,0.5,2020,7,0.3999,0.0,1.0,0.0,0.0,1.0,0.0,0.0,1.0,0.0,0.0,0.0,0.0,1.0,0.0,0.0,1.0,0.0,0.393939393939394,0.45833333333333326,0.2436929589308451,0
0.38823676709842325,0.447517537800759,0.5775595266479012,0.0,0.0,0.4285714285714286,0.5,2021,1,0.3999,1.0,0.0,0.0,1.0,0.0,0.0,0.0,1.0,0.0,0.0,1.0,0.0,0.0,0.0,0.0,0.0,1.0,0.393939393939394,0.45833333333333326,0.5826050444903135,1
0.38823676709842325,0.47403795200027954,0.5354656364574275,1.0000000000000004,1.0,0.4285714285714286,0.5,2022,1,0.1074,1.0,0.0,0.0,1.0,0.0,0.0,1.0,0.0,0.0,0.0,0.0,1.0,0.0,0.0,0.0,1.0,0.0,0.393939393939394,0.45833333333333326,0.6427439125168093,1
0.6596842761989657,0.47403795200027954,0.5354656364574275,0.0,0.0,0.4285714285714286,0.5,2021,11,0.3999,1.0,0.0,0.0,0.0,0.0,1.0,1.0,0.0,0.0,0.0,0.0,1.0,0.0,0.0,1.0,0.0,0.0,0.393939393939394,0.45833333333333326,0.28844180225299054,1
0.6596842761989657,0.47403795200027954,0.6828552126767171,0.0,0.0,0.4285714285714286,0.5,2024,11,0.2057,0.0,0.0,1.0,0.0,1.0,0.0,0.0,1.0,0.0,0.0,0.0,1.0,0.0,0.0,0.0,0.0,1.0,0.393939393939394,0.45833333333333326,0.28844180225299054,1
0.7059613126314263,0.447517537800759,0.5354656364574275,0.0,0.0,0.4285714285714286,0.5,2020,8,0.3999,1.0,0.0,0.0,0.0,0.0,1.0,0.0,1.0,0.0,0.0,1.0,0.0,0.0,0.0,1.0,0.0,0.0,0.393939393939394,0.45833333333333326,0.2436929589308451,1
0.7059613126314263,0.47403795200027954,0.5354656364574275,0.0,0.0,0.4285714285714286,0.5,2025,2,0.1074,0.0,0.0,1.0,0.0,1.0,0.0,1.0,0.0,0.0,0.0,1.0,0.0,0.0,0.0,1.0,0.0,0.0,0.393939393939394,0.45833333333333326,0.2436929589308451,1
0.5867777864565255,0.447517537800759,0.5354656364574275,0.0,0.0,0.4285714285714286,0.5,2022,2,0.102,0.0,0.0,1.0,0.0,1.0,0.0,0.0,0.0,0.0,1.0,0.0,0.0,1.0,0.0,0.0,0.0,1.0,0.393939393939394,0.45833333333333326,0.3619020902984019,1
0.38823676709842325,0.2935297748782637,0.5354656364574275,0.0,1.0,0.4285714285714286,0.5,2024,8,0.185,0.0,0.0,1.0,0.0,1.0,0.0,1.0,0.0,0.0,0.0,0.0,1.0,0.0,0.0,0.0,1.0,0.0,0.393939393939394,0.45833333333333326,0.5826050444903135,0
0.6596842761989657,0.47403795200027954,0.5354656364574275,1.0000000000000004,0.0,0.4285714285714286,0.5,2020,5,0.3999,0.0,0.0,1.0,1.0,0.0,0.0,0.0,0.0,0.0,1.0,0.0,0.0,1.0,0.0,0.0,0.0,1.0,0.393939393939394,0.45833333333333326,0.34478095320423274,0
0.6596842761989657,0.47403795200027954,0.5354656364574275,0.0,0.0,0.4285714285714286,0.5,2020,9,0.102,0.0,0.0,1.0,0.0,0.0,1.0,0.0,0.0,1.0,0.0,1.0,0.0,0.0,1.0,0.0,0.0,0.0,0.393939393939394,0.45833333333333326,0.28844180225299054,0
0.38823676709842325,0.447517537800759,0.5354656364574275,0.0,0.0,0.4285714285714286,0.5,2020,12,0.3999,0.0,0.0,1.0,1.0,0.0,0.0,1.0,0.0,0.0,0.0,0.0,0.0,1.0,0.0,0.0,1.0,0.0,0.393939393939394,0.45833333333333326,0.5826050444903135,0
0.7059613126314263,0.47403795200027954,0.8135785898623755,0.0,0.0,0.4285714285714286,0.5,2024,4,0.102,0.0,1.0,0.0,0.0,1.0,0.0,0.0,0.0,1.0,0.0,0.0,1.0,0.0,0.0,0.0,1.0,0.0,0.393939393939394,0.45833333333333326,0.2436929589308451,0
0.7059613126314263,0.47403795200027954,0.5354656364574275,0.0,1.0,0.4285714285714286,0.5,2025,6,0.3999,0.0,1.0,0.0,0.0,0.0,1.0,0.0,0.0,1.0,0.0,1.0,0.0,0.0,0.0,1.0,0.0,0.0,0.393939393939394,0.45833333333333326,0.2436929589308451,0
0.38823676709842325,0.03794612415644005,0.5354656364574275,1.0000000000000004,0.0,0.4285714285714286,0.5,2023,8,0.2057,0.0,0.0,1.0,1.0,0.0,0.0,0.0,0.0,1.0,0.0,0.0,1.0,0.0,1.0,0.0,0.0,0.0,0.393939393939394,0.45833333333333326,0.6427439125168093,0
0.6596842761989657,0.47403795200027954,0.5354656364574275,0.0,0.0,0.4285714285714286,0.5,2022,2,0.102,0.0,1.0,0.0,0.0,1.0,0.0,1.0,0.0,0.0,0.0,0.0,1.0,0.0,1.0,0.0,0.0,0.0,0.393939393939394,0.45833333333333326,0.28844180225299054,0
0.45057144967106383,0.6034385971854399,0.4151022837625655,0.0,1.0,0.4285714285714286,0.5,2024,5,0.102,0.0,1.0,0.0,0.0,1.0,0.0,1.0,0.0,0.0,0.0,1.0,0.0,0.0,0.0,1.0,0.0,0.0,0.393939393939394,0.45833333333333326,0.5094629413016346,0
0.6596842761989657,0.47403795200027954,0.8468092285777598,0.0,0.0,0.4285714285714286,0.5,2022,12,0.3999,0.0,0.0,1.0,0.0,0.0,1.0,0.0,0.0,1.0,0.0,0.0,1.0,0.0,0.0,0.0,1.0,0.0,0.393939393939394,0.45833333333333326,0.28844180225299054,1
0.6596842761989657,0.47403795200027954,0.5354656364574275,0.0,1.0,0.7571428571428571,0.10000000000000009,2025,3,0.2057,0.0,0.0,1.0,0.0,1.0,0.0,0.0,0.0,1.0,0.0,0.0,1.0,0.0,0.0,0.0,0.0,1.0,0.787878787878788,0.39583333333333326,0.28844180225299054,0
0.6596842761989657,0.1656274916407412,0.5354656364574275,1.0000000000000004,1.0,0.4285714285714286,0.5,2025,2,0.102,1.0,0.0,0.0,0.0,1.0,0.0,1.0,0.0,0.0,0.0,0.0,0.0,1.0,0.0,0.0,0.0,1.0,0.393939393939394,0.45833333333333326,0.34478095320423274,0
0.7059613126314263,0.47403795200027954,0.5354656364574275,0.0,1.0,0.4285714285714286,0.5,2024,3,0.102,0.0,0.0,1.0,1.0,0.0,0.0,0.0,0.0,1.0,0.0,1.0,0.0,0.0,0.0,0.0,0.0,1.0,0.393939393939394,0.45833333333333326,0.2436929589308451,1
0.8907403066013384,0.47403795200027954,0.92082696199203,1.0000000000000004,1.0,0.4285714285714286,0.5,2023,6,0.3999,0.0,1.0,0.0,0.0,0.0,1.0,0.0,1.0,0.0,0.0,0.0,1.0,0.0,0.0,0.0,0.0,1.0,0.393939393939394,0.45833333333333326,0.12946657127768738,1
0.6886177335457992,0.47403795200027954,0.5354656364574275,1.0000000000000004,0.0,0.4285714285714286,0.5,2022,7,0.2057,0.0,1.0,0.0,0.0,1.0,0.0,1.0,0.0,0.0,0.0,0.0,1.0,0.0,0.0,0.0,0.0,1.0,0.393939393939394,0.45833333333333326,0.3159265383207984,0
0.38823676709842325,0.447517537800759,0.835838014569739,0.0,0.0,0.014285714285714457,0.7000000000000002,2023,9,0.185,0.0,1.0,0.0,0.0,1.0,0.0,0.0,0.0,0.0,1.0,1.0,0.0,0.0,0.0,0.0,1.0,0.0,0.0202020202020202,0.3680555555555556,0.5826050444903135,0
0.38823676709842325,0.447517537800759,0.5354656364574275,0.0,0.0,0.842857142857143,0.5,2021,11,0.102,1.0,0.0,0.0,1.0,0.0,0.0,1.0,0.0,0.0,0.0,0.0,1.0,0.0,0.0,1.0,0.0,0.0,0.686868686868687,0.6597222222222221,0.5826050444903135,1
0.38823676709842325,0.47403795200027954,0.5354656364574275,0.0,0.0,0.4285714285714286,0.5,2023,3,0.2057,0.0,0.0,1.0,0.0,0.0,1.0,0.0,0.0,1.0,0.0,0.0,1.0,0.0,1.0,0.0,0.0,0.0,0.393939393939394,0.45833333333333326,0.5826050444903135,1
0.7059613126314263,0.9862216250243363,0.5354656364574275,1.0000000000000004,0.0,0.4285714285714286,0.5,2022,5,0.1074,0.0,1.0,0.0,0.0,1.0,0.0,0.0,0.0,1.0,0.0,1.0,0.0,0.0,0.0,0.0,0.0,1.0,0.393939393939394,0.45833333333333326,0.29887056355028807,1
0.7059613126314263,0.47403795200027954,0.5354656364574275,0.0,0.0,0.4285714285714286,0.5,2025,2,0.3999,0.0,1.0,0.0,0.0,1.0,0.0,0.0,0.0,1.0,0.0,0.0,0.0,1.0,1.0,0.0,0.0,0.0,0.393939393939394,0.45833333333333326,0.2436929589308451,0
0.8643293348478939,0.447517537800759,1.0,0.0,0.0,0.4285714285714286,0.5,2024,10,0.2057,0.0,0.0,1.0,0.0,1.0,0.0,0.0,0.0,1.0,0.0,0.0,1.0,0.0,0.0,0.0,0.0,1.0,0.393939393939394,0.45833333333333326,0.10268667679928131,1
0.9574702527640595,0.447517537800759,0.44638673986166477,1.0000000000000004,0.0,0.4285714285714286,0.5,2025,3,0.102,0.0,1.0,0.0,0.0,1.0,0.0,0.0,0.0,0.0,1.0,0.0,1.0,0.0,0.0,0.0,1.0,0.0,0.393939393939394,0.45833333333333326,0.07480929619733764,1
0.7824103183150795,0.47403795200027954,0.5354656364574275,0.0,0.0,0.4285714285714286,0.5,2023,4,0.185,0.0,1.0,0.0,1.0,0.0,0.0,0.0,0.0,0.0,1.0,0.0,0.0,1.0,0.0,0.0,1.0,0.0,0.393939393939394,0.45833333333333326,0.17313381693596927,1
0.8476534883872682,0.47403795200027954,0.5354656364574275,0.0,0.0,0.4285714285714286,0.5,2021,3,0.3999,0.0,1.0,0.0,0.0,0.0,1.0,0.0,0.0,1.0,0.0,1.0,0.0,0.0,1.0,0.0,0.0,0.0,0.393939393939394,0.45833333333333326,0.1165574008242615,1
0.6596842761989657,0.5891823490275931,0.022475549143011975,1.0000000000000004,0.0,0.4285714285714286,0.5,2024,1,0.185,0.0,0.0,1.0,0.0,0.0,1.0,0.0,0.0,0.0,1.0,1.0,0.0,0.0,0.0,0.0,0.0,1.0,0.393939393939394,0.45833333333333326,0.34478095320423274,1
0.38823676709842325,0.9792742729518698,0.5354656364574275,1.0000000000000004,1.0,0.4285714285714286,0.5,2024,1,0.3999,0.0,1.0,0.0,0.0,0.0,1.0,1.0,0.0,0.0,0.0,0.0,1.0,0.0,1.0,0.0,0.0,0.0,0.393939393939394,0.45833333333333326,0.6427439125168093,1
0.38823676709842325,0.447517537800759,0.18810825193982694,0.0,0.0,0.4285714285714286,0.5,2020,5,0.185,0.0,1.0,0.0,1.0,0.0,0.0,0.0,1.0,0.0,0.0,0.0,1.0,0.0,0.0,1.0,0.0,0.0,0.393939393939394,0.45833333333333326,0.5826050444903135,1
0.6596842761989657,0.447517537800759,0.5354656364574275,0.0,0.0,0.4285714285714286,0.5,2024,10,0.185,0.0,0.0,1.0,1.0,0.0,0.0,0.0,1.0,0.0,0.0,1.0,0.0,0.0,0.0,0.0,0.0,1.0,0.393939393939394,0.45833333333333326,0.28844180225299054,0
0.5718284755479183,0.447517537800759,0.5354656364574275,1.0000000000000004,1.0,0.4285714285714286,0.5,2024,5,0.2057,0.0,0.0,1.0,0.0,1.0,0.0,0.0,0.0,0.0,1.0,1.0,0.0,0.0,0.0,0.0,0.0,1.0,0.393939393939394,0.45833333333333326,0.4354642904026569,0
0.38823676709842325,0.47403795200027954,0.5354656364574275,0.0,0.0,0.4285714285714286,0.5,2021,8,0.2057,1.0,0.0,0.0,1.0,0.0,0.0,0.0,0.0,1.0,0.0,0.0,0.0,1.0,0.0,0.0,1.0,0.0,0.393939393939394,0.45833333333333326,0.5826050444903135,0
0.9821194217167522,0.7586172358462506,0.5354656364574275,0.0,0.0,0.8857142857142857,0.4750000000000001,2022,6,0.3999,0.0,0.0,1.0,0.0,0.0,1.0,1.0,0.0,0.0,0.0,1.0,0.0,0.0,0.0,0.0,0.0,1.0,0.7272727272727274,0.6666666666666667,0.012421196829099784,0
0.7059613126314263,0.47403795200027954,0.5354656364574275,0.0,0.0,0.12857142857142856,0.17500000000000004,2024,5,0.185,0.0,1.0,0.0,0.0,0.0,1.0,1.0,0.0,0.0,0.0,0.0,1.0,0.0,0.0,1.0,0.0,0.0,0.31313131313131315,0.13194444444444464,0.2436929589308451,0
0.6596842761989657,0.447517537800759,0.5354656364574275,0.0,1.0,0.4285714285714286,0.5,2024,7,0.102,0.0,1.0,0.0,0.0,1.0,0.0,0.0,0.0,1.0,0.0,0.0,1.0,0.0,0.0,1.0,0.0,0.0,0.393939393939394,0.45833333333333326,0.28844180225299054,0
0.6596842761989657,0.47403795200027954,0.476847824478952,0.0,0.0,0.4285714285714286,0.5,2021,7,0.2057,0.0,1.0,0.0,1.0,0.0,0.0,0.0,0.0,1.0,0.0,1.0,0.0,0.0,1.0,0.0,0.0,0.0,0.393939393939394,0.45833333333333326,0.28844180225299054,1
0.4760925677494707,0.47403795200027954,0.2260609770267461,0.0,1.0,0.4285714285714286,0.5,2023,6,0.3999,0.0,0.0,1.0,1.0,0.0,0.0,1.0,0.0,0.0,0.0,1.0,0.0,0.0,0.0,0.0,1.0,0.0,0.393939393939394,0.45833333333333326,0.4806632293150592,1
0.7059613126314263,0.47403795200027954,0.5354656364574275,0.0,1.0,0.4285714285714286,0.5,2024,10,0.2057,0.0,0.0,1.0,1.0,0.0,0.0,0.0,0.0,0.0,1.0,0.0,1.0,0.0,0.0,0.0,1.0,0.0,0.393939393939394,0.45833333333333326,0.2436929589308451,1
0.7059613126314263,0.447517537800759,0.9903945140699006,1.0000000000000004,0.0,0.4285714285714286,0.5,2024,12,0.2057,0.0,0.0,1.0,0.0,1.0,0.0,1.0,0.0,0.0,0.0,0.0,1.0,0.0,0.0,0.0,0.0,1.0,0.393939393939394,0.45833333333333326,0.29887056355028807,0
0.9956662742319112,0.47403795200027954,0.5354656364574275,1.0000000000000004,0.0,0.4285714285714286,0.5,2023,10,0.1074,0.0,1.0,0.0,0.0,1.0,0.0,1.0,0.0,0.0,0.0,1.0,0.0,0.0,1.0,0.0,0.0,0.0,0.393939393939394,0.45833333333333326,0.04540147243083095,1
0.38823676709842325,0.47403795200027954,0.5354656364574275,0.0,1.0,0.6000000000000001,0.17500000000000004,2025,8,0.185,0.0,1.0,0.0,1.0,0.0,0.0,1.0,0.0,0.0,0.0,0.0,0.0,1.0,0.0,0.0,0.0,1.0,0.6464646464646465,0.3611111111111114,0.5826050444903135,0
0.38823676709842325,0.47403795200027954,0.2807540370648489,0.0,0.0,0.4285714285714286,0.5,2021,2,0.102,1.0,0.0,0.0,0.0,1.0,0.0,0.0,0.0,1.0,0.0,1.0,0.0,0.0,0.0,0.0,0.0,1.0,0.393939393939394,0.45833333333333326,0.5826050444903135,0
0.6596842761989657,0.007683213211250983,0.476847824478952,0.0,1.0,0.4285714285714286,0.5,2025,9,0.3999,1.0,0.0,0.0,0.0,0.0,1.0,1.0,0.0,0.0,0.0,0.0,1.0,0.0,0.0,1.0,0.0,0.0,0.393939393939394,0.45833333333333326,0.28844180225299054,0
0.7059613126314263,0.447517537800759,0.5354656364574275,0.0,1.0,0.4285714285714286,0.5,2022,6,0.185,0.0,0.0,1.0,0.0,1.0,0.0,0.0,0.0,1.0,0.0,0.0,1.0,0.0,0.0,1.0,0.0,0.0,0.393939393939394,0.45833333333333326,0.2436929589308451,1
0.38823676709842325,0.47403795200027954,0.5354656364574275,0.0,0.0,0.4285714285714286,0.5,2020,12,0.1074,1.0,0.0,0.0,0.0,1.0,0.0,0.0,1.0,0.0,0.0,0.0,0.0,1.0,0.0,0.0,1.0,0.0,0.393939393939394,0.45833333333333326,0.5826050444903135,1
0.6596842761989657,0.5404348267795265,0.5354656364574275,0.0,0.0,0.4285714285714286,0.5,2022,1,0.102,0.0,1.0,0.0,0.0,1.0,0.0,0.0,1.0,0.0,0.0,0.0,1.0,0.0,0.0,1.0,0.0,0.0,0.393939393939394,0.45833333333333326,0.28844180225299054,0
0.6596842761989657,0.47403795200027954,0.5354656364574275,0.0,0.0,0.4285714285714286,0.5,2025,8,0.102,0.0,0.0,1.0,0.0,1.0,0.0,0.0,1.0,0.0,0.0,0.0,1.0,0.0,1.0,0.0,0.0,0.0,0.393939393939394,0.45833333333333326,0.28844180225299054,0
0.7220189587716063,0.47403795200027954,0.6702053117729241,0.0,0.0,0.4285714285714286,0.5,2020,12,0.3999,1.0,0.0,0.0,0.0,0.0,1.0,1.0,0.0,0.0,0.0,1.0,0.0,0.0,1.0,0.0,0.0,0.0,0.393939393939394,0.45833333333333326,0.2285157277313237,1
0.38823676709842325,0.9403480307961405,0.9903945140699006,0.0,0.0,0.4285714285714286,0.5,2024,12,0.3999,0.0,0.0,1.0,1.0,0.0,0.0,0.0,0.0,1.0,0.0,1.0,0.0,0.0,0.0,1.0,0.0,0.0,0.393939393939394,0.45833333333333326,0.5826050444903135,1
0.38823676709842325,0.47403795200027954,0.5354656364574275,1.0000000000000004,1.0,0.4285714285714286,0.5,2020,6,0.3999,1.0,0.0,0.0,1.0,0.0,0.0,0.0,0.0,1.0,0.0,1.0,0.0,0.0,0.0,0.0,0.0,1.0,0.393939393939394,0.45833333333333326,0.6427439125168093,1
0.6596842761989657,0.47403795200027954,0.5354656364574275,0.0,0.0,0.15714285714285725,0.625,2024,5,0.3999,0.0,1.0,0.0,0.0,1.0,0.0,0.0,1.0,0.0,0.0,0.0,0.0,1.0,1.0,0.0,0.0,0.0,0.15151515151515152,0.39583333333333326,0.28844180225299054,1
0.49892198580547814,0.47403795200027954,0.5354656364574275,0.0,1.0,0.4285714285714286,0.5,2024,3,0.2057,0.0,0.0,1.0,0.0,1.0,0.0,0.0,0.0,1.0,0.0,1.0,0.0,0.0,0.0,0.0,1.0,0.0,0.393939393939394,0.45833333333333326,0.4553882332454916,1
0.7059613126314263,0.447517537800759,0.5354656364574275,0.0,0.0,0.4285714285714286,0.5,2020,5,0.2057,0.0,1.0,0.0,0.0,0.0,1.0,0.0,0.0,0.0,1.0,1.0,0.0,0.0,1.0,0.0,0.0,0.0,0.393939393939394,0.45833333333333326,0.2436929589308451,0
0.6596842761989657,0.47403795200027954,0.5354656364574275,0.0,1.0,0.4285714285714286,0.5,2021,5,0.102,0.0,1.0,0.0,1.0,0.0,0.0,0.0,0.0,1.0,0.0,1.0,0.0,0.0,0.0,1.0,0.0,0.0,0.393939393939394,0.45833333333333326,0.28844180225299054,0
0.7059613126314263,0.47403795200027954,0.5354656364574275,0.0,0.0,0.4285714285714286,0.5,2020,3,0.3999,0.0,0.0,1.0,1.0,0.0,0.0,0.0,0.0,1.0,0.0,0.0,1.0,0.0,0.0,0.0,1.0,0.0,0.393939393939394,0.45833333333333326,0.2436929589308451,0
0.6596842761989657,0.447517537800759,0.5354656364574275,0.0,0.0,0.4285714285714286,0.5,2020,7,0.3999,0.0,0.0,1.0,0.0,0.0,1.0,1.0,0.0,0.0,0.0,0.0,1.0,0.0,0.0,1.0,0.0,0.0,0.393939393939394,0.45833333333333326,0.28844180225299054,1
0.38823676709842325,0.447517537800759,0.6702053117729241,0.0,1.0,0.4285714285714286,0.5,2021,11,0.185,0.0,1.0,0.0,0.0,0.0,1.0,0.0,0.0,1.0,0.0,0.0,1.0,0.0,0.0,1.0,0.0,0.0,0.393939393939394,0.45833333333333326,0.5826050444903135,0
0.38823676709842325,0.447517537800759,0.7677328182287129,0.0,0.0,0.4285714285714286,0.5,2024,8,0.3999,0.0,0.0,1.0,0.0,0.0,1.0,1.0,0.0,0.0,0.0,1.0,0.0,0.0,1.0,0.0,0.0,0.0,0.393939393939394,0.45833333333333326,0.5826050444903135,1
0.6596842761989657,0.47403795200027954,0.5354656364574275,0.0,0.0,0.4285714285714286,0.5,2023,7,0.3999,1.0,0.0,0.0,0.0,0.0,1.0,0.0,0.0,0.0,1.0,0.0,0.0,1.0,0.0,0.0,1.0,0.0,0.393939393939394,0.45833333333333326,0.28844180225299054,0
0.6596842761989657,0.47403795200027954,0.9105384105881384,0.0,0.0,0.4285714285714286,0.5,2020,12,0.3999,0.0,0.0,1.0,1.0,0.0,0.0,0.0,0.0,0.0,1.0,0.0,1.0,0.0,0.0,1.0,0.0,0.0,0.393939393939394,0.45833333333333326,0.28844180225299054,1
0.38823676709842325,0.996569812166014,0.5354656364574275,0.0,0.0,0.5428571428571429,0.6499999999999999,2023,9,0.185,0.0,0.0,1.0,1.0,0.0,0.0,0.0,0.0,1.0,0.0,0.0,0.0,1.0,0.0,0.0,1.0,0.0,0.41414141414141414,0.5972222222222221,0.5826050444903135,0
0.7059613126314263,1.0000000000000004,0.9903945140699006,0.0,0.0,0.4285714285714286,0.5,2020,9,0.185,1.0,0.0,0.0,0.0,1.0,0.0,0.0,1.0,0.0,0.0,0.0,1.0,0.0,0.0,0.0,0.0,1.0,0.393939393939394,0.45833333333333326,0.2436929589308451,0
0.9912440990023085,0.447517537800759,0.10825214845806475,0.0,0.0,0.4285714285714286,0.5,2021,10,0.185,1.0,0.0,0.0,0.0,0.0,1.0,0.0,0.0,1.0,0.0,1.0,0.0,0.0,1.0,0.0,0.0,0.0,0.393939393939394,0.45833333333333326,0.006037758099239926,0
0.38823676709842325,0.447517537800759,0.5354656364574275,0.0,1.0,0.4285714285714286,0.5,2022,11,0.2057,1.0,0.0,0.0,1.0,0.0,0.0,0.0,0.0,1.0,0.0,1.0,0.0,0.0,0.0,0.0,0.0,1.0,0.393939393939394,0.45833333333333326,0.5826050444903135,0
0.7059613126314263,0.447517537800759,0.5354656364574275,0.0,0.0,0.4285714285714286,0.5,2024,1,0.3999,0.0,0.0,1.0,1.0,0.0,0.0,1.0,0.0,0.0,0.0,0.0,1.0,0.0,0.0,0.0,0.0,1.0,0.393939393939394,0.45833333333333326,0.2436929589308451,0
0.38823676709842325,0.32353494693000995,0.3991371422078265,0.0,0.0,0.4285714285714286,0.5,2022,1,0.3999,0.0,0.0,1.0,0.0,1.0,0.0,0.0,1.0,0.0,0.0,0.0,1.0,0.0,0.0,0.0,0.0,1.0,0.393939393939394,0.45833333333333326,0.5826050444903135,1
0.7059613126314263,0.4313271293300378,0.5354656364574275,1.0000000000000004,0.0,0.4285714285714286,0.5,2025,1,0.3999,0.0,0.0,1.0,1.0,0.0,0.0,1.0,0.0,0.0,0.0,1.0,0.0,0.0,0.0,1.0,0.0,0.0,0.393939393939394,0.45833333333333326,0.29887056355028807,1
0.6596842761989657,0.3982943042755771,0.5354656364574275,0.0,1.0,0.4285714285714286,0.5,2020,6,0.102,0.0,0.0,1.0,1.0,0.0,0.0,0.0,0.0,0.0,1.0,0.0,0.0,1.0,0.0,0.0,0.0,1.0,0.393939393939394,0.45833333333333326,0.28844180225299054,1
0.38823676709842325,0.47403795200027954,0.5354656364574275,0.0,0.0,0.028571428571428692,0.5,2025,7,0.3999,1.0,0.0,0.0,0.0,1.0,0.0,0.0,1.0,0.0,0.0,0.0,0.0,1.0,0.0,0.0,0.0,1.0,0.11111111111111112,0.26388888888888906,0.5826050444903135,1
0.7059613126314263,0.47403795200027954,0.5354656364574275,1.0000000000000004,0.0,0.4285714285714286,0.5,2025,5,0.3999,1.0,0.0,0.0,0.0,0.0,1.0,1.0,0.0,0.0,0.0,1.0,0.0,0.0,1.0,0.0,0.0,0.0,0.393939393939394,0.45833333333333326,0.29887056355028807,1
0.38823676709842325,0.47403795200027954,0.7077476647896876,0.0,0.0,0.4285714285714286,0.5,2020,7,0.3999,0.0,1.0,0.0,1.0,0.0,0.0,0.0,0.0,1.0,0.0,1.0,0.0,0.0,0.0,0.0,1.0,0.0,0.393939393939394,0.45833333333333326,0.5826050444903135,1
0.7059613126314263,0.47403795200027954,0.7199959739199215,1.0000000000000004,1.0,0.028571428571428692,0.5500000000000003,2023,4,0.3999,0.0,1.0,0.0,0.0,1.0,0.0,0.0,0.0,0.0,1.0,0.0,1.0,0.0,1.0,0.0,0.0,0.0,0.09090909090909093,0.29166666666666674,0.29887056355028807,1
0.38823676709842325,0.47403795200027954,0.5354656364574275,0.0,0.0,0.4285714285714286,0.5,2025,3,0.185,0.0,1.0,0.0,0.0,1.0,0.0,0.0,1.0,0.0,0.0,1.0,0.0,0.0,0.0,1.0,0.0,0.0,0.393939393939394,0.45833333333333326,0.5826050444903135,0
0.7059613126314263,0.447517537800759,0.5354656364574275,0.0,0.0,0.4285714285714286,0.5,2023,1,0.3999,1.0,0.0,0.0,0.0,1.0,0.0,0.0,0.0,1.0,0.0,1.0,0.0,0.0,0.0,1.0,0.0,0.0,0.393939393939394,0.45833333333333326,0.2436929589308451,1
0.6596842761989657,0.447517537800759,0.5354656364574275,1.0000000000000004,1.0,0.4285714285714286,0.5,2020,2,0.3999,1.0,0.0,0.0,0.0,1.0,0.0,0.0,1.0,0.0,0.0,1.0,0.0,0.0,0.0,1.0,0.0,0.0,0.393939393939394,0.45833333333333326,0.34478095320423274,1
0.38823676709842325,0.47403795200027954,0.5354656364574275,0.0,0.0,0.4285714285714286,0.5,2024,7,0.2057,0.0,0.0,1.0,0.0,1.0,0.0,0.0,1.0,0.0,0.0,0.0,0.0,1.0,0.0,1.0,0.0,0.0,0.393939393939394,0.45833333333333326,0.5826050444903135,1
0.6596842761989657,0.3411937460330492,0.5354656364574275,0.0,0.0,0.4285714285714286,0.5,2022,9,0.185,0.0,0.0,1.0,1.0,0.0,0.0,0.0,0.0,1.0,0.0,0.0,0.0,1.0,0.0,0.0,1.0,0.0,0.393939393939394,0.45833333333333326,0.28844180225299054,0
0.7059613126314263,0.82353494693001,0.6953683552165835,0.0,1.0,0.24285714285714288,0.7000000000000002,2022,8,0.185,1.0,0.0,0.0,0.0,1.0,0.0,1.0,0.0,0.0,0.0,0.0,0.0,1.0,0.0,0.0,0.0,1.0,0.18181818181818182,0.47916666666666674,0.2436929589308451,1
0.7059613126314263,0.47403795200027954,0.941133700598555,1.0000000000000004,0.0,0.4285714285714286,0.5,2021,6,0.2057,0.0,0.0,1.0,0.0,0.0,1.0,0.0,0.0,0.0,1.0,0.0,1.0,0.0,0.0,0.0,1.0,0.0,0.393939393939394,0.45833333333333326,0.29887056355028807,0
0.6596842761989657,0.47403795200027954,0.5354656364574275,0.0,0.0,0.4285714285714286,0.5,2023,12,0.185,1.0,0.0,0.0,1.0,0.0,0.0,0.0,0.0,0.0,1.0,0.0,0.0,1.0,1.0,0.0,0.0,0.0,0.393939393939394,0.45833333333333326,0.28844180225299054,1
0.7440731378420168,0.47403795200027954,0.5354656364574275,0.0,0.0,0.4285714285714286,0.5,2023,4,0.2057,1.0,0.0,0.0,0.0,0.0,1.0,1.0,0.0,0.0,0.0,1.0,0.0,0.0,0.0,0.0,0.0,1.0,0.393939393939394,0.45833333333333326,0.20797423066790252,0
0.7059613126314263,0.47403795200027954,0.04452296644768605,0.0,0.0,0.4285714285714286,0.5,2022,3,0.185,0.0,1.0,0.0,1.0,0.0,0.0,1.0,0.0,0.0,0.0,0.0,1.0,0.0,0.0,0.0,1.0,0.0,0.393939393939394,0.45833333333333326,0.2436929589308451,0
0.7059613126314263,0.47403795200027954,0.6047950046859647,0.0,0.0,0.4285714285714286,0.5,2020,8,0.185,1.0,0.0,0.0,1.0,0.0,0.0,0.0,0.0,1.0,0.0,1.0,0.0,0.0,1.0,0.0,0.0,0.0,0.393939393939394,0.45833333333333326,0.2436929589308451,1
0.38823676709842325,0.447517537800759,0.5354656364574275,0.0,1.0,0.4285714285714286,0.5,2023,4,0.2057,0.0,1.0,0.0,1.0,0.0,0.0,0.0,1.0,0.0,0.0,1.0,0.0,0.0,0.0,0.0,0.0,1.0,0.393939393939394,0.45833333333333326,0.5826050444903135,1
0.6596842761989657,0.8964329428184876,0.476847824478952,0.0,0.0,0.4285714285714286,0.5,2024,12,0.2057,0.0,1.0,0.0,0.0,1.0,0.0,0.0,0.0,1.0,0.0,0.0,1.0,0.0,0.0,0.0,0.0,1.0,0.393939393939394,0.45833333333333326,0.28844180225299054,0
0.38823676709842325,0.22483014339339613,0.5354656364574275,1.0000000000000004,0.0,0.4285714285714286,0.5,2020,1,0.185,1.0,0.0,0.0,0.0,0.0,1.0,0.0,0.0,1.0,0.0,1.0,0.0,0.0,0.0,0.0,0.0,1.0,0.393939393939394,0.45833333333333326,0.6427439125168093,0
0.6596842761989657,0.28744012432408406,0.5354656364574275,0.0,1.0,0.4285714285714286,0.5,2025,6,0.3999,0.0,1.0,0.0,1.0,0.0,0.0,1.0,0.0,0.0,0.0,0.0,1.0,0.0,1.0,0.0,0.0,0.0,0.393939393939394,0.45833333333333326,0.28844180225299054,0
0.7059613126314263,0.447517537800759,0.591257371862075,0.0,0.0,0.4285714285714286,0.5,2020,12,0.3999,0.0,0.0,1.0,0.0,0.0,1.0,0.0,0.0,1.0,0.0,0.0,0.0,1.0,1.0,0.0,0.0,0.0,0.393939393939394,0.45833333333333326,0.2436929589308451,1
0.7059613126314263,0.47403795200027954,0.5354656364574275,0.0,0.0,0.4285714285714286,0.5,2021,5,0.185,0.0,1.0,0.0,0.0,1.0,0.0,0.0,0.0,1.0,0.0,1.0,0.0,0.0,0.0,0.0,0.0,1.0,0.393939393939394,0.45833333333333326,0.2436929589308451,0
0.38823676709842325,0.47403795200027954,0.5354656364574275,0.0,0.0,0.3571428571428572,0.27500000000000013,2020,11,0.2057,0.0,0.0,1.0,0.0,0.0,1.0,0.0,0.0,0.0,1.0,0.0,1.0,0.0,0.0,0.0,0.0,1.0,0.43434343434343436,0.2986111111111114,0.5826050444903135,1
0.7059613126314263,0.5795857890691232,0.5354656364574275,0.0,1.0,0.4285714285714286,0.5,2022,2,0.3999,1.0,0.0,0.0,1.0,0.0,0.0,1.0,0.0,0.0,0.0,1.0,0.0,0.0,0.0,0.0,0.0,1.0,0.393939393939394,0.45833333333333326,0.2436929589308451,0
0.7059613126314263,0.5747593573455676,0.5354656364574275,0.0,0.0,0.4285714285714286,0.5,2021,11,0.2057,1.0,0.0,0.0,0.0,0.0,1.0,0.0,1.0,0.0,0.0,1.0,0.0,0.0,0.0,0.0,0.0,1.0,0.393939393939394,0.45833333333333326,0.2436929589308451,1
0.7059613126314263,0.47403795200027954,0.5354656364574275,0.0,0.0,0.8142857142857145,0.3500000000000001,2024,8,0.3999,1.0,0.0,0.0,1.0,0.0,0.0,1.0,0.0,0.0,0.0,0.0,1.0,0.0,0.0,0.0,0.0,1.0,0.7272727272727274,0.5624999999999998,0.2436929589308451,1
0.38823676709842325,0.47403795200027954,0.08739654977087685,0.0,0.0,0.4285714285714286,0.5,2022,12,0.2057,0.0,0.0,1.0,0.0,0.0,1.0,0.0,0.0,0.0,1.0,1.0,0.0,0.0,0.0,0.0,0.0,1.0,0.393939393939394,0.45833333333333326,0.5826050444903135,0
0.6596842761989657,0.5601656754104924,0.2807540370648489,0.0,1.0,0.4285714285714286,0.5,2021,10,0.185,0.0,0.0,1.0,0.0,0.0,1.0,0.0,1.0,0.0,0.0,0.0,1.0,0.0,0.0,0.0,1.0,0.0,0.393939393939394,0.45833333333333326,0.28844180225299054,0
0.38823676709842325,0.447517537800759,0.5065277689203116,0.0,0.0,0.4285714285714286,0.5,2020,9,0.185,1.0,0.0,0.0,0.0,1.0,0.0,0.0,0.0,1.0,0.0,1.0,0.0,0.0,0.0,0.0,0.0,1.0,0.393939393939394,0.45833333333333326,0.5826050444903135,0
0.6596842761989657,0.47403795200027954,0.5354656364574275,0.0,0.0,0.4285714285714286,0.5,2022,5,0.3999,0.0,0.0,1.0,0.0,1.0,0.0,0.0,0.0,1.0,0.0,0.0,1.0,0.0,0.0,0.0,1.0,0.0,0.393939393939394,0.45833333333333326,0.28844180225299054,0
0.38823676709842325,0.771052484730768,0.5354656364574275,0.0,0.0,0.4285714285714286,0.5,2024,10,0.3999,0.0,1.0,0.0,0.0,0.0,1.0,1.0,0.0,0.0,0.0,0.0,0.0,1.0,0.0,0.0,0.0,1.0,0.393939393939394,0.45833333333333326,0.5826050444903135,1
0.7059613126314263,0.47403795200027954,0.5354656364574275,0.0,1.0,0.8142857142857145,0.30000000000000004,2020,5,0.3999,0.0,1.0,0.0,0.0,1.0,0.0,0.0,0.0,0.0,1.0,0.0,0.0,1.0,0.0,0.0,1.0,0.0,0.7474747474747476,0.5347222222222221,0.2436929589308451,0
0.6596842761989657,0.447517537800759,0.5354656364574275,0.0,0.0,0.4285714285714286,0.5,2025,1,0.2057,0.0,0.0,1.0,1.0,0.0,0.0,0.0,1.0,0.0,0.0,0.0,1.0,0.0,0.0,0.0,0.0,1.0,0.393939393939394,0.45833333333333326,0.28844180225299054,0
0.7059613126314263,0.47403795200027954,0.5354656364574275,0.0,0.0,0.4285714285714286,0.5,2020,6,0.102,0.0,0.0,1.0,0.0,0.0,1.0,0.0,0.0,0.0,1.0,1.0,0.0,0.0,0.0,1.0,0.0,0.0,0.393939393939394,0.45833333333333326,0.2436929589308451,1
0.38823676709842325,0.47403795200027954,0.5354656364574275,0.0,0.0,0.4285714285714286,0.5,2024,7,0.185,0.0,1.0,0.0,0.0,1.0,0.0,0.0,0.0,0.0,1.0,1.0,0.0,0.0,0.0,0.0,0.0,1.0,0.393939393939394,0.45833333333333326,0.5826050444903135,1
0.6596842761989657,0.447517537800759,0.5354656364574275,1.0000000000000004,1.0,0.4285714285714286,0.5,2020,11,0.3999,0.0,0.0,1.0,1.0,0.0,0.0,0.0,0.0,0.0,1.0,0.0,0.0,1.0,0.0,0.0,1.0,0.0,0.393939393939394,0.45833333333333326,0.34478095320423274,1
0.6596842761989657,0.447517537800759,0.5354656364574275,0.0,1.0,0.4285714285714286,0.5,2023,10,0.3999,1.0,0.0,0.0,0.0,1.0,0.0,0.0,0.0,1.0,0.0,0.0,0.0,1.0,0.0,1.0,0.0,0.0,0.393939393939394,0.45833333333333326,0.28844180225299054,0
0.38823676709842325,0.447517537800759,0.5354656364574275,0.0,0.0,0.4285714285714286,0.5,2020,2,0.3999,0.0,1.0,0.0,0.0,1.0,0.0,0.0,1.0,0.0,0.0,0.0,0.0,1.0,1.0,0.0,0.0,0.0,0.393939393939394,0.45833333333333326,0.5826050444903135,1
0.7059613126314263,0.47403795200027954,0.5354656364574275,0.0,0.0,0.4285714285714286,0.5,2023,11,0.1074,0.0,0.0,1.0,0.0,1.0,0.0,1.0,0.0,0.0,0.0,0.0,1.0,0.0,1.0,0.0,0.0,0.0,0.393939393939394,0.45833333333333326,0.2436929589308451,1
0.38823676709842325,0.447517537800759,0.5354656364574275,0.0,1.0,0.4285714285714286,0.5,2023,11,0.185,0.0,0.0,1.0,0.0,0.0,1.0,1.0,0.0,0.0,0.0,0.0,0.0,1.0,0.0,0.0,0.0,1.0,0.393939393939394,0.45833333333333326,0.5826050444903135,1
0.7059613126314263,0.47403795200027954,0.5354656364574275,0.0,0.0,0.4285714285714286,0.5,2023,5,0.102,0.0,0.0,1.0,0.0,1.0,0.0,0.0,1.0,0.0,0.0,1.0,0.0,0.0,0.0,1.0,0.0,0.0,0.393939393939394,0.45833333333333326,0.2436929589308451,1
0.6596842761989657,0.9439379947033202,0.5354656364574275,1.0000000000000004,0.0,0.4285714285714286,0.5,2020,2,0.185,0.0,0.0,1.0,1.0,0.0,0.0,1.0,0.0,0.0,0.0,1.0,0.0,0.0,1.0,0.0,0.0,0.0,0.393939393939394,0.45833333333333326,0.34478095320423274,1
0.6596842761989657,0.47403795200027954,0.5354656364574275,0.0,0.0,0.4285714285714286,0.5,2023,1,0.3999,0.0,1.0,0.0,0.0,0.0,1.0,0.0,1.0,0.0,0.0,0.0,1.0,0.0,0.0,0.0,0.0,1.0,0.393939393939394,0.45833333333333326,0.28844180225299054,0
0.9821194217167522,0.47403795200027954,0.5636976314849393,0.0,1.0,0.4285714285714286,0.5,2020,4,0.3999,0.0,0.0,1.0,0.0,0.0,1.0,0.0,1.0,0.0,0.0,0.0,1.0,0.0,1.0,0.0,0.0,0.0,0.393939393939394,0.45833333333333326,0.012421196829099784,0
0.38823676709842325,0.47403795200027954,0.5354656364574275,0.0,0.0,0.4285714285714286,0.5,2022,5,0.102,1.0,0.0,0.0,1.0,0.0,0.0,0.0,0.0,1.0,0.0,0.0,0.0,1.0,0.0,0.0,0.0,1.0,0.393939393939394,0.45833333333333326,0.5826050444903135,1
0.7059613126314263,0.47403795200027954,0.5354656364574275,1.0000000000000004,0.0,0.4285714285714286,0.5,2025,5,0.185,0.0,1.0,0.0,0.0,1.0,0.0,1.0,0.0,0.0,0.0,0.0,1.0,0.0,0.0,0.0,0.0,1.0,0.393939393939394,0.45833333333333326,0.29887056355028807,0
0.38823676709842325,0.447517537800759,0.6828552126767171,0.0,0.0,0.8571428571428572,0.0,2024,7,0.1074,0.0,1.0,0.0,1.0,0.0,0.0,0.0,0.0,1.0,0.0,1.0,0.0,0.0,0.0,0.0,0.0,1.0,0.8989898989898991,0.38888888888888906,0.5826050444903135,0
0.38823676709842325,0.447517537800759,0.5354656364574275,0.0,1.0,0.4285714285714286,0.5,2024,2,0.102,0.0,0.0,1.0,0.0,0.0,1.0,0.0,1.0,0.0,0.0,0.0,0.0,1.0,1.0,0.0,0.0,0.0,0.393939393939394,0.45833333333333326,0.5826050444903135,0
0.7059613126314263,0.47403795200027954,0.5354656364574275,1.0000000000000004,0.0,0.4285714285714286,0.5,2021,8,0.3999,1.0,0.0,0.0,0.0,1.0,0.0,0.0,0.0,1.0,0.0,1.0,0.0,0.0,1.0,0.0,0.0,0.0,0.393939393939394,0.45833333333333326,0.29887056355028807,1
0.7824103183150795,0.47403795200027954,0.5354656364574275,0.0,1.0,0.4285714285714286,0.5,2022,5,0.185,0.0,0.0,1.0,0.0,0.0,1.0,0.0,0.0,0.0,1.0,0.0,1.0,0.0,0.0,0.0,0.0,1.0,0.393939393939394,0.45833333333333326,0.17313381693596927,0
0.6596842761989657,0.447517537800759,0.5354656364574275,0.0,1.0,0.4285714285714286,0.5,2021,2,0.3999,1.0,0.0,0.0,0.0,0.0,1.0,0.0,0.0,0.0,1.0,0.0,0.0,1.0,0.0,0.0,1.0,0.0,0.393939393939394,0.45833333333333326,0.28844180225299054,1
0.9956662742319112,0.47403795200027954,0.5354656364574275,1.0000000000000004,0.0,0.4285714285714286,0.5,2023,10,0.1074,0.0,1.0,0.0,0.0,1.0,0.0,1.0,0.0,0.0,0.0,1.0,0.0,0.0,1.0,0.0,0.0,0.0,0.393939393939394,0.45833333333333326,0.04540147243083095,1
0.6596842761989657,0.447517537800759,0.5636976314849393,0.0,1.0,0.4285714285714286,0.5,2020,4,0.2057,0.0,1.0,0.0,1.0,0.0,0.0,0.0,0.0,0.0,1.0,1.0,0.0,0.0,0.0,0.0,0.0,1.0,0.393939393939394,0.45833333333333326,0.28844180225299054,1
0.6596842761989657,0.47403795200027954,0.7321160261480628,0.0,0.0,0.4285714285714286,0.5,2022,6,0.185,1.0,0.0,0.0,0.0,0.0,1.0,1.0,0.0,0.0,0.0,0.0,1.0,0.0,0.0,0.0,0.0,1.0,0.393939393939394,0.45833333333333326,0.28844180225299054,1
0.38823676709842325,0.8470242615341319,0.5354656364574275,1.0000000000000004,0.0,0.4285714285714286,0.5,2022,11,0.102,1.0,0.0,0.0,1.0,0.0,0.0,0.0,0.0,1.0,0.0,1.0,0.0,0.0,0.0,1.0,0.0,0.0,0.393939393939394,0.45833333333333326,0.6427439125168093,1
0.38823676709842325,0.47403795200027954,0.5354656364574275,0.0,0.0,0.4285714285714286,0.5,2025,4,0.2057,0.0,1.0,0.0,1.0,0.0,0.0,1.0,0.0,0.0,0.0,0.0,0.0,1.0,0.0,0.0,0.0,1.0,0.393939393939394,0.45833333333333326,0.5826050444903135,1
0.7059613126314263,0.447517537800759,0.5354656364574275,0.0,1.0,0.4285714285714286,0.5,2023,8,0.2057,0.0,1.0,0.0,0.0,0.0,1.0,1.0,0.0,0.0,0.0,0.0,0.0,1.0,1.0,0.0,0.0,0.0,0.393939393939394,0.45833333333333326,0.2436929589308451,0
0.0,0.7627762675498357,0.5354656364574275,0.0,0.0,0.4285714285714286,0.5,2023,4,0.1074,1.0,0.0,0.0,0.0,1.0,0.0,1.0,0.0,0.0,0.0,1.0,0.0,0.0,0.0,0.0,0.0,1.0,0.393939393939394,0.45833333333333326,0.9387591798167269,0
0.6596842761989657,0.447517537800759,0.5354656364574275,0.0,0.0,0.2714285714285716,0.9500000000000002,2023,9,0.3999,0.0,1.0,0.0,1.0,0.0,0.0,1.0,0.0,0.0,0.0,0.0,1.0,0.0,0.0,0.0,0.0,1.0,0.10101010101010102,0.6319444444444444,0.28844180225299054,0
0.15019048322368794,0.447517537800759,0.5354656364574275,1.0000000000000004,0.0,0.4285714285714286,0.5,2020,10,0.3999,0.0,1.0,0.0,0.0,0.0,1.0,1.0,0.0,0.0,0.0,0.0,0.0,1.0,0.0,0.0,1.0,0.0,0.393939393939394,0.45833333333333326,0.9999999999999999,0
0.6596842761989657,0.447517537800759,0.5354656364574275,0.0,1.0,0.4285714285714286,0.5,2024,6,0.3999,1.0,0.0,0.0,1.0,0.0,0.0,0.0,0.0,0.0,1.0,0.0,1.0,0.0,1.0,0.0,0.0,0.0,0.393939393939394,0.45833333333333326,0.28844180225299054,1
0.7059613126314263,0.47403795200027954,0.5354656364574275,1.0000000000000004,0.0,0.4285714285714286,0.5,2021,6,0.1074,0.0,0.0,1.0,0.0,1.0,0.0,1.0,0.0,0.0,0.0,0.0,0.0,1.0,1.0,0.0,0.0,0.0,0.393939393939394,0.45833333333333326,0.29887056355028807,0
0.6596842761989657,0.7915032309033729,0.5354656364574275,0.0,0.0,0.4285714285714286,0.5,2025,1,0.2057,0.0,0.0,1.0,1.0,0.0,0.0,0.0,1.0,0.0,0.0,0.0,1.0,0.0,0.0,0.0,1.0,0.0,0.393939393939394,0.45833333333333326,0.28844180225299054,1
0.7059613126314263,0.968779301254282,0.5354656364574275,1.0000000000000004,0.0,0.7,0.27500000000000013,2025,5,0.3999,0.0,0.0,1.0,1.0,0.0,0.0,0.0,0.0,1.0,0.0,1.0,0.0,0.0,0.0,0.0,0.0,1.0,0.6767676767676769,0.4652777777777779,0.29887056355028807,0
0.7059613126314263,0.47403795200027954,0.5354656364574275,0.0,0.0,0.4285714285714286,0.5,2025,7,0.185,1.0,0.0,0.0,0.0,1.0,0.0,0.0,1.0,0.0,0.0,0.0,0.0,1.0,0.0,0.0,1.0,0.0,0.393939393939394,0.45833333333333326,0.2436929589308451,1
0.38823676709842325,0.47403795200027954,0.5354656364574275,1.0000000000000004,1.0,0.4285714285714286,0.5,2023,3,0.3999,0.0,1.0,0.0,1.0,0.0,0.0,0.0,0.0,1.0,0.0,1.0,0.0,0.0,1.0,0.0,0.0,0.0,0.393939393939394,0.45833333333333326,0.6427439125168093,0
0.7059613126314263,0.447517537800759,0.5354656364574275,0.0,0.0,0.9857142857142858,0.625,2020,5,0.1074,1.0,0.0,0.0,0.0,1.0,0.0,0.0,0.0,1.0,0.0,0.0,1.0,0.0,0.0,0.0,1.0,0.0,0.7373737373737375,0.7986111111111114,0.2436929589308451,1
0.7059613126314263,0.447517537800759,0.5354656364574275,0.0,0.0,0.4285714285714286,0.5,2021,12,0.1074,0.0,0.0,1.0,0.0,1.0,0.0,0.0,0.0,1.0,0.0,0.0,0.0,1.0,0.0,0.0,0.0,1.0,0.393939393939394,0.45833333333333326,0.2436929589308451,1
0.38823676709842325,0.32353494693000995,0.5354656364574275,0.0,0.0,0.4285714285714286,0.5,2024,5,0.3999,0.0,0.0,1.0,0.0,1.0,0.0,0.0,1.0,0.0,0.0,0.0,1.0,0.0,0.0,0.0,0.0,1.0,0.393939393939394,0.45833333333333326,0.5826050444903135,0
0.38823676709842325,0.19229127057113082,0.5354656364574275,0.0,0.0,0.4285714285714286,0.5,2020,6,0.185,0.0,1.0,0.0,0.0,1.0,0.0,1.0,0.0,0.0,0.0,0.0,1.0,0.0,1.0,0.0,0.0,0.0,0.393939393939394,0.45833333333333326,0.5826050444903135,0
0.15019048322368794,0.447517537800759,0.5354656364574275,0.0,0.0,0.4285714285714286,0.5,2022,8,0.3999,0.0,1.0,0.0,0.0,0.0,1.0,0.0,0.0,0.0,1.0,1.0,0.0,0.0,0.0,1.0,0.0,0.0,0.393939393939394,0.45833333333333326,0.9387591798167269,1
0.38823676709842325,0.47403795200027954,0.5354656364574275,1.0000000000000004,0.0,0.4285714285714286,0.5,2025,1,0.2057,1.0,0.0,0.0,0.0,1.0,0.0,0.0,0.0,1.0,0.0,0.0,1.0,0.0,1.0,0.0,0.0,0.0,0.393939393939394,0.45833333333333326,0.6427439125168093,1
0.38823676709842325,0.47403795200027954,0.5065277689203116,0.0,0.0,0.4285714285714286,0.5,2020,10,0.3999,1.0,0.0,0.0,0.0,0.0,1.0,0.0,0.0,1.0,0.0,0.0,0.0,1.0,0.0,1.0,0.0,0.0,0.393939393939394,0.45833333333333326,0.5826050444903135,0
0.7059613126314263,0.47403795200027954,0.5354656364574275,0.0,1.0,0.4285714285714286,0.5,2022,7,0.185,0.0,1.0,0.0,0.0,1.0,0.0,0.0,0.0,1.0,0.0,1.0,0.0,0.0,0.0,0.0,0.0,1.0,0.393939393939394,0.45833333333333326,0.2436929589308451,1
0.8871587529039012,0.47403795200027954,0.5354656364574275,0.0,0.0,0.4285714285714286,0.5,2023,5,0.2057,1.0,0.0,0.0,0.0,0.0,1.0,1.0,0.0,0.0,0.0,1.0,0.0,0.0,0.0,0.0,0.0,1.0,0.393939393939394,0.45833333333333326,0.08411262040353126,1
0.7059613126314263,0.47403795200027954,0.6574156301296643,1.0000000000000004,0.0,0.4285714285714286,0.5,2023,11,0.2057,0.0,0.0,1.0,0.0,1.0,0.0,1.0,0.0,0.0,0.0,1.0,0.0,0.0,0.0,1.0,0.0,0.0,0.393939393939394,0.45833333333333326,0.29887056355028807,0
0.6596842761989657,0.47403795200027954,0.20724016540637713,0.0,1.0,0.41428571428571437,0.5,2024,10,0.2057,1.0,0.0,0.0,0.0,1.0,0.0,0.0,1.0,0.0,0.0,1.0,0.0,0.0,1.0,0.0,0.0,0.0,0.38383838383838387,0.45138888888888906,0.28844180225299054,0
0.38823676709842325,0.47403795200027954,0.5354656364574275,0.0,0.0,0.4285714285714286,0.5,2024,9,0.185,0.0,1.0,0.0,0.0,0.0,1.0,0.0,0.0,1.0,0.0,0.0,1.0,0.0,0.0,0.0,0.0,1.0,0.393939393939394,0.45833333333333326,0.5826050444903135,0
0.6596842761989657,0.23760903216621498,0.12873860205784737,0.0,0.0,0.4285714285714286,0.5,2024,8,0.3999,0.0,0.0,1.0,0.0,0.0,1.0,0.0,0.0,1.0,0.0,0.0,1.0,0.0,0.0,1.0,0.0,0.0,0.393939393939394,0.45833333333333326,0.28844180225299054,1
0.8760445698180266,0.996569812166014,0.5354656364574275,0.0,0.0,0.4285714285714286,0.5,2021,9,0.1074,0.0,0.0,1.0,0.0,0.0,1.0,0.0,0.0,1.0,0.0,0.0,0.0,1.0,0.0,1.0,0.0,0.0,0.393939393939394,0.45833333333333326,0.09309417343275825,1
0.7059613126314263,0.47403795200027954,0.5354656364574275,1.0000000000000004,0.0,0.4285714285714286,0.5,2023,1,0.2057,0.0,0.0,1.0,1.0,0.0,0.0,1.0,0.0,0.0,0.0,0.0,1.0,0.0,0.0,1.0,0.0,0.0,0.393939393939394,0.45833333333333326,0.29887056355028807,1
0.8561517958551143,0.447517537800759,0.7908826781462572,0.0,0.0,0.4285714285714286,0.5,2024,5,0.3999,0.0,0.0,1.0,1.0,0.0,0.0,1.0,0.0,0.0,0.0,1.0,0.0,0.0,0.0,0.0,1.0,0.0,0.393939393939394,0.45833333333333326,0.10945724761671569,1
0.6596842761989657,0.47403795200027954,0.9709410408258288,0.0,0.0,0.4285714285714286,0.5,2021,3,0.3999,0.0,0.0,1.0,0.0,0.0,1.0,1.0,0.0,0.0,0.0,1.0,0.0,0.0,0.0,1.0,0.0,0.0,0.393939393939394,0.45833333333333326,0.28844180225299054,0
0.6596842761989657,0.8076230909183875,0.5354656364574275,0.0,0.0,0.4285714285714286,0.5,2024,8,0.185,0.0,1.0,0.0,0.0,1.0,0.0,0.0,1.0,0.0,0.0,1.0,0.0,0.0,0.0,1.0,0.0,0.0,0.393939393939394,0.45833333333333326,0.28844180225299054,1
0.6596842761989657,0.47403795200027954,0.5354656364574275,0.0,0.0,0.4285714285714286,0.5,2023,1,0.185,1.0,0.0,0.0,0.0,0.0,1.0,0.0,1.0,0.0,0.0,1.0,0.0,0.0,1.0,0.0,0.0,0.0,0.393939393939394,0.45833333333333326,0.28844180225299054,0
0.7059613126314263,0.447517537800759,0.5775595266479012,0.0,0.0,0.4285714285714286,0.5,2020,4,0.3999,1.0,0.0,0.0,0.0,1.0,0.0,0.0,0.0,1.0,0.0,1.0,0.0,0.0,0.0,0.0,0.0,1.0,0.393939393939394,0.45833333333333326,0.2436929589308451,0
0.6596842761989657,0.47403795200027954,0.5354656364574275,0.0,1.0,0.44285714285714284,0.375,2020,10,0.1074,1.0,0.0,0.0,0.0,1.0,0.0,0.0,0.0,1.0,0.0,0.0,1.0,0.0,0.0,0.0,0.0,1.0,0.4545454545454546,0.39583333333333326,0.28844180225299054,0
0.8683052090642308,0.47403795200027954,0.5354656364574275,1.0000000000000004,0.0,0.4285714285714286,0.5,2021,4,0.3999,0.0,0.0,1.0,0.0,0.0,1.0,0.0,0.0,1.0,0.0,1.0,0.0,0.0,0.0,0.0,1.0,0.0,0.393939393939394,0.45833333333333326,0.14870460739277583,1
0.7059613126314263,0.447517537800759,0.7559819110879777,0.0,0.0,0.4285714285714286,0.5,2022,1,0.185,0.0,0.0,1.0,0.0,0.0,1.0,0.0,0.0,0.0,1.0,1.0,0.0,0.0,0.0,0.0,0.0,1.0,0.393939393939394,0.45833333333333326,0.2436929589308451,1
0.5867777864565255,0.47403795200027954,0.5354656364574275,0.0,0.0,0.22857142857142865,0.625,2024,5,0.3999,0.0,0.0,1.0,0.0,0.0,1.0,0.0,0.0,1.0,0.0,0.0,1.0,0.0,0.0,1.0,0.0,0.0,0.20202020202020202,0.4305555555555556,0.3619020902984019,0
0.6596842761989657,0.34702426153413235,0.5210871358800633,1.0000000000000004,0.0,0.4285714285714286,0.5,2020,7,0.3999,0.0,0.0,1.0,1.0,0.0,0.0,1.0,0.0,0.0,0.0,0.0,0.0,1.0,0.0,1.0,0.0,0.0,0.393939393939394,0.45833333333333326,0.34478095320423274,1
0.7059613126314263,0.47403795200027954,0.5354656364574275,0.0,0.0,0.4285714285714286,0.5,2024,8,0.185,0.0,0.0,1.0,1.0,0.0,0.0,0.0,0.0,1.0,0.0,1.0,0.0,0.0,0.0,0.0,1.0,0.0,0.393939393939394,0.45833333333333326,0.2436929589308451,1
0.6596842761989657,0.8700744977176682,0.5354656364574275,0.0,0.0,0.4285714285714286,0.5,2025,5,0.3999,1.0,0.0,0.0,0.0,1.0,0.0,0.0,0.0,0.0,1.0,0.0,0.0,1.0,0.0,0.0,1.0,0.0,0.393939393939394,0.45833333333333326,0.28844180225299054,0
0.38823676709842325,0.447517537800759,0.5354656364574275,0.0,1.0,0.4285714285714286,0.5,2025,1,0.2057,0.0,0.0,1.0,0.0,1.0,0.0,0.0,0.0,1.0,0.0,1.0,0.0,0.0,1.0,0.0,0.0,0.0,0.393939393939394,0.45833333333333326,0.5826050444903135,1
0.988998699993175,0.47403795200027954,0.9001575839490767,0.0,0.0,0.4285714285714286,0.5,2022,4,0.2057,0.0,1.0,0.0,1.0,0.0,0.0,0.0,1.0,0.0,0.0,1.0,0.0,0.0,0.0,0.0,0.0,1.0,0.393939393939394,0.45833333333333326,0.007599980034583148,0
0.38823676709842325,0.4313271293300378,0.5354656364574275,0.0,0.0,0.4285714285714286,0.5,2021,1,0.185,1.0,0.0,0.0,0.0,1.0,0.0,0.0,0.0,1.0,0.0,1.0,0.0,0.0,0.0,0.0,0.0,1.0,0.393939393939394,0.45833333333333326,0.5826050444903135,0
0.6596842761989657,0.447517537800759,0.18810825193982694,1.0000000000000004,1.0,0.4285714285714286,0.5,2024,8,0.102,0.0,1.0,0.0,0.0,1.0,0.0,0.0,0.0,0.0,1.0,1.0,0.0,0.0,0.0,1.0,0.0,0.0,0.393939393939394,0.45833333333333326,0.34478095320423274,1
0.38823676709842325,0.47403795200027954,0.5496677092603841,0.0,0.0,0.4285714285714286,0.5,2023,2,0.1074,1.0,0.0,0.0,0.0,1.0,0.0,1.0,0.0,0.0,0.0,1.0,0.0,0.0,1.0,0.0,0.0,0.0,0.393939393939394,0.45833333333333326,0.5826050444903135,0
0.7059613126314263,0.47403795200027954,0.5354656364574275,1.0000000000000004,0.0,0.4285714285714286,0.5,2025,5,0.1074,1.0,0.0,0.0,0.0,1.0,0.0,0.0,0.0,0.0,1.0,0.0,1.0,0.0,0.0,0.0,0.0,1.0,0.393939393939394,0.45833333333333326,0.29887056355028807,0
0.8643293348478939,0.47403795200027954,0.5354656364574275,0.0,0.0,0.4285714285714286,0.5,2023,2,0.3999,1.0,0.0,0.0,0.0,1.0,0.0,1.0,0.0,0.0,0.0,1.0,0.0,0.0,0.0,0.0,1.0,0.0,0.393939393939394,0.45833333333333326,0.10268667679928131,1
0.38823676709842325,0.447517537800759,0.5354656364574275,0.0,0.0,0.4285714285714286,0.5,2023,2,0.3999,1.0,0.0,0.0,0.0,0.0,1.0,1.0,0.0,0.0,0.0,1.0,0.0,0.0,0.0,1.0,0.0,0.0,0.393939393939394,0.45833333333333326,0.5826050444903135,0
0.6596842761989657,0.08918234902759314,0.5354656364574275,0.0,0.0,0.4285714285714286,0.5,2023,3,0.102,0.0,1.0,0.0,0.0,0.0,1.0,0.0,0.0,1.0,0.0,0.0,0.0,1.0,1.0,0.0,0.0,0.0,0.393939393939394,0.45833333333333326,0.28844180225299054,0
0.7059613126314263,0.447517537800759,0.5354656364574275,0.0,0.0,0.4285714285714286,0.5,2025,7,0.185,1.0,0.0,0.0,1.0,0.0,0.0,1.0,0.0,0.0,0.0,1.0,0.0,0.0,0.0,0.0,1.0,0.0,0.393939393939394,0.45833333333333326,0.2436929589308451,1
0.7059613126314263,0.47403795200027954,0.5354656364574275,0.0,0.0,0.4285714285714286,0.5,2023,3,0.3999,0.0,1.0,0.0,0.0,0.0,1.0,0.0,0.0,0.0,1.0,1.0,0.0,0.0,0.0,0.0,1.0,0.0,0.393939393939394,0.45833333333333326,0.2436929589308451,1
0.7059613126314263,0.47403795200027954,0.5354656364574275,0.0,0.0,0.44285714285714284,0.6499999999999999,2021,10,0.185,0.0,1.0,0.0,1.0,0.0,0.0,0.0,0.0,0.0,1.0,0.0,1.0,0.0,0.0,1.0,0.0,0.0,0.3434343434343435,0.5486111111111114,0.2436929589308451,0
0.6596842761989657,0.47403795200027954,0.5354656364574275,0.0,0.0,0.4285714285714286,0.5,2025,9,0.3999,0.0,1.0,0.0,0.0,1.0,0.0,0.0,0.0,1.0,0.0,0.0,0.0,1.0,0.0,1.0,0.0,0.0,0.393939393939394,0.45833333333333326,0.28844180225299054,1
0.38823676709842325,0.447517537800759,0.5354656364574275,0.0,0.0,0.4285714285714286,0.5,2023,8,0.102,0.0,1.0,0.0,0.0,0.0,1.0,1.0,0.0,0.0,0.0,0.0,0.0,1.0,0.0,1.0,0.0,0.0,0.393939393939394,0.45833333333333326,0.5826050444903135,1
0.7059613126314263,0.0747593573455676,0.6047950046859647,0.0,0.0,0.4285714285714286,0.5,2023,11,0.3999,0.0,1.0,0.0,0.0,0.0,1.0,0.0,1.0,0.0,0.0,1.0,0.0,0.0,0.0,0.0,0.0,1.0,0.393939393939394,0.45833333333333326,0.2436929589308451,1
0.6596842761989657,0.47403795200027954,0.5354656364574275,0.0,0.0,0.4285714285714286,0.5,2022,7,0.3999,0.0,1.0,0.0,1.0,0.0,0.0,1.0,0.0,0.0,0.0,1.0,0.0,0.0,0.0,0.0,0.0,1.0,0.393939393939394,0.45833333333333326,0.28844180225299054,1
0.38823676709842325,0.392701769832168,0.24458064270766489,0.0,0.0,0.4285714285714286,0.5,2021,5,0.3999,0.0,1.0,0.0,0.0,1.0,0.0,1.0,0.0,0.0,0.0,0.0,1.0,0.0,0.0,0.0,0.0,1.0,0.393939393939394,0.45833333333333326,0.5826050444903135,0
0.38823676709842325,0.47403795200027954,0.5354656364574275,1.0000000000000004,0.0,0.4285714285714286,0.5,2020,12,0.3999,0.0,1.0,0.0,1.0,0.0,0.0,0.0,0.0,0.0,1.0,1.0,0.0,0.0,0.0,1.0,0.0,0.0,0.393939393939394,0.45833333333333326,0.6427439125168093,0
0.6596842761989657,0.392701769832168,0.5354656364574275,0.0,0.0,0.14285714285714302,0.2250000000000001,2024,10,0.1074,1.0,0.0,0.0,1.0,0.0,0.0,0.0,1.0,0.0,0.0,1.0,0.0,0.0,0.0,0.0,1.0,0.0,0.30303030303030304,0.16666666666666674,0.28844180225299054,1
0.38823676709842325,0.447517537800759,0.7908826781462572,0.0,0.0,0.4285714285714286,0.5,2020,2,0.1074,1.0,0.0,0.0,0.0,0.0,1.0,0.0,1.0,0.0,0.0,1.0,0.0,0.0,0.0,0.0,0.0,1.0,0.393939393939394,0.45833333333333326,0.5826050444903135,0
0.6596842761989657,0.47403795200027954,0.5354656364574275,0.0,0.0,0.4285714285714286,0.5,2025,7,0.185,1.0,0.0,0.0,0.0,0.0,1.0,1.0,0.0,0.0,0.0,0.0,1.0,0.0,1.0,0.0,0.0,0.0,0.393939393939394,0.45833333333333326,0.28844180225299054,0
0.7059613126314263,0.47403795200027954,0.18810825193982694,1.0000000000000004,0.0,0.4285714285714286,0.5,2022,2,0.3999,0.0,1.0,0.0,1.0,0.0,0.0,0.0,0.0,0.0,1.0,0.0,0.0,1.0,1.0,0.0,0.0,0.0,0.393939393939394,0.45833333333333326,0.29887056355028807,0
0.6596842761989657,0.7544441295584741,0.5354656364574275,0.0,1.0,0.4285714285714286,0.5,2023,11,0.185,0.0,1.0,0.0,1.0,0.0,0.0,0.0,1.0,0.0,0.0,1.0,0.0,0.0,0.0,0.0,0.0,1.0,0.393939393939394,0.45833333333333326,0.28844180225299054,0
0.7059613126314263,0.447517537800759,0.5354656364574275,1.0000000000000004,0.0,0.4285714285714286,0.5,2022,7,0.2057,1.0,0.0,0.0,0.0,0.0,1.0,0.0,1.0,0.0,0.0,0.0,1.0,0.0,0.0,0.0,1.0,0.0,0.393939393939394,0.45833333333333326,0.29887056355028807,1
0.7059613126314263,0.7751698566066048,0.5354656364574275,0.0,0.0,0.4285714285714286,0.5,2022,7,0.185,0.0,0.0,1.0,1.0,0.0,0.0,0.0,0.0,1.0,0.0,0.0,1.0,0.0,0.0,0.0,1.0,0.0,0.393939393939394,0.45833333333333326,0.2436929589308451,1
0.7059613126314263,0.447517537800759,0.5354656364574275,0.0,0.0,0.4285714285714286,0.5,2021,12,0.1074,0.0,0.0,1.0,0.0,1.0,0.0,0.0,0.0,1.0,0.0,0.0,0.0,1.0,0.0,0.0,0.0,1.0,0.393939393939394,0.45833333333333326,0.2436929589308451,1
0.8388082167694871,0.47403795200027954,0.5354656364574275,0.0,0.0,0.4285714285714286,0.5,2024,12,0.1074,1.0,0.0,0.0,0.0,0.0,1.0,0.0,0.0,1.0,0.0,0.0,1.0,0.0,1.0,0.0,0.0,0.0,0.393939393939394,0.45833333333333326,0.12401564075308605,1
0.38823676709842325,0.447517537800759,0.5354656364574275,0.0,0.0,0.34285714285714297,0.5,2025,2,0.2057,1.0,0.0,0.0,1.0,0.0,0.0,0.0,1.0,0.0,0.0,0.0,0.0,1.0,0.0,0.0,0.0,1.0,0.33333333333333337,0.41666666666666674,0.5826050444903135,0
0.38823676709842325,0.447517537800759,0.7677328182287129,1.0000000000000004,1.0,0.8000000000000003,0.30000000000000004,2023,5,0.102,0.0,0.0,1.0,1.0,0.0,0.0,0.0,0.0,0.0,1.0,0.0,0.0,1.0,1.0,0.0,0.0,0.0,0.7373737373737375,0.5277777777777779,0.6427439125168093,0
0.38823676709842325,0.9222397504666229,0.5354656364574275,0.0,0.0,0.7285714285714286,0.07500000000000018,2020,12,0.3999,0.0,1.0,0.0,0.0,1.0,0.0,1.0,0.0,0.0,0.0,0.0,0.0,1.0,0.0,0.0,0.0,1.0,0.7777777777777779,0.3680555555555556,0.5826050444903135,1
0.9701451561535046,0.7995895007389637,0.5354656364574275,1.0000000000000004,0.0,0.4285714285714286,0.5,2020,3,0.1074,0.0,0.0,1.0,0.0,0.0,1.0,0.0,1.0,0.0,0.0,1.0,0.0,0.0,0.0,0.0,1.0,0.0,0.393939393939394,0.45833333333333326,0.06489146011767363,0
0.9600652426463415,0.47403795200027954,0.9903945140699006,0.0,0.0,0.4285714285714286,0.5,2023,7,0.3999,0.0,1.0,0.0,1.0,0.0,0.0,0.0,0.0,1.0,0.0,1.0,0.0,0.0,0.0,1.0,0.0,0.0,0.393939393939394,0.45833333333333326,0.028228587237241004,1
0.7059613126314263,0.47403795200027954,0.5354656364574275,0.0,0.0,0.4285714285714286,0.5,2021,5,0.1074,0.0,1.0,0.0,1.0,0.0,0.0,1.0,0.0,0.0,0.0,0.0,1.0,0.0,0.0,1.0,0.0,0.0,0.393939393939394,0.45833333333333326,0.2436929589308451,1
0.8098747594226536,0.447517537800759,0.8684445203976638,0.0,1.0,0.8571428571428572,0.625,2020,4,0.3999,0.0,1.0,0.0,0.0,1.0,0.0,1.0,0.0,0.0,0.0,1.0,0.0,0.0,0.0,1.0,0.0,0.0,0.6464646464646465,0.7361111111111114,0.14888439562961983,1
0.6596842761989657,0.47403795200027954,0.5354656364574275,0.0,0.0,0.4285714285714286,0.5,2025,4,0.185,0.0,1.0,0.0,1.0,0.0,0.0,1.0,0.0,0.0,0.0,0.0,1.0,0.0,1.0,0.0,0.0,0.0,0.393939393939394,0.45833333333333326,0.28844180225299054,1
0.7059613126314263,0.5102336830577312,0.5354656364574275,0.0,0.0,0.9142857142857141,0.6750000000000003,2020,6,0.3999,1.0,0.0,0.0,1.0,0.0,0.0,0.0,1.0,0.0,0.0,1.0,0.0,0.0,1.0,0.0,0.0,0.0,0.6666666666666667,0.7916666666666667,0.2436929589308451,0
0.6596842761989657,0.47403795200027954,0.476847824478952,0.0,0.0,0.4285714285714286,0.5,2024,7,0.185,0.0,1.0,0.0,0.0,1.0,0.0,1.0,0.0,0.0,0.0,0.0,0.0,1.0,0.0,1.0,0.0,0.0,0.393939393939394,0.45833333333333326,0.28844180225299054,1
0.49892198580547814,0.47403795200027954,0.5354656364574275,1.0000000000000004,0.0,0.4285714285714286,0.5,2025,9,0.3999,0.0,0.0,1.0,0.0,0.0,1.0,0.0,0.0,1.0,0.0,0.0,1.0,0.0,0.0,0.0,1.0,0.0,0.393939393939394,0.45833333333333326,0.5144643297858074,0
0.6596842761989657,0.968779301254282,0.5354656364574275,0.0,1.0,0.4285714285714286,0.5,2023,7,0.185,0.0,0.0,1.0,1.0,0.0,0.0,0.0,0.0,0.0,1.0,0.0,0.0,1.0,0.0,0.0,1.0,0.0,0.393939393939394,0.45833333333333326,0.28844180225299054,1
0.8683052090642308,0.47403795200027954,0.8247618112730857,0.0,1.0,0.4285714285714286,0.5,2023,9,0.1074,0.0,0.0,1.0,0.0,1.0,0.0,0.0,0.0,1.0,0.0,0.0,1.0,0.0,0.0,1.0,0.0,0.0,0.393939393939394,0.45833333333333326,0.09941696283721821,1
0.6596842761989657,0.47403795200027954,0.5354656364574275,0.0,0.0,0.4285714285714286,0.5,2022,7,0.3999,0.0,1.0,0.0,1.0,0.0,0.0,1.0,0.0,0.0,0.0,1.0,0.0,0.0,0.0,0.0,0.0,1.0,0.393939393939394,0.45833333333333326,0.28844180225299054,1
0.38823676709842325,0.447517537800759,0.5354656364574275,0.0,0.0,0.7,0.9750000000000001,2022,3,0.185,0.0,1.0,0.0,0.0,0.0,1.0,0.0,0.0,1.0,0.0,0.0,0.0,1.0,0.0,0.0,0.0,1.0,0.393939393939394,0.8541666666666667,0.5826050444903135,0
0.7059613126314263,0.47403795200027954,0.5354656364574275,0.0,1.0,0.4285714285714286,0.5,2022,7,0.185,0.0,1.0,0.0,0.0,1.0,0.0,0.0,0.0,1.0,0.0,1.0,0.0,0.0,0.0,0.0,0.0,1.0,0.393939393939394,0.45833333333333326,0.2436929589308451,1
0.38823676709842325,0.47403795200027954,0.5354656364574275,0.0,0.0,0.5714285714285714,0.7749999999999999,2022,7,0.2057,1.0,0.0,0.0,1.0,0.0,0.0,1.0,0.0,0.0,0.0,0.0,1.0,0.0,0.0,0.0,0.0,1.0,0.38383838383838387,0.6805555555555556,0.5826050444903135,0
0.38823676709842325,0.7955529939230721,0.26280864795822545,0.0,0.0,0.22857142857142865,0.6750000000000003,2023,10,0.2057,0.0,0.0,1.0,0.0,0.0,1.0,0.0,0.0,0.0,1.0,1.0,0.0,0.0,0.0,0.0,1.0,0.0,0.18181818181818182,0.45833333333333326,0.5826050444903135,0
0.7059613126314263,0.447517537800759,0.5354656364574275,0.0,0.0,0.4285714285714286,0.5,2025,4,0.185,1.0,0.0,0.0,0.0,1.0,0.0,0.0,1.0,0.0,0.0,0.0,0.0,1.0,0.0,0.0,1.0,0.0,0.393939393939394,0.45833333333333326,0.2436929589308451,1
0.7059613126314263,0.47927427295186975,0.5354656364574275,0.0,0.0,0.4285714285714286,0.5,2022,6,0.2057,0.0,0.0,1.0,0.0,1.0,0.0,1.0,0.0,0.0,0.0,0.0,1.0,0.0,0.0,1.0,0.0,0.0,0.393939393939394,0.45833333333333326,0.2436929589308451,0
0.7059613126314263,0.5552624811526794,0.5354656364574275,0.0,1.0,0.4285714285714286,0.5,2024,4,0.3999,1.0,0.0,0.0,0.0,0.0,1.0,0.0,0.0,1.0,0.0,1.0,0.0,0.0,1.0,0.0,0.0,0.0,0.393939393939394,0.45833333333333326,0.2436929589308451,0
0.6596842761989657,0.447517537800759,0.8684445203976638,0.0,1.0,0.4285714285714286,0.5,2025,5,0.102,1.0,0.0,0.0,0.0,0.0,1.0,0.0,1.0,0.0,0.0,0.0,1.0,0.0,0.0,0.0,0.0,1.0,0.393939393939394,0.45833333333333326,0.28844180225299054,0
0.7059613126314263,0.447517537800759,0.5354656364574275,0.0,0.0,0.4285714285714286,0.5,2023,8,0.1074,1.0,0.0,0.0,0.0,0.0,1.0,0.0,1.0,0.0,0.0,0.0,1.0,0.0,0.0,0.0,0.0,1.0,0.393939393939394,0.45833333333333326,0.2436929589308451,0
0.6007619328947518,0.447517537800759,0.5354656364574275,1.0000000000000004,0.0,0.4285714285714286,0.5,2024,9,0.2057,1.0,0.0,0.0,1.0,0.0,0.0,0.0,0.0,0.0,1.0,1.0,0.0,0.0,0.0,0.0,1.0,0.0,0.393939393939394,0.45833333333333326,0.4050825638444133,1
0.7059613126314263,0.47403795200027954,0.5354656364574275,0.0,1.0,0.8857142857142857,0.17500000000000004,2020,1,0.3999,0.0,0.0,1.0,0.0,1.0,0.0,1.0,0.0,0.0,0.0,0.0,1.0,0.0,0.0,0.0,0.0,1.0,0.8484848484848486,0.5,0.2436929589308451,0
0.38823676709842325,0.447517537800759,0.5354656364574275,0.0,0.0,0.4285714285714286,0.5,2024,7,0.3999,0.0,0.0,1.0,1.0,0.0,0.0,0.0,1.0,0.0,0.0,1.0,0.0,0.0,0.0,1.0,0.0,0.0,0.393939393939394,0.45833333333333326,0.5826050444903135,0
0.7824103183150795,0.47403795200027954,0.5354656364574275,0.0,0.0,0.4285714285714286,0.5,2020,1,0.3999,0.0,0.0,1.0,0.0,1.0,0.0,0.0,0.0,1.0,0.0,1.0,0.0,0.0,0.0,0.0,1.0,0.0,0.393939393939394,0.45833333333333326,0.17313381693596927,0
0.6596842761989657,0.7418394024597226,0.5354656364574275,1.0000000000000004,0.0,0.4285714285714286,0.5,2020,6,0.185,0.0,1.0,0.0,0.0,1.0,0.0,0.0,0.0,0.0,1.0,1.0,0.0,0.0,0.0,0.0,0.0,1.0,0.393939393939394,0.45833333333333326,0.34478095320423274,0
0.23804628387473534,0.47403795200027954,0.5354656364574275,0.0,0.0,0.4285714285714286,0.5,2024,5,0.185,0.0,0.0,1.0,0.0,0.0,1.0,1.0,0.0,0.0,0.0,1.0,0.0,0.0,0.0,0.0,0.0,1.0,0.393939393939394,0.45833333333333326,0.7845415170589761,0
0.38823676709842325,0.47403795200027954,0.5354656364574275,0.0,1.0,0.6714285714285715,0.050000000000000044,2024,1,0.3999,0.0,0.0,1.0,0.0,1.0,0.0,1.0,0.0,0.0,0.0,1.0,0.0,0.0,0.0,0.0,1.0,0.0,0.7474747474747476,0.32638888888888906,0.5826050444903135,0
0.9912440990023085,0.6723476811941551,0.5354656364574275,0.0,0.0,0.4285714285714286,0.5,2020,6,0.185,0.0,0.0,1.0,0.0,0.0,1.0,0.0,0.0,1.0,0.0,1.0,0.0,0.0,0.0,0.0,1.0,0.0,0.393939393939394,0.45833333333333326,0.006037758099239926,1
0.7059613126314263,0.47403795200027954,0.5354656364574275,1.0000000000000004,0.0,0.4285714285714286,0.5,2020,10,0.3999,1.0,0.0,0.0,0.0,0.0,1.0,1.0,0.0,0.0,0.0,0.0,0.0,1.0,0.0,0.0,0.0,1.0,0.393939393939394,0.45833333333333326,0.29887056355028807,0
0.38823676709842325,0.447517537800759,0.5354656364574275,0.0,1.0,0.5428571428571429,0.20000000000000018,2020,1,0.3999,0.0,1.0,0.0,0.0,0.0,1.0,0.0,0.0,0.0,1.0,1.0,0.0,0.0,1.0,0.0,0.0,0.0,0.595959595959596,0.3472222222222223,0.5826050444903135,0
0.7296225131497025,0.447517537800759,0.5354656364574275,0.0,0.0,0.4285714285714286,0.5,2020,12,0.3999,0.0,0.0,1.0,0.0,0.0,1.0,0.0,0.0,0.0,1.0,0.0,0.0,1.0,0.0,0.0,0.0,1.0,0.393939393939394,0.45833333333333326,0.2213936091504721,0
0.9934664678721488,0.447517537800759,0.5354656364574275,0.0,1.0,0.5571428571428572,0.3500000000000001,2023,5,0.2057,0.0,0.0,1.0,0.0,0.0,1.0,1.0,0.0,0.0,0.0,1.0,0.0,0.0,0.0,0.0,1.0,0.0,0.5454545454545455,0.4375,0.004497121634643941,1
0.38823676709842325,0.10343859718543946,0.5354656364574275,1.0000000000000004,0.0,0.4285714285714286,0.5,2022,11,0.3999,1.0,0.0,0.0,1.0,0.0,0.0,0.0,0.0,0.0,1.0,0.0,0.0,1.0,0.0,0.0,0.0,1.0,0.393939393939394,0.45833333333333326,0.6427439125168093,0
0.6596842761989657,0.47403795200027954,0.4617174859980837,1.0000000000000004,0.0,0.4285714285714286,0.5,2024,4,0.3999,1.0,0.0,0.0,0.0,0.0,1.0,0.0,0.0,0.0,1.0,1.0,0.0,0.0,1.0,0.0,0.0,0.0,0.393939393939394,0.45833333333333326,0.34478095320423274,0
0.38823676709842325,0.9001528603639222,0.5354656364574275,0.0,1.0,0.4285714285714286,0.5,2022,6,0.3999,1.0,0.0,0.0,0.0,0.0,1.0,1.0,0.0,0.0,0.0,0.0,1.0,0.0,0.0,0.0,1.0,0.0,0.393939393939394,0.45833333333333326,0.5826050444903135,0
0.38823676709842325,0.447517537800759,0.5354656364574275,0.0,1.0,0.10000000000000009,0.10000000000000009,2024,10,0.1074,0.0,1.0,0.0,0.0,0.0,1.0,0.0,0.0,0.0,1.0,1.0,0.0,0.0,0.0,0.0,0.0,1.0,0.32323232323232326,0.07638888888888906,0.5826050444903135,0
0.8519443031609923,0.47403795200027954,0.5354656364574275,1.0000000000000004,1.0,0.642857142857143,0.7749999999999999,2021,7,0.102,0.0,0.0,1.0,0.0,0.0,1.0,0.0,0.0,1.0,0.0,0.0,1.0,0.0,0.0,0.0,0.0,1.0,0.43434343434343436,0.7152777777777779,0.16298828743946173,0
0.6596842761989657,0.447517537800759,0.5354656364574275,0.0,0.0,0.4285714285714286,0.5,2022,9,0.3999,0.0,1.0,0.0,0.0,0.0,1.0,0.0,1.0,0.0,0.0,1.0,0.0,0.0,1.0,0.0,0.0,0.0,0.393939393939394,0.45833333333333326,0.28844180225299054,0
0.38823676709842325,0.447517537800759,0.5354656364574275,1.0000000000000004,0.0,0.4285714285714286,0.5,2021,10,0.102,1.0,0.0,0.0,0.0,1.0,0.0,0.0,0.0,0.0,1.0,1.0,0.0,0.0,0.0,0.0,0.0,1.0,0.393939393939394,0.45833333333333326,0.6427439125168093,1
0.38823676709842325,0.47403795200027954,0.5354656364574275,0.0,0.0,0.4285714285714286,0.5,2023,11,0.185,0.0,0.0,1.0,1.0,0.0,0.0,1.0,0.0,0.0,0.0,1.0,0.0,0.0,0.0,0.0,0.0,1.0,0.393939393939394,0.45833333333333326,0.5826050444903135,0
0.7296225131497025,0.47403795200027954,0.14886875138769273,1.0000000000000004,1.0,0.4285714285714286,0.5,2020,1,0.3999,0.0,1.0,0.0,1.0,0.0,0.0,1.0,0.0,0.0,0.0,0.0,1.0,0.0,0.0,0.0,0.0,1.0,0.393939393939394,0.45833333333333326,0.275897106524731,0
0.6596842761989657,0.5891823490275931,0.5354656364574275,0.0,0.0,0.4571428571428573,0.8000000000000003,2021,11,0.185,0.0,0.0,1.0,0.0,0.0,1.0,0.0,1.0,0.0,0.0,0.0,1.0,0.0,0.0,0.0,0.0,1.0,0.29292929292929293,0.6388888888888891,0.28844180225299054,1
0.6596842761989657,0.47403795200027954,0.5210871358800633,0.0,0.0,0.4285714285714286,0.5,2024,3,0.185,1.0,0.0,0.0,0.0,1.0,0.0,0.0,0.0,1.0,0.0,0.0,1.0,0.0,1.0,0.0,0.0,0.0,0.393939393939394,0.45833333333333326,0.28844180225299054,0
0.38823676709842325,0.47403795200027954,0.5354656364574275,0.0,0.0,0.4285714285714286,0.5,2020,8,0.2057,1.0,0.0,0.0,0.0,0.0,1.0,0.0,0.0,1.0,0.0,1.0,0.0,0.0,1.0,0.0,0.0,0.0,0.393939393939394,0.45833333333333326,0.5826050444903135,0
0.7059613126314263,0.47403795200027954,0.5354656364574275,1.0000000000000004,0.0,0.8000000000000003,0.07500000000000018,2022,12,0.3999,0.0,0.0,1.0,0.0,0.0,1.0,0.0,1.0,0.0,0.0,0.0,0.0,1.0,0.0,0.0,0.0,1.0,0.8282828282828284,0.4027777777777779,0.29887056355028807,0
0.7059613126314263,0.47403795200027954,0.5354656364574275,1.0000000000000004,0.0,0.4285714285714286,0.5,2021,2,0.3999,0.0,0.0,1.0,0.0,1.0,0.0,0.0,0.0,0.0,1.0,0.0,0.0,1.0,0.0,1.0,0.0,0.0,0.393939393939394,0.45833333333333326,0.29887056355028807,0
0.7059613126314263,0.47403795200027954,0.5354656364574275,0.0,1.0,0.4285714285714286,0.5,2020,6,0.102,0.0,1.0,0.0,0.0,0.0,1.0,0.0,0.0,1.0,0.0,0.0,0.0,1.0,0.0,0.0,0.0,1.0,0.393939393939394,0.45833333333333326,0.2436929589308451,0
0.7059613126314263,0.47927427295186975,0.6702053117729241,0.0,0.0,0.4285714285714286,0.5,2020,10,0.3999,0.0,0.0,1.0,0.0,1.0,0.0,1.0,0.0,0.0,0.0,0.0,0.0,1.0,1.0,0.0,0.0,0.0,0.393939393939394,0.45833333333333326,0.2436929589308451,0
0.38823676709842325,0.447517537800759,0.5354656364574275,0.0,0.0,0.4285714285714286,0.5,2020,2,0.2057,0.0,1.0,0.0,1.0,0.0,0.0,0.0,0.0,0.0,1.0,0.0,1.0,0.0,0.0,0.0,1.0,0.0,0.393939393939394,0.45833333333333326,0.5826050444903135,0
0.38823676709842325,0.47403795200027954,0.5354656364574275,0.0,0.0,0.4285714285714286,0.5,2025,8,0.3999,0.0,1.0,0.0,0.0,0.0,1.0,1.0,0.0,0.0,0.0,1.0,0.0,0.0,0.0,1.0,0.0,0.0,0.393939393939394,0.45833333333333326,0.5826050444903135,1
0.7059613126314263,0.47403795200027954,0.5354656364574275,0.0,0.0,0.4285714285714286,0.5,2023,12,0.3999,1.0,0.0,0.0,0.0,1.0,0.0,0.0,0.0,1.0,0.0,1.0,0.0,0.0,0.0,0.0,1.0,0.0,0.393939393939394,0.45833333333333326,0.2436929589308451,0
0.6596842761989657,0.47403795200027954,0.8468092285777598,1.0000000000000004,0.0,0.4285714285714286,0.5,2022,7,0.3999,0.0,0.0,1.0,1.0,0.0,0.0,0.0,0.0,0.0,1.0,1.0,0.0,0.0,0.0,0.0,0.0,1.0,0.393939393939394,0.45833333333333326,0.34478095320423274,0
0.6596842761989657,0.6723476811941551,0.5354656364574275,0.0,0.0,0.4285714285714286,0.5,2024,1,0.3999,0.0,0.0,1.0,0.0,0.0,1.0,0.0,0.0,0.0,1.0,0.0,1.0,0.0,0.0,0.0,0.0,1.0,0.393939393939394,0.45833333333333326,0.28844180225299054,0
0.6596842761989657,0.447517537800759,0.5354656364574275,0.0,0.0,0.4285714285714286,0.5,2025,7,0.3999,0.0,0.0,1.0,1.0,0.0,0.0,0.0,0.0,1.0,0.0,0.0,1.0,0.0,0.0,1.0,0.0,0.0,0.393939393939394,0.45833333333333326,0.28844180225299054,1
0.7059613126314263,0.47403795200027954,0.6047950046859647,0.0,0.0,0.4285714285714286,0.5,2022,11,0.2057,1.0,0.0,0.0,1.0,0.0,0.0,1.0,0.0,0.0,0.0,0.0,0.0,1.0,0.0,0.0,1.0,0.0,0.393939393939394,0.45833333333333326,0.2436929589308451,1
0.7059613126314263,0.47403795200027954,0.5354656364574275,1.0000000000000004,0.0,0.4285714285714286,0.5,2021,7,0.185,0.0,0.0,1.0,1.0,0.0,0.0,1.0,0.0,0.0,0.0,0.0,0.0,1.0,0.0,0.0,0.0,1.0,0.393939393939394,0.45833333333333326,0.29887056355028807,0
0.38823676709842325,0.47403795200027954,0.5636976314849393,0.0,0.0,0.4285714285714286,0.5,2021,5,0.3999,0.0,1.0,0.0,0.0,0.0,1.0,0.0,1.0,0.0,0.0,0.0,0.0,1.0,0.0,0.0,0.0,1.0,0.393939393939394,0.45833333333333326,0.5826050444903135,1
0.38823676709842325,0.47403795200027954,0.5354656364574275,0.0,0.0,0.4285714285714286,0.5,2021,5,0.2057,0.0,1.0,0.0,0.0,1.0,0.0,0.0,0.0,1.0,0.0,0.0,1.0,0.0,0.0,0.0,0.0,1.0,0.393939393939394,0.45833333333333326,0.5826050444903135,1
0.6596842761989657,0.47403795200027954,0.5354656364574275,0.0,1.0,0.4285714285714286,0.5,2025,8,0.3999,0.0,0.0,1.0,1.0,0.0,0.0,1.0,0.0,0.0,0.0,0.0,0.0,1.0,1.0,0.0,0.0,0.0,0.393939393939394,0.45833333333333326,0.28844180225299054,1
0.7059613126314263,0.47403795200027954,0.5354656364574275,1.0000000000000004,0.0,0.4285714285714286,0.5,2024,12,0.2057,0.0,0.0,1.0,0.0,0.0,1.0,0.0,1.0,0.0,0.0,1.0,0.0,0.0,0.0,0.0,0.0,1.0,0.393939393939394,0.45833333333333326,0.29887056355028807,0
0.38823676709842325,0.447517537800759,0.5354656364574275,0.0,0.0,0.4285714285714286,0.5,2021,11,0.3999,0.0,1.0,0.0,0.0,1.0,0.0,0.0,0.0,1.0,0.0,1.0,0.0,0.0,1.0,0.0,0.0,0.0,0.393939393939394,0.45833333333333326,0.5826050444903135,0
0.38823676709842325,0.877663147704212,0.2260609770267461,0.0,1.0,0.4285714285714286,0.5,2020,11,0.185,0.0,0.0,1.0,1.0,0.0,0.0,0.0,0.0,0.0,1.0,0.0,0.0,1.0,0.0,0.0,1.0,0.0,0.393939393939394,0.45833333333333326,0.5826050444903135,1
0.7059613126314263,0.47403795200027954,0.5354656364574275,0.0,0.0,0.4285714285714286,0.5,2025,3,0.102,0.0,0.0,1.0,0.0,1.0,0.0,1.0,0.0,0.0,0.0,0.0,0.0,1.0,0.0,0.0,0.0,1.0,0.393939393939394,0.45833333333333326,0.2436929589308451,1
0.7059613126314263,0.28744012432408406,0.5354656364574275,0.0,0.0,0.4285714285714286,0.5,2021,3,0.2057,1.0,0.0,0.0,0.0,0.0,1.0,0.0,0.0,0.0,1.0,0.0,1.0,0.0,1.0,0.0,0.0,0.0,0.393939393939394,0.45833333333333326,0.2436929589308451,0
0.6596842761989657,0.933136596611694,0.5354656364574275,0.0,0.0,0.4285714285714286,0.5,2023,3,0.3999,1.0,0.0,0.0,0.0,0.0,1.0,0.0,0.0,0.0,1.0,0.0,1.0,0.0,0.0,0.0,1.0,0.0,0.393939393939394,0.45833333333333326,0.28844180225299054,0
0.38823676709842325,0.47403795200027954,0.08739654977087685,1.0000000000000004,0.0,0.4285714285714286,0.5,2023,5,0.1074,0.0,0.0,1.0,0.0,1.0,0.0,0.0,0.0,1.0,0.0,0.0,0.0,1.0,0.0,1.0,0.0,0.0,0.393939393939394,0.45833333333333326,0.6427439125168093,0
0.6596842761989657,0.47403795200027954,0.5354656364574275,0.0,0.0,0.4285714285714286,0.5,2023,3,0.3999,0.0,0.0,1.0,1.0,0.0,0.0,0.0,0.0,0.0,1.0,0.0,1.0,0.0,0.0,0.0,0.0,1.0,0.393939393939394,0.45833333333333326,0.28844180225299054,0
0.6379982859432912,0.8274810358371432,0.5354656364574275,0.0,0.0,0.4285714285714286,0.5,2021,7,0.102,0.0,1.0,0.0,1.0,0.0,0.0,0.0,1.0,0.0,0.0,0.0,1.0,0.0,0.0,0.0,0.0,1.0,0.393939393939394,0.45833333333333326,0.3099160458431569,0
0.38823676709842325,0.47403795200027954,0.5354656364574275,0.0,1.0,0.4285714285714286,0.5,2024,12,0.185,0.0,1.0,0.0,1.0,0.0,0.0,0.0,0.0,0.0,1.0,0.0,1.0,0.0,1.0,0.0,0.0,0.0,0.393939393939394,0.45833333333333326,0.5826050444903135,1
0.6596842761989657,0.47403795200027954,0.24458064270766489,0.0,0.0,0.4285714285714286,0.5,2025,9,0.3999,0.0,1.0,0.0,0.0,1.0,0.0,0.0,0.0,0.0,1.0,0.0,1.0,0.0,0.0,1.0,0.0,0.0,0.393939393939394,0.45833333333333326,0.28844180225299054,1
0.38823676709842325,0.4094038544714014,0.10825214845806475,0.0,1.0,0.4285714285714286,0.5,2024,7,0.3999,0.0,0.0,1.0,0.0,1.0,0.0,1.0,0.0,0.0,0.0,0.0,0.0,1.0,0.0,0.0,1.0,0.0,0.393939393939394,0.45833333333333326,0.5826050444903135,1
0.7059613126314263,0.47403795200027954,0.7677328182287129,0.0,0.0,0.8142857142857145,0.6750000000000003,2023,5,0.1074,1.0,0.0,0.0,0.0,1.0,0.0,0.0,0.0,1.0,0.0,0.0,0.0,1.0,0.0,0.0,0.0,1.0,0.595959595959596,0.7430555555555556,0.2436929589308451,0
0.7824103183150795,0.47403795200027954,0.5354656364574275,0.0,0.0,0.32857142857142874,0.3500000000000001,2024,6,0.2057,1.0,0.0,0.0,1.0,0.0,0.0,1.0,0.0,0.0,0.0,0.0,1.0,0.0,0.0,1.0,0.0,0.0,0.38383838383838387,0.32638888888888906,0.17313381693596927,1
0.6596842761989657,0.47403795200027954,0.5354656364574275,0.0,0.0,0.30000000000000004,0.025000000000000133,2023,6,0.2057,0.0,1.0,0.0,1.0,0.0,0.0,0.0,0.0,0.0,1.0,1.0,0.0,0.0,0.0,0.0,0.0,1.0,0.494949494949495,0.13194444444444464,0.28844180225299054,1
0.6596842761989657,1.0000000000000004,0.5354656364574275,0.0,0.0,0.4285714285714286,0.5,2025,3,0.1074,0.0,1.0,0.0,1.0,0.0,0.0,1.0,0.0,0.0,0.0,1.0,0.0,0.0,0.0,0.0,0.0,1.0,0.393939393939394,0.45833333333333326,0.28844180225299054,0
0.38823676709842325,0.47403795200027954,0.5354656364574275,1.0000000000000004,0.0,0.9142857142857141,1.0,2024,2,0.2057,0.0,0.0,1.0,1.0,0.0,0.0,0.0,0.0,1.0,0.0,1.0,0.0,0.0,0.0,0.0,0.0,1.0,0.5353535353535355,0.9722222222222221,0.6427439125168093,0
0.7059613126314263,0.47403795200027954,0.5354656364574275,0.0,0.0,0.4285714285714286,0.5,2024,2,0.185,0.0,1.0,0.0,1.0,0.0,0.0,0.0,0.0,0.0,1.0,0.0,1.0,0.0,0.0,0.0,0.0,1.0,0.393939393939394,0.45833333333333326,0.2436929589308451,0
0.38823676709842325,0.447517537800759,0.3329788839402372,0.0,1.0,0.4285714285714286,0.5,2022,12,0.3999,0.0,1.0,0.0,0.0,1.0,0.0,1.0,0.0,0.0,0.0,1.0,0.0,0.0,0.0,0.0,0.0,1.0,0.393939393939394,0.45833333333333326,0.5826050444903135,1
0.8519443031609923,0.47403795200027954,0.5354656364574275,1.0000000000000004,1.0,0.6857142857142857,0.7000000000000002,2020,3,0.3999,1.0,0.0,0.0,1.0,0.0,0.0,1.0,0.0,0.0,0.0,1.0,0.0,0.0,0.0,0.0,0.0,1.0,0.494949494949495,0.6944444444444444,0.16298828743946173,0
0.38823676709842325,0.47403795200027954,0.5354656364574275,0.0,0.0,0.5428571428571429,0.625,2023,3,0.3999,0.0,1.0,0.0,0.0,0.0,1.0,1.0,0.0,0.0,0.0,0.0,1.0,0.0,0.0,0.0,0.0,1.0,0.42424242424242425,0.5833333333333333,0.5826050444903135,1
0.7059613126314263,0.23760903216621498,0.5354656364574275,0.0,0.0,0.8857142857142857,0.6499999999999999,2022,2,0.2057,0.0,1.0,0.0,0.0,1.0,0.0,0.0,1.0,0.0,0.0,1.0,0.0,0.0,0.0,1.0,0.0,0.0,0.6565656565656567,0.7638888888888891,0.2436929589308451,0
0.7059613126314263,0.47403795200027954,0.6047950046859647,0.0,0.0,0.4285714285714286,0.5,2020,8,0.185,1.0,0.0,0.0,1.0,0.0,0.0,0.0,0.0,1.0,0.0,1.0,0.0,0.0,1.0,0.0,0.0,0.0,0.393939393939394,0.45833333333333326,0.2436929589308451,1
0.38823676709842325,0.47403795200027954,0.5354656364574275,1.0000000000000004,0.0,0.4285714285714286,0.5,2024,6,0.2057,0.0,0.0,1.0,1.0,0.0,0.0,0.0,0.0,1.0,0.0,0.0,1.0,0.0,1.0,0.0,0.0,0.0,0.393939393939394,0.45833333333333326,0.6427439125168093,0
0.38823676709842325,0.32944935505981254,0.0,0.0,0.0,0.028571428571428692,0.20000000000000018,2021,10,0.3999,0.0,0.0,1.0,1.0,0.0,0.0,1.0,0.0,0.0,0.0,0.0,0.0,1.0,0.0,0.0,0.0,1.0,0.23232323232323232,0.09722222222222232,0.5826050444903135,1
0.7059613126314263,0.447517537800759,0.8576774249708521,0.0,1.0,0.4285714285714286,0.5,2023,6,0.102,1.0,0.0,0.0,1.0,0.0,0.0,0.0,1.0,0.0,0.0,0.0,1.0,0.0,1.0,0.0,0.0,0.0,0.393939393939394,0.45833333333333326,0.2436929589308451,0
0.38823676709842325,0.8470242615341319,0.5354656364574275,0.0,0.0,0.4285714285714286,0.5,2021,9,0.102,0.0,1.0,0.0,0.0,0.0,1.0,0.0,1.0,0.0,0.0,0.0,1.0,0.0,0.0,0.0,0.0,1.0,0.393939393939394,0.45833333333333326,0.5826050444903135,1
0.7059613126314263,0.447517537800759,0.5354656364574275,0.0,0.0,0.4285714285714286,0.5,2022,11,0.2057,1.0,0.0,0.0,0.0,1.0,0.0,0.0,0.0,1.0,0.0,0.0,1.0,0.0,0.0,0.0,0.0,1.0,0.393939393939394,0.45833333333333326,0.2436929589308451,0
0.38823676709842325,0.392701769832168,0.835838014569739,0.0,1.0,0.4285714285714286,0.5,2020,2,0.1074,0.0,0.0,1.0,0.0,0.0,1.0,0.0,1.0,0.0,0.0,1.0,0.0,0.0,0.0,1.0,0.0,0.0,0.393939393939394,0.45833333333333326,0.5826050444903135,1
0.7059613126314263,0.47403795200027954,0.5354656364574275,0.0,0.0,0.4285714285714286,0.5,2025,6,0.2057,1.0,0.0,0.0,0.0,0.0,1.0,0.0,1.0,0.0,0.0,1.0,0.0,0.0,0.0,0.0,0.0,1.0,0.393939393939394,0.45833333333333326,0.2436929589308451,0
0.897730560073701,0.8624388588869789,0.8791123785104213,0.0,1.0,0.7,0.7000000000000002,2021,12,0.102,0.0,0.0,1.0,0.0,1.0,0.0,0.0,0.0,1.0,0.0,1.0,0.0,0.0,0.0,1.0,0.0,0.0,0.5050505050505052,0.7013888888888891,0.07567887812750071,1
0.7059613126314263,0.7627762675498357,0.5354656364574275,0.0,0.0,0.4285714285714286,0.5,2020,11,0.3999,0.0,0.0,1.0,1.0,0.0,0.0,0.0,0.0,1.0,0.0,0.0,1.0,0.0,1.0,0.0,0.0,0.0,0.393939393939394,0.45833333333333326,0.2436929589308451,0
0.7059613126314263,0.6221941181407362,0.8468092285777598,0.0,0.0,0.4285714285714286,0.5,2021,3,0.185,0.0,0.0,1.0,0.0,0.0,1.0,0.0,0.0,0.0,1.0,1.0,0.0,0.0,0.0,0.0,0.0,1.0,0.393939393939394,0.45833333333333326,0.2436929589308451,1
0.6974630051635802,0.47403795200027954,0.5354656364574275,0.0,1.0,0.4285714285714286,0.5,2022,7,0.1074,0.0,1.0,0.0,1.0,0.0,0.0,0.0,1.0,0.0,0.0,1.0,0.0,0.0,0.0,1.0,0.0,0.0,0.393939393939394,0.45833333333333326,0.25179922909303964,1
0.38823676709842325,0.47403795200027954,0.5354656364574275,0.0,1.0,0.4285714285714286,0.5,2023,6,0.185,0.0,0.0,1.0,1.0,0.0,0.0,1.0,0.0,0.0,0.0,0.0,1.0,0.0,0.0,1.0,0.0,0.0,0.393939393939394,0.45833333333333326,0.5826050444903135,1
0.8295864392961818,0.47403795200027954,0.6314043239791136,0.0,0.0,0.2714285714285716,0.050000000000000044,2020,4,0.3999,1.0,0.0,0.0,0.0,1.0,0.0,0.0,1.0,0.0,0.0,0.0,0.0,1.0,0.0,0.0,0.0,1.0,0.4646464646464647,0.13194444444444464,0.13186421916498706,1
0.6596842761989657,0.47403795200027954,0.5354656364574275,0.0,0.0,0.4285714285714286,0.5,2022,7,0.3999,0.0,0.0,1.0,0.0,0.0,1.0,1.0,0.0,0.0,0.0,1.0,0.0,0.0,1.0,0.0,0.0,0.0,0.393939393939394,0.45833333333333326,0.28844180225299054,1
0.7059613126314263,0.5503397132132082,0.7559819110879777,0.0,0.0,0.4285714285714286,0.5,2021,11,0.1074,0.0,1.0,0.0,0.0,1.0,0.0,0.0,0.0,0.0,1.0,0.0,0.0,1.0,0.0,0.0,1.0,0.0,0.393939393939394,0.45833333333333326,0.2436929589308451,0
0.7059613126314263,0.47403795200027954,0.5354656364574275,1.0000000000000004,1.0,0.4285714285714286,0.5,2020,12,0.1074,0.0,1.0,0.0,0.0,1.0,0.0,0.0,0.0,0.0,1.0,0.0,0.0,1.0,0.0,0.0,0.0,1.0,0.393939393939394,0.45833333333333326,0.29887056355028807,1
0.9934664678721488,0.22483014339339613,0.6574156301296643,1.0000000000000004,0.0,0.9285714285714288,0.27500000000000013,2023,3,0.3999,0.0,0.0,1.0,0.0,1.0,0.0,0.0,0.0,0.0,1.0,0.0,0.0,1.0,0.0,0.0,1.0,0.0,0.8383838383838385,0.5763888888888891,0.047055636694355335,0
0.38823676709842325,0.47403795200027954,0.5354656364574275,0.0,0.0,0.6000000000000001,0.625,2023,4,0.3999,1.0,0.0,0.0,1.0,0.0,0.0,0.0,0.0,0.0,1.0,0.0,0.0,1.0,0.0,1.0,0.0,0.0,0.4646464646464647,0.6111111111111114,0.5826050444903135,1
0.6596842761989657,0.447517537800759,0.5354656364574275,0.0,0.0,0.4285714285714286,0.5,2022,10,0.1074,0.0,0.0,1.0,0.0,0.0,1.0,0.0,1.0,0.0,0.0,1.0,0.0,0.0,0.0,0.0,0.0,1.0,0.393939393939394,0.45833333333333326,0.28844180225299054,1
0.38823676709842325,0.47403795200027954,0.5354656364574275,0.0,0.0,0.4285714285714286,0.5,2022,9,0.185,0.0,1.0,0.0,0.0,1.0,0.0,0.0,0.0,1.0,0.0,0.0,1.0,0.0,0.0,0.0,0.0,1.0,0.393939393939394,0.45833333333333326,0.5826050444903135,1
0.6596842761989657,0.47403795200027954,0.5354656364574275,0.0,0.0,0.4285714285714286,0.5,2023,3,0.3999,1.0,0.0,0.0,0.0,0.0,1.0,1.0,0.0,0.0,0.0,1.0,0.0,0.0,0.0,0.0,1.0,0.0,0.393939393939394,0.45833333333333326,0.28844180225299054,0
0.6596842761989657,0.47403795200027954,0.5354656364574275,1.0000000000000004,0.0,0.4285714285714286,0.5,2024,5,0.1074,0.0,1.0,0.0,1.0,0.0,0.0,0.0,1.0,0.0,0.0,0.0,0.0,1.0,0.0,0.0,1.0,0.0,0.393939393939394,0.45833333333333326,0.34478095320423274,1
0.38823676709842325,0.447517537800759,0.5354656364574275,1.0000000000000004,0.0,0.4285714285714286,0.5,2021,6,0.3999,1.0,0.0,0.0,1.0,0.0,0.0,0.0,0.0,1.0,0.0,0.0,1.0,0.0,1.0,0.0,0.0,0.0,0.393939393939394,0.45833333333333326,0.6427439125168093,1
0.7059613126314263,0.47403795200027954,0.3498763287364808,0.0,0.0,0.4285714285714286,0.5,2023,5,0.185,0.0,0.0,1.0,1.0,0.0,0.0,0.0,0.0,1.0,0.0,1.0,0.0,0.0,0.0,0.0,0.0,1.0,0.393939393939394,0.45833333333333326,0.2436929589308451,1
0.6596842761989657,0.15887047894710626,0.5354656364574275,0.0,0.0,0.05714285714285716,0.025000000000000133,2021,7,0.3999,0.0,1.0,0.0,1.0,0.0,0.0,0.0,0.0,1.0,0.0,0.0,0.0,1.0,0.0,0.0,0.0,1.0,0.32323232323232326,0.013888888888889062,0.28844180225299054,1
0.7296225131497025,0.9038615901705227,0.5354656364574275,0.0,0.0,0.4285714285714286,0.5,2023,10,0.102,1.0,0.0,0.0,0.0,1.0,0.0,0.0,0.0,1.0,0.0,0.0,1.0,0.0,1.0,0.0,0.0,0.0,0.393939393939394,0.45833333333333326,0.2213936091504721,0
0.6596842761989657,0.47403795200027954,0.9709410408258288,0.0,0.0,0.4285714285714286,0.5,2021,1,0.1074,1.0,0.0,0.0,1.0,0.0,0.0,1.0,0.0,0.0,0.0,0.0,0.0,1.0,0.0,0.0,0.0,1.0,0.393939393939394,0.45833333333333326,0.28844180225299054,0
0.9440075965061615,0.47403795200027954,0.5354656364574275,0.0,0.0,0.4285714285714286,0.5,2025,3,0.2057,0.0,0.0,1.0,1.0,0.0,0.0,0.0,0.0,0.0,1.0,0.0,1.0,0.0,0.0,0.0,0.0,1.0,0.393939393939394,0.45833333333333326,0.040067883651383834,0
0.6697641897061286,0.447517537800759,0.5354656364574275,0.0,0.0,0.4285714285714286,0.5,2021,11,0.185,0.0,0.0,1.0,0.0,0.0,1.0,0.0,0.0,1.0,0.0,0.0,1.0,0.0,0.0,1.0,0.0,0.0,0.393939393939394,0.45833333333333326,0.2785691040751598,0
0.6596842761989657,0.47403795200027954,0.5354656364574275,0.0,0.0,0.4285714285714286,0.5,2020,12,0.3999,0.0,0.0,1.0,0.0,0.0,1.0,0.0,0.0,1.0,0.0,1.0,0.0,0.0,0.0,0.0,1.0,0.0,0.393939393939394,0.45833333333333326,0.28844180225299054,0
0.6596842761989657,0.447517537800759,0.5354656364574275,1.0000000000000004,0.0,0.8142857142857145,0.875,2021,9,0.3999,0.0,0.0,1.0,0.0,0.0,1.0,0.0,0.0,1.0,0.0,0.0,0.0,1.0,0.0,0.0,1.0,0.0,0.5151515151515152,0.8541666666666667,0.34478095320423274,1
0.7220189587716063,0.47403795200027954,0.5354656364574275,0.0,0.0,0.4285714285714286,0.5,2021,11,0.102,1.0,0.0,0.0,0.0,0.0,1.0,0.0,0.0,0.0,1.0,0.0,1.0,0.0,0.0,0.0,0.0,1.0,0.393939393939394,0.45833333333333326,0.2285157277313237,0
0.6596842761989657,0.447517537800759,0.5354656364574275,0.0,0.0,0.4285714285714286,0.5,2021,5,0.102,1.0,0.0,0.0,0.0,0.0,1.0,0.0,1.0,0.0,0.0,0.0,1.0,0.0,1.0,0.0,0.0,0.0,0.393939393939394,0.45833333333333326,0.28844180225299054,0
0.7059613126314263,0.47403795200027954,0.5354656364574275,0.0,0.0,0.4285714285714286,0.5,2023,6,0.3999,0.0,0.0,1.0,0.0,1.0,0.0,0.0,1.0,0.0,0.0,0.0,0.0,1.0,1.0,0.0,0.0,0.0,0.393939393939394,0.45833333333333326,0.2436929589308451,1
0.7059613126314263,0.447517537800759,0.5354656364574275,0.0,0.0,0.8714285714285714,0.5,2021,5,0.3999,0.0,0.0,1.0,0.0,1.0,0.0,0.0,0.0,0.0,1.0,1.0,0.0,0.0,0.0,0.0,0.0,1.0,0.7070707070707072,0.6736111111111114,0.2436929589308451,0
0.6596842761989657,0.47403795200027954,0.5354656364574275,0.0,0.0,0.4285714285714286,0.5,2024,1,0.2057,0.0,0.0,1.0,1.0,0.0,0.0,1.0,0.0,0.0,0.0,0.0,0.0,1.0,0.0,0.0,1.0,0.0,0.393939393939394,0.45833333333333326,0.28844180225299054,1
0.6596842761989657,0.06748410479089628,0.5354656364574275,0.0,0.0,0.4285714285714286,0.5,2022,5,0.2057,1.0,0.0,0.0,0.0,0.0,1.0,0.0,0.0,1.0,0.0,1.0,0.0,0.0,0.0,0.0,0.0,1.0,0.393939393939394,0.45833333333333326,0.28844180225299054,0
0.7059613126314263,0.447517537800759,0.5354656364574275,0.0,0.0,0.44285714285714284,0.3500000000000001,2024,5,0.185,0.0,1.0,0.0,0.0,0.0,1.0,0.0,1.0,0.0,0.0,0.0,1.0,0.0,1.0,0.0,0.0,0.0,0.4646464646464647,0.38194444444444464,0.2436929589308451,0
0.7059613126314263,0.47403795200027954,0.5354656364574275,0.0,0.0,1.0,0.9750000000000001,2024,8,0.3999,0.0,0.0,1.0,1.0,0.0,0.0,1.0,0.0,0.0,0.0,0.0,1.0,0.0,0.0,0.0,0.0,1.0,0.6060606060606062,0.9999999999999998,0.2436929589308451,1
0.7509524161184398,0.47403795200027954,0.5354656364574275,1.0000000000000004,0.0,0.4285714285714286,0.5,2024,7,0.3999,1.0,0.0,0.0,0.0,0.0,1.0,0.0,0.0,0.0,1.0,0.0,0.0,1.0,0.0,0.0,0.0,1.0,0.393939393939394,0.45833333333333326,0.25548589813363254,1
0.7059613126314263,0.7248301433933961,0.5354656364574275,0.0,0.0,0.4285714285714286,0.5,2025,2,0.2057,0.0,0.0,1.0,0.0,1.0,0.0,0.0,0.0,0.0,1.0,0.0,0.0,1.0,0.0,0.0,0.0,1.0,0.393939393939394,0.45833333333333326,0.2436929589308451,1
0.38823676709842325,0.9439379947033202,0.5354656364574275,0.0,0.0,0.4285714285714286,0.5,2020,12,0.102,1.0,0.0,0.0,1.0,0.0,0.0,0.0,0.0,1.0,0.0,1.0,0.0,0.0,1.0,0.0,0.0,0.0,0.393939393939394,0.45833333333333326,0.5826050444903135,0
0.38823676709842325,0.47403795200027954,0.5354656364574275,0.0,1.0,0.4285714285714286,0.5,2020,8,0.3999,1.0,0.0,0.0,0.0,0.0,1.0,0.0,0.0,0.0,1.0,1.0,0.0,0.0,0.0,1.0,0.0,0.0,0.393939393939394,0.45833333333333326,0.5826050444903135,1
0.7059613126314263,0.6856791811037986,0.5354656364574275,0.0,0.0,0.5428571428571429,0.3500000000000001,2024,8,0.2057,1.0,0.0,0.0,0.0,0.0,1.0,1.0,0.0,0.0,0.0,1.0,0.0,0.0,0.0,0.0,1.0,0.0,0.5353535353535355,0.4305555555555556,0.2436929589308451,0
0.897730560073701,0.47403795200027954,0.5354656364574275,0.0,0.0,0.41428571428571437,0.375,2024,8,0.3999,0.0,0.0,1.0,0.0,0.0,1.0,0.0,1.0,0.0,0.0,1.0,0.0,0.0,0.0,0.0,0.0,1.0,0.43434343434343436,0.38194444444444464,0.07567887812750071,1
0.6596842761989657,0.47403795200027954,1.0,0.0,1.0,0.4285714285714286,0.5,2025,1,0.3999,1.0,0.0,0.0,1.0,0.0,0.0,0.0,0.0,1.0,0.0,1.0,0.0,0.0,1.0,0.0,0.0,0.0,0.393939393939394,0.45833333333333326,0.28844180225299054,1
0.38823676709842325,0.447517537800759,0.5354656364574275,0.0,0.0,0.4285714285714286,0.5,2023,12,0.3999,1.0,0.0,0.0,1.0,0.0,0.0,1.0,0.0,0.0,0.0,1.0,0.0,0.0,0.0,0.0,1.0,0.0,0.393939393939394,0.45833333333333326,0.5826050444903135,1
0.7059613126314263,0.36435220563419746,0.10825214845806475,0.0,1.0,0.4285714285714286,0.5,2024,6,0.3999,1.0,0.0,0.0,0.0,1.0,0.0,1.0,0.0,0.0,0.0,1.0,0.0,0.0,0.0,0.0,0.0,1.0,0.393939393939394,0.45833333333333326,0.2436929589308451,1
0.897730560073701,0.47403795200027954,0.5354656364574275,0.0,0.0,0.4285714285714286,0.5,2025,1,0.3999,1.0,0.0,0.0,0.0,1.0,0.0,0.0,1.0,0.0,0.0,0.0,1.0,0.0,0.0,1.0,0.0,0.0,0.393939393939394,0.45833333333333326,0.07567887812750071,0
0.38823676709842325,0.47403795200027954,0.6444830440585729,0.0,0.0,0.4285714285714286,0.5,2020,5,0.1074,0.0,1.0,0.0,0.0,1.0,0.0,0.0,0.0,1.0,0.0,0.0,0.0,1.0,0.0,0.0,0.0,1.0,0.393939393939394,0.45833333333333326,0.5826050444903135,0
0.6596842761989657,0.47403795200027954,0.2807540370648489,0.0,0.0,0.4285714285714286,0.5,2023,6,0.2057,0.0,1.0,0.0,0.0,1.0,0.0,0.0,0.0,0.0,1.0,0.0,1.0,0.0,0.0,1.0,0.0,0.0,0.393939393939394,0.45833333333333326,0.28844180225299054,0
0.7059613126314263,0.47403795200027954,0.8896828119009514,0.0,0.0,0.4285714285714286,0.5,2022,11,0.3999,0.0,1.0,0.0,1.0,0.0,0.0,0.0,1.0,0.0,0.0,1.0,0.0,0.0,0.0,1.0,0.0,0.0,0.393939393939394,0.45833333333333326,0.2436929589308451,1
0.7059613126314263,0.6498031459531934,0.08739654977087685,0.0,0.0,0.4285714285714286,0.5,2023,8,0.1074,0.0,1.0,0.0,1.0,0.0,0.0,0.0,1.0,0.0,0.0,0.0,1.0,0.0,0.0,0.0,0.0,1.0,0.393939393939394,0.45833333333333326,0.2436929589308451,0
0.7059613126314263,0.47403795200027954,0.5354656364574275,0.0,0.0,0.4285714285714286,0.5,2022,2,0.3999,0.0,0.0,1.0,1.0,0.0,0.0,0.0,0.0,1.0,0.0,1.0,0.0,0.0,0.0,0.0,0.0,1.0,0.393939393939394,0.45833333333333326,0.2436929589308451,1
0.6596842761989657,0.47403795200027954,0.5354656364574275,0.0,0.0,0.4285714285714286,0.5,2023,9,0.3999,0.0,0.0,1.0,0.0,1.0,0.0,1.0,0.0,0.0,0.0,1.0,0.0,0.0,0.0,0.0,0.0,1.0,0.393939393939394,0.45833333333333326,0.28844180225299054,0
0.38823676709842325,0.958194242861167,0.7559819110879777,1.0000000000000004,0.0,0.7142857142857144,0.7749999999999999,2023,8,0.185,0.0,1.0,0.0,0.0,0.0,1.0,0.0,1.0,0.0,0.0,1.0,0.0,0.0,0.0,0.0,0.0,1.0,0.48484848484848486,0.7499999999999998,0.6427439125168093,0
0.38823676709842325,0.47403795200027954,0.5354656364574275,1.0000000000000004,0.0,0.4285714285714286,0.5,2020,11,0.185,0.0,0.0,1.0,0.0,0.0,1.0,1.0,0.0,0.0,0.0,0.0,0.0,1.0,0.0,1.0,0.0,0.0,0.393939393939394,0.45833333333333326,0.6427439125168093,0
0.7059613126314263,0.47403795200027954,0.5354656364574275,1.0000000000000004,1.0,0.7285714285714286,0.8250000000000002,2023,7,0.3999,0.0,1.0,0.0,0.0,0.0,1.0,0.0,0.0,1.0,0.0,0.0,0.0,1.0,0.0,0.0,0.0,1.0,0.47474747474747475,0.7847222222222221,0.29887056355028807,1
0.7059613126314263,0.447517537800759,0.5354656364574275,0.0,0.0,0.4285714285714286,0.5,2020,6,0.3999,0.0,0.0,1.0,1.0,0.0,0.0,1.0,0.0,0.0,0.0,0.0,1.0,0.0,0.0,1.0,0.0,0.0,0.393939393939394,0.45833333333333326,0.2436929589308451,0
0.9236334915818912,0.25653244797659136,0.476847824478952,0.0,0.0,0.4285714285714286,0.5,2023,12,0.1074,0.0,0.0,1.0,0.0,0.0,1.0,0.0,1.0,0.0,0.0,1.0,0.0,0.0,0.0,0.0,0.0,1.0,0.393939393939394,0.45833333333333326,0.05547858198464192,1
0.8295864392961818,0.447517537800759,0.5354656364574275,0.0,0.0,0.4285714285714286,0.5,2024,9,0.185,0.0,0.0,1.0,0.0,1.0,0.0,0.0,0.0,0.0,1.0,1.0,0.0,0.0,1.0,0.0,0.0,0.0,0.393939393939394,0.45833333333333326,0.13186421916498706,1
0.38823676709842325,0.47403795200027954,0.5354656364574275,0.0,0.0,0.4285714285714286,0.5,2022,9,0.185,0.0,1.0,0.0,0.0,1.0,0.0,0.0,0.0,1.0,0.0,0.0,1.0,0.0,0.0,0.0,0.0,1.0,0.393939393939394,0.45833333333333326,0.5826050444903135,1
0.6793959560724938,0.47403795200027954,0.5354656364574275,0.0,1.0,0.4285714285714286,0.5,2023,6,0.2057,1.0,0.0,0.0,0.0,1.0,0.0,1.0,0.0,0.0,0.0,0.0,1.0,0.0,0.0,0.0,0.0,1.0,0.393939393939394,0.45833333333333326,0.26920028773358684,0
0.6596842761989657,0.447517537800759,0.5354656364574275,0.0,1.0,0.4285714285714286,0.5,2021,6,0.3999,1.0,0.0,0.0,0.0,0.0,1.0,1.0,0.0,0.0,0.0,0.0,1.0,0.0,0.0,0.0,1.0,0.0,0.393939393939394,0.45833333333333326,0.28844180225299054,0
0.6596842761989657,0.47403795200027954,0.5354656364574275,0.0,0.0,0.8285714285714287,0.6499999999999999,2022,6,0.185,0.0,0.0,1.0,0.0,1.0,0.0,1.0,0.0,0.0,0.0,0.0,1.0,0.0,0.0,0.0,0.0,1.0,0.6161616161616162,0.7361111111111114,0.28844180225299054,1
0.7059613126314263,0.47403795200027954,0.5354656364574275,0.0,1.0,0.4285714285714286,0.5,2023,1,0.3999,0.0,0.0,1.0,1.0,0.0,0.0,0.0,0.0,0.0,1.0,0.0,1.0,0.0,0.0,0.0,1.0,0.0,0.393939393939394,0.45833333333333326,0.2436929589308451,0
0.38823676709842325,0.47403795200027954,0.5354656364574275,0.0,0.0,0.4285714285714286,0.5,2021,1,0.3999,0.0,1.0,0.0,0.0,1.0,0.0,0.0,0.0,1.0,0.0,0.0,1.0,0.0,0.0,1.0,0.0,0.0,0.393939393939394,0.45833333333333326,0.5826050444903135,0
0.38823676709842325,0.8116203447626149,0.5354656364574275,1.0000000000000004,0.0,0.4285714285714286,0.5,2022,5,0.2057,0.0,1.0,0.0,1.0,0.0,0.0,0.0,1.0,0.0,0.0,0.0,1.0,0.0,1.0,0.0,0.0,0.0,0.393939393939394,0.45833333333333326,0.6427439125168093,0
0.6596842761989657,0.47403795200027954,0.10825214845806475,0.0,0.0,0.4285714285714286,0.5,2025,5,0.3999,1.0,0.0,0.0,1.0,0.0,0.0,0.0,0.0,1.0,0.0,0.0,1.0,0.0,0.0,1.0,0.0,0.0,0.393939393939394,0.45833333333333326,0.28844180225299054,1
0.649112469029166,0.447517537800759,0.5354656364574275,1.0000000000000004,0.0,0.4285714285714286,0.5,2024,1,0.3999,0.0,1.0,0.0,0.0,0.0,1.0,0.0,0.0,1.0,0.0,1.0,0.0,0.0,0.0,0.0,1.0,0.0,0.393939393939394,0.45833333333333326,0.35544794825456194,0
0.7059613126314263,0.47403795200027954,0.5354656364574275,0.0,0.0,0.4285714285714286,0.5,2023,10,0.3999,1.0,0.0,0.0,1.0,0.0,0.0,0.0,0.0,1.0,0.0,0.0,1.0,0.0,0.0,0.0,1.0,0.0,0.393939393939394,0.45833333333333326,0.2436929589308451,0
0.38823676709842325,0.14524435432427252,0.3329788839402372,0.0,0.0,0.3571428571428572,0.7000000000000002,2023,10,0.2057,1.0,0.0,0.0,1.0,0.0,0.0,0.0,0.0,0.0,1.0,0.0,1.0,0.0,1.0,0.0,0.0,0.0,0.26262626262626265,0.5347222222222221,0.5826050444903135,1
0.38823676709842325,0.47403795200027954,0.5354656364574275,0.0,0.0,0.32857142857142874,0.9250000000000003,2022,8,0.185,0.0,1.0,0.0,0.0,0.0,1.0,0.0,0.0,1.0,0.0,0.0,1.0,0.0,1.0,0.0,0.0,0.0,0.15151515151515152,0.6458333333333333,0.5826050444903135,0
0.7059613126314263,0.47403795200027954,0.5354656364574275,0.0,0.0,0.22857142857142865,0.42500000000000004,2024,5,0.102,0.0,1.0,0.0,1.0,0.0,0.0,0.0,0.0,1.0,0.0,1.0,0.0,0.0,0.0,0.0,0.0,1.0,0.2828282828282828,0.31944444444444464,0.2436929589308451,0
0.38823676709842325,0.447517537800759,0.5354656364574275,0.0,0.0,0.4285714285714286,0.5,2023,9,0.102,0.0,0.0,1.0,0.0,0.0,1.0,0.0,0.0,1.0,0.0,1.0,0.0,0.0,0.0,1.0,0.0,0.0,0.393939393939394,0.45833333333333326,0.5826050444903135,0
0.7059613126314263,0.11050538862370107,0.5354656364574275,0.0,1.0,0.4285714285714286,0.5,2022,3,0.3999,1.0,0.0,0.0,0.0,0.0,1.0,0.0,0.0,0.0,1.0,1.0,0.0,0.0,0.0,1.0,0.0,0.0,0.393939393939394,0.45833333333333326,0.2436929589308451,1
0.6596842761989657,0.47403795200027954,0.8135785898623755,0.0,1.0,0.4285714285714286,0.5,2021,8,0.2057,0.0,1.0,0.0,0.0,1.0,0.0,1.0,0.0,0.0,0.0,0.0,0.0,1.0,0.0,0.0,0.0,1.0,0.393939393939394,0.45833333333333326,0.28844180225299054,0
0.38823676709842325,0.47403795200027954,0.5354656364574275,1.0000000000000004,0.0,0.4285714285714286,0.5,2024,3,0.3999,0.0,1.0,0.0,1.0,0.0,0.0,1.0,0.0,0.0,0.0,0.0,1.0,0.0,0.0,1.0,0.0,0.0,0.393939393939394,0.45833333333333326,0.6427439125168093,0
0.38823676709842325,0.447517537800759,0.8468092285777598,0.0,0.0,0.4285714285714286,0.5,2021,4,0.185,0.0,0.0,1.0,1.0,0.0,0.0,0.0,0.0,1.0,0.0,0.0,1.0,0.0,0.0,1.0,0.0,0.0,0.393939393939394,0.45833333333333326,0.5826050444903135,0
0.8295864392961818,0.47403795200027954,0.779365623801902,1.0000000000000004,1.0,0.40000000000000013,0.5500000000000003,2021,10,0.185,1.0,0.0,0.0,1.0,0.0,0.0,0.0,0.0,1.0,0.0,0.0,1.0,0.0,0.0,1.0,0.0,0.0,0.35353535353535354,0.4722222222222223,0.18284000568020095,1
0.6596842761989657,0.47403795200027954,0.5496677092603841,0.0,0.0,0.4285714285714286,0.5,2021,6,0.2057,0.0,1.0,0.0,0.0,0.0,1.0,0.0,0.0,1.0,0.0,1.0,0.0,0.0,0.0,0.0,0.0,1.0,0.393939393939394,0.45833333333333326,0.28844180225299054,0
0.6596842761989657,0.447517537800759,0.5354656364574275,0.0,1.0,0.4285714285714286,0.5,2022,2,0.185,1.0,0.0,0.0,0.0,1.0,0.0,0.0,0.0,1.0,0.0,1.0,0.0,0.0,0.0,1.0,0.0,0.0,0.393939393939394,0.45833333333333326,0.28844180225299054,1
0.8798129963733904,0.47403795200027954,0.5354656364574275,0.0,1.0,0.4285714285714286,0.5,2021,10,0.3999,1.0,0.0,0.0,0.0,0.0,1.0,0.0,0.0,0.0,1.0,0.0,0.0,1.0,0.0,1.0,0.0,0.0,0.393939393939394,0.45833333333333326,0.09003576391578524,0
0.9774088217319686,0.447517537800759,0.5354656364574275,0.0,0.0,0.32857142857142874,0.40000000000000013,2022,9,0.3999,1.0,0.0,0.0,1.0,0.0,0.0,0.0,0.0,1.0,0.0,0.0,1.0,0.0,0.0,0.0,0.0,1.0,0.36363636363636365,0.35416666666666674,0.015752803605833893,0
0.38823676709842325,0.47403795200027954,0.8791123785104213,0.0,0.0,0.4285714285714286,0.5,2020,8,0.3999,0.0,0.0,1.0,0.0,1.0,0.0,0.0,1.0,0.0,0.0,1.0,0.0,0.0,0.0,1.0,0.0,0.0,0.393939393939394,0.45833333333333326,0.5826050444903135,1
0.7059613126314263,0.447517537800759,0.5354656364574275,0.0,0.0,0.4285714285714286,0.5,2022,6,0.1074,0.0,0.0,1.0,1.0,0.0,0.0,0.0,1.0,0.0,0.0,0.0,0.0,1.0,0.0,0.0,0.0,1.0,0.393939393939394,0.45833333333333326,0.2436929589308451,1
0.7764735341968465,0.47403795200027954,0.5354656364574275,1.0000000000000004,0.0,0.4285714285714286,0.5,2025,4,0.185,0.0,1.0,0.0,1.0,0.0,0.0,0.0,0.0,1.0,0.0,0.0,1.0,0.0,0.0,0.0,0.0,1.0,0.393939393939394,0.45833333333333326,0.23144811670391055,0
0.6596842761989657,0.11753191322556367,0.5354656364574275,1.0000000000000004,0.0,0.4285714285714286,0.5,2021,8,0.3999,1.0,0.0,0.0,0.0,1.0,0.0,1.0,0.0,0.0,0.0,1.0,0.0,0.0,0.0,0.0,1.0,0.0,0.393939393939394,0.45833333333333326,0.34478095320423274,1
0.38823676709842325,0.9403480307961405,0.9903945140699006,0.0,0.0,0.4285714285714286,0.5,2024,12,0.3999,0.0,0.0,1.0,1.0,0.0,0.0,0.0,0.0,1.0,0.0,1.0,0.0,0.0,0.0,1.0,0.0,0.0,0.393939393939394,0.45833333333333326,0.5826050444903135,1
0.38823676709842325,0.47403795200027954,0.7441104797203657,0.0,0.0,0.4285714285714286,0.5,2021,8,0.185,1.0,0.0,0.0,0.0,1.0,0.0,0.0,1.0,0.0,0.0,1.0,0.0,0.0,1.0,0.0,0.0,0.0,0.393939393939394,0.45833333333333326,0.5826050444903135,0
0.7059613126314263,0.9896806784317875,0.5354656364574275,0.0,0.0,0.4285714285714286,0.5,2022,5,0.3999,1.0,0.0,0.0,0.0,0.0,1.0,1.0,0.0,0.0,0.0,1.0,0.0,0.0,0.0,0.0,0.0,1.0,0.393939393939394,0.45833333333333326,0.2436929589308451,1
0.6596842761989657,0.28132025205531574,0.4617174859980837,0.0,0.0,0.4285714285714286,0.5,2025,8,0.102,1.0,0.0,0.0,0.0,0.0,1.0,1.0,0.0,0.0,0.0,0.0,0.0,1.0,0.0,1.0,0.0,0.0,0.393939393939394,0.45833333333333326,0.28844180225299054,0
0.7059613126314263,0.47403795200027954,0.5354656364574275,0.0,0.0,0.4285714285714286,0.5,2024,7,0.3999,0.0,1.0,0.0,0.0,0.0,1.0,0.0,0.0,1.0,0.0,1.0,0.0,0.0,0.0,0.0,1.0,0.0,0.393939393939394,0.45833333333333326,0.2436929589308451,1
0.6596842761989657,0.47403795200027954,0.5354656364574275,0.0,0.0,0.4285714285714286,0.5,2020,4,0.2057,1.0,0.0,0.0,0.0,1.0,0.0,0.0,0.0,0.0,1.0,1.0,0.0,0.0,1.0,0.0,0.0,0.0,0.393939393939394,0.45833333333333326,0.28844180225299054,1
0.6596842761989657,0.447517537800759,0.5354656364574275,0.0,0.0,0.4285714285714286,0.5,2021,2,0.2057,1.0,0.0,0.0,0.0,1.0,0.0,0.0,0.0,1.0,0.0,1.0,0.0,0.0,0.0,0.0,1.0,0.0,0.393939393939394,0.45833333333333326,0.28844180225299054,0
0.7059613126314263,0.47403795200027954,0.5354656364574275,1.0000000000000004,0.0,0.4285714285714286,0.5,2025,7,0.2057,1.0,0.0,0.0,0.0,1.0,0.0,0.0,1.0,0.0,0.0,1.0,0.0,0.0,0.0,0.0,1.0,0.0,0.393939393939394,0.45833333333333326,0.29887056355028807,1
0.8643293348478939,0.47403795200027954,0.5354656364574275,0.0,0.0,0.4285714285714286,0.5,2020,4,0.3999,0.0,1.0,0.0,1.0,0.0,0.0,1.0,0.0,0.0,0.0,0.0,0.0,1.0,0.0,0.0,0.0,1.0,0.393939393939394,0.45833333333333326,0.10268667679928131,1
0.38823676709842325,0.447517537800759,0.5354656364574275,1.0000000000000004,1.0,0.4285714285714286,0.5,2024,6,0.185,1.0,0.0,0.0,0.0,0.0,1.0,1.0,0.0,0.0,0.0,0.0,0.0,1.0,1.0,0.0,0.0,0.0,0.393939393939394,0.45833333333333326,0.6427439125168093,1
0.6596842761989657,0.43674758522764545,0.5354656364574275,0.0,1.0,0.4285714285714286,0.5,2025,7,0.3999,0.0,1.0,0.0,0.0,1.0,0.0,1.0,0.0,0.0,0.0,0.0,1.0,0.0,0.0,1.0,0.0,0.0,0.393939393939394,0.45833333333333326,0.28844180225299054,1
0.7059613126314263,0.47403795200027954,0.5354656364574275,0.0,1.0,0.4285714285714286,0.5,2022,6,0.2057,1.0,0.0,0.0,0.0,1.0,0.0,0.0,0.0,1.0,0.0,0.0,0.0,1.0,0.0,0.0,0.0,1.0,0.393939393939394,0.45833333333333326,0.2436929589308451,0
0.38823676709842325,0.48448845294537124,0.5354656364574275,1.0000000000000004,1.0,0.6714285714285715,0.3500000000000001,2021,12,0.3999,1.0,0.0,0.0,0.0,1.0,0.0,1.0,0.0,0.0,0.0,0.0,0.0,1.0,0.0,0.0,0.0,1.0,0.6262626262626264,0.4930555555555556,0.6427439125168093,1
0.23804628387473534,0.447517537800759,0.5354656364574275,0.0,0.0,0.4285714285714286,0.5,2025,9,0.102,0.0,0.0,1.0,1.0,0.0,0.0,0.0,0.0,1.0,0.0,0.0,0.0,1.0,1.0,0.0,0.0,0.0,0.393939393939394,0.45833333333333326,0.7845415170589761,1
0.38823676709842325,0.47403795200027954,0.5354656364574275,0.0,1.0,0.4285714285714286,0.5,2023,3,0.102,0.0,0.0,1.0,0.0,1.0,0.0,0.0,1.0,0.0,0.0,1.0,0.0,0.0,1.0,0.0,0.0,0.0,0.393939393939394,0.45833333333333326,0.5826050444903135,1
0.7059613126314263,0.47403795200027954,0.5354656364574275,0.0,0.0,0.4285714285714286,0.5,2021,3,0.3999,0.0,1.0,0.0,1.0,0.0,0.0,1.0,0.0,0.0,0.0,0.0,0.0,1.0,0.0,0.0,1.0,0.0,0.393939393939394,0.45833333333333326,0.2436929589308451,0
0.4216379923242304,0.47403795200027954,0.5354656364574275,1.0000000000000004,0.0,0.4285714285714286,0.5,2024,1,0.185,0.0,0.0,1.0,1.0,0.0,0.0,0.0,0.0,1.0,0.0,0.0,1.0,0.0,1.0,0.0,0.0,0.0,0.393939393939394,0.45833333333333326,0.602748851294205,1
0.6596842761989657,0.4421443191417156,0.5354656364574275,0.0,0.0,0.22857142857142865,0.20000000000000018,2021,7,0.2057,1.0,0.0,0.0,0.0,0.0,1.0,0.0,0.0,0.0,1.0,1.0,0.0,0.0,0.0,1.0,0.0,0.0,0.37373737373737376,0.19444444444444464,0.28844180225299054,0
0.9600652426463415,0.8156046833861308,0.5354656364574275,0.0,0.0,0.4285714285714286,0.5,2025,7,0.102,1.0,0.0,0.0,0.0,1.0,0.0,0.0,1.0,0.0,0.0,0.0,1.0,0.0,0.0,0.0,1.0,0.0,0.393939393939394,0.45833333333333326,0.028228587237241004,0
0.7059613126314263,0.447517537800759,0.5354656364574275,0.0,0.0,0.4285714285714286,0.5,2023,1,0.3999,1.0,0.0,0.0,0.0,0.0,1.0,0.0,1.0,0.0,0.0,0.0,1.0,0.0,0.0,0.0,0.0,1.0,0.393939393939394,0.45833333333333326,0.2436929589308451,1
0.7059613126314263,0.47403795200027954,0.5354656364574275,0.0,1.0,0.6857142857142857,0.5249999999999999,2024,9,0.2057,0.0,0.0,1.0,1.0,0.0,0.0,0.0,0.0,0.0,1.0,0.0,1.0,0.0,0.0,1.0,0.0,0.0,0.5656565656565657,0.5972222222222221,0.2436929589308451,0
0.38823676709842325,0.447517537800759,0.5354656364574275,0.0,1.0,0.4285714285714286,0.5,2023,7,0.1074,0.0,0.0,1.0,0.0,0.0,1.0,0.0,1.0,0.0,0.0,0.0,1.0,0.0,0.0,0.0,0.0,1.0,0.393939393939394,0.45833333333333326,0.5826050444903135,1
0.38823676709842325,0.447517537800759,0.5354656364574275,0.0,0.0,0.4285714285714286,0.5,2024,5,0.2057,0.0,0.0,1.0,0.0,1.0,0.0,0.0,0.0,1.0,0.0,1.0,0.0,0.0,0.0,0.0,0.0,1.0,0.393939393939394,0.45833333333333326,0.5826050444903135,0
0.6596842761989657,0.7995895007389637,0.5354656364574275,0.0,1.0,0.4285714285714286,0.5,2021,7,0.185,0.0,1.0,0.0,0.0,1.0,0.0,0.0,0.0,1.0,0.0,1.0,0.0,0.0,0.0,0.0,0.0,1.0,0.393939393939394,0.45833333333333326,0.28844180225299054,1
0.9626295218680472,0.47403795200027954,0.3329788839402372,1.0000000000000004,0.0,0.4285714285714286,0.5,2020,6,0.2057,0.0,0.0,1.0,1.0,0.0,0.0,0.0,0.0,1.0,0.0,0.0,1.0,0.0,0.0,0.0,0.0,1.0,0.393939393939394,0.45833333333333326,0.07075357481756991,0
0.38823676709842325,0.47403795200027954,0.5354656364574275,0.0,0.0,0.48571428571428577,0.7250000000000001,2020,12,0.102,1.0,0.0,0.0,0.0,0.0,1.0,0.0,0.0,1.0,0.0,0.0,1.0,0.0,0.0,0.0,0.0,1.0,0.3434343434343435,0.6111111111111114,0.5826050444903135,1
0.7059613126314263,0.47403795200027954,0.5354656364574275,0.0,0.0,0.5285714285714287,0.9250000000000003,2021,2,0.3999,0.0,1.0,0.0,0.0,1.0,0.0,0.0,0.0,1.0,0.0,0.0,1.0,0.0,0.0,0.0,0.0,1.0,0.29292929292929293,0.7430555555555556,0.2436929589308451,0
0.38823676709842325,0.6314659793486084,0.5354656364574275,0.0,0.0,0.4285714285714286,0.5,2021,1,0.3999,0.0,0.0,1.0,0.0,1.0,0.0,0.0,0.0,1.0,0.0,1.0,0.0,0.0,0.0,0.0,1.0,0.0,0.393939393939394,0.45833333333333326,0.5826050444903135,0
0.6596842761989657,0.47403795200027954,0.8135785898623755,0.0,1.0,0.4285714285714286,0.5,2023,9,0.3999,0.0,0.0,1.0,0.0,0.0,1.0,0.0,0.0,1.0,0.0,1.0,0.0,0.0,0.0,1.0,0.0,0.0,0.393939393939394,0.45833333333333326,0.28844180225299054,1
0.38823676709842325,0.447517537800759,0.5354656364574275,0.0,0.0,0.4285714285714286,0.5,2023,12,0.3999,1.0,0.0,0.0,1.0,0.0,0.0,1.0,0.0,0.0,0.0,1.0,0.0,0.0,0.0,0.0,1.0,0.0,0.393939393939394,0.45833333333333326,0.5826050444903135,1
0.6596842761989657,0.447517537800759,0.7199959739199215,1.0000000000000004,1.0,0.4285714285714286,0.5,2020,6,0.2057,0.0,1.0,0.0,1.0,0.0,0.0,1.0,0.0,0.0,0.0,0.0,0.0,1.0,0.0,0.0,1.0,0.0,0.393939393939394,0.45833333333333326,0.34478095320423274,0
0.7059613126314263,0.47403795200027954,0.0,0.0,0.0,0.4285714285714286,0.5,2023,3,0.1074,0.0,0.0,1.0,0.0,0.0,1.0,0.0,0.0,1.0,0.0,1.0,0.0,0.0,0.0,0.0,0.0,1.0,0.393939393939394,0.45833333333333326,0.2436929589308451,0
0.613898019286257,0.6406686469177232,0.8791123785104213,0.0,0.0,0.4285714285714286,0.5,2024,3,0.102,1.0,0.0,0.0,0.0,0.0,1.0,0.0,0.0,1.0,0.0,0.0,1.0,0.0,0.0,0.0,0.0,1.0,0.393939393939394,0.45833333333333326,0.3341544169135119,0
0.38823676709842325,0.447517537800759,0.5354656364574275,0.0,0.0,0.8857142857142857,0.7250000000000001,2020,4,0.3999,0.0,0.0,1.0,0.0,1.0,0.0,1.0,0.0,0.0,0.0,1.0,0.0,0.0,0.0,1.0,0.0,0.0,0.6262626262626264,0.8055555555555556,0.5826050444903135,1
0.7059613126314263,0.47403795200027954,0.591257371862075,0.0,0.0,0.4285714285714286,0.5,2022,1,0.2057,0.0,0.0,1.0,0.0,1.0,0.0,1.0,0.0,0.0,0.0,1.0,0.0,0.0,0.0,0.0,0.0,1.0,0.393939393939394,0.45833333333333326,0.2436929589308451,1
0.6596842761989657,0.42588274198223797,0.5354656364574275,1.0000000000000004,0.0,0.4285714285714286,0.5,2024,1,0.185,0.0,0.0,1.0,0.0,1.0,0.0,0.0,0.0,1.0,0.0,0.0,0.0,1.0,0.0,1.0,0.0,0.0,0.393939393939394,0.45833333333333326,0.34478095320423274,1
0.38823676709842325,0.47403795200027954,0.5354656364574275,0.0,0.0,0.4285714285714286,0.5,2021,11,0.185,1.0,0.0,0.0,1.0,0.0,0.0,1.0,0.0,0.0,0.0,0.0,1.0,0.0,0.0,0.0,0.0,1.0,0.393939393939394,0.45833333333333326,0.5826050444903135,0
0.9797769225198698,0.47403795200027954,0.9105384105881384,0.0,0.0,0.4285714285714286,0.5,2023,2,0.3999,0.0,0.0,1.0,1.0,0.0,0.0,0.0,1.0,0.0,0.0,1.0,0.0,0.0,0.0,0.0,1.0,0.0,0.393939393939394,0.45833333333333326,0.014074883277127331,0
0.38823676709842325,0.47403795200027954,0.5354656364574275,0.0,0.0,0.4285714285714286,0.5,2020,8,0.185,0.0,0.0,1.0,0.0,1.0,0.0,1.0,0.0,0.0,0.0,0.0,1.0,0.0,1.0,0.0,0.0,0.0,0.393939393939394,0.45833333333333326,0.5826050444903135,0
0.6596842761989657,0.447517537800759,0.5354656364574275,0.0,0.0,0.4285714285714286,0.5,2021,7,0.1074,0.0,1.0,0.0,0.0,0.0,1.0,1.0,0.0,0.0,0.0,0.0,0.0,1.0,0.0,0.0,0.0,1.0,0.393939393939394,0.45833333333333326,0.28844180225299054,0
0.6596842761989657,0.47403795200027954,0.5354656364574275,0.0,0.0,0.4285714285714286,0.5,2020,10,0.2057,0.0,1.0,0.0,1.0,0.0,0.0,1.0,0.0,0.0,0.0,1.0,0.0,0.0,0.0,0.0,0.0,1.0,0.393939393939394,0.45833333333333326,0.28844180225299054,1
0.6596842761989657,0.392701769832168,0.5354656364574275,0.0,0.0,0.14285714285714302,0.2250000000000001,2024,10,0.1074,1.0,0.0,0.0,1.0,0.0,0.0,0.0,1.0,0.0,0.0,1.0,0.0,0.0,0.0,0.0,1.0,0.0,0.30303030303030304,0.16666666666666674,0.28844180225299054,1
0.7059613126314263,0.08918234902759314,0.779365623801902,1.0000000000000004,0.0,0.4285714285714286,0.5,2024,11,0.2057,0.0,0.0,1.0,1.0,0.0,0.0,1.0,0.0,0.0,0.0,0.0,0.0,1.0,0.0,0.0,0.0,1.0,0.393939393939394,0.45833333333333326,0.29887056355028807,1
0.6596842761989657,0.47403795200027954,0.5354656364574275,0.0,0.0,0.4285714285714286,0.5,2025,2,0.3999,0.0,1.0,0.0,0.0,1.0,0.0,0.0,0.0,0.0,1.0,0.0,1.0,0.0,1.0,0.0,0.0,0.0,0.393939393939394,0.45833333333333326,0.28844180225299054,0
0.38823676709842325,0.47403795200027954,0.5354656364574275,0.0,0.0,0.7428571428571429,0.125,2024,12,0.3999,0.0,1.0,0.0,0.0,1.0,0.0,0.0,1.0,0.0,0.0,0.0,1.0,0.0,0.0,0.0,1.0,0.0,0.7676767676767677,0.4027777777777779,0.5826050444903135,0
0.6596842761989657,0.9367475852276459,0.5354656364574275,0.0,0.0,0.6142857142857143,1.0,2024,2,0.2057,0.0,0.0,1.0,0.0,1.0,0.0,0.0,0.0,0.0,1.0,0.0,1.0,0.0,0.0,0.0,1.0,0.0,0.32323232323232326,0.8263888888888891,0.28844180225299054,1
0.9266640174205345,0.447517537800759,0.5354656364574275,0.0,0.0,0.4285714285714286,0.5,2024,5,0.3999,1.0,0.0,0.0,0.0,0.0,1.0,0.0,0.0,1.0,0.0,0.0,1.0,0.0,0.0,0.0,0.0,1.0,0.393939393939394,0.45833333333333326,0.053159268691928246,0
0.6596842761989657,0.447517537800759,0.10825214845806475,0.0,1.0,0.4285714285714286,0.5,2021,7,0.3999,0.0,0.0,1.0,0.0,1.0,0.0,0.0,0.0,1.0,0.0,0.0,1.0,0.0,0.0,1.0,0.0,0.0,0.393939393939394,0.45833333333333326,0.28844180225299054,0
0.6596842761989657,0.47403795200027954,0.5354656364574275,0.0,0.0,0.4285714285714286,0.5,2022,2,0.1074,1.0,0.0,0.0,0.0,1.0,0.0,0.0,1.0,0.0,0.0,1.0,0.0,0.0,1.0,0.0,0.0,0.0,0.393939393939394,0.45833333333333326,0.28844180225299054,1
0.38823676709842325,0.47403795200027954,0.5354656364574275,0.0,0.0,0.4285714285714286,0.5,2023,8,0.3999,0.0,0.0,1.0,1.0,0.0,0.0,1.0,0.0,0.0,0.0,0.0,1.0,0.0,0.0,0.0,0.0,1.0,0.393939393939394,0.45833333333333326,0.5826050444903135,1
0.9383792523906672,0.447517537800759,0.5354656364574275,0.0,0.0,0.4285714285714286,0.5,2023,10,0.2057,1.0,0.0,0.0,0.0,1.0,0.0,1.0,0.0,0.0,0.0,0.0,0.0,1.0,1.0,0.0,0.0,0.0,0.393939393939394,0.45833333333333326,0.04428208726403157,0
0.6596842761989657,0.28744012432408406,0.26280864795822545,0.0,0.0,0.2142857142857144,0.7000000000000002,2020,2,0.102,1.0,0.0,0.0,0.0,1.0,0.0,1.0,0.0,0.0,0.0,0.0,1.0,0.0,0.0,0.0,0.0,1.0,0.16161616161616163,0.4652777777777779,0.28844180225299054,1
0.38823676709842325,0.47403795200027954,0.5354656364574275,0.0,0.0,0.9857142857142858,0.625,2025,5,0.2057,0.0,1.0,0.0,0.0,1.0,0.0,1.0,0.0,0.0,0.0,0.0,1.0,0.0,0.0,0.0,1.0,0.0,0.7373737373737375,0.7986111111111114,0.5826050444903135,0
0.9651638088320625,0.47403795200027954,0.5354656364574275,1.0000000000000004,0.0,0.4285714285714286,0.5,2024,6,0.185,0.0,1.0,0.0,0.0,0.0,1.0,0.0,0.0,1.0,0.0,0.0,1.0,0.0,1.0,0.0,0.0,0.0,0.393939393939394,0.45833333333333326,0.06877073913735623,1
0.8643293348478939,0.47403795200027954,0.5354656364574275,0.0,0.0,0.4285714285714286,0.5,2023,2,0.3999,1.0,0.0,0.0,0.0,1.0,0.0,1.0,0.0,0.0,0.0,1.0,0.0,0.0,0.0,0.0,1.0,0.0,0.393939393939394,0.45833333333333326,0.10268667679928131,1
0.7059613126314263,0.24394915786088633,0.7321160261480628,0.0,0.0,0.4285714285714286,0.5,2021,12,0.1074,0.0,1.0,0.0,0.0,1.0,0.0,1.0,0.0,0.0,0.0,0.0,0.0,1.0,0.0,0.0,1.0,0.0,0.393939393939394,0.45833333333333326,0.2436929589308451,1
0.988998699993175,0.6175319132255637,0.5354656364574275,0.0,1.0,0.4285714285714286,0.5,2023,3,0.1074,1.0,0.0,0.0,1.0,0.0,0.0,1.0,0.0,0.0,0.0,0.0,1.0,0.0,0.0,1.0,0.0,0.0,0.393939393939394,0.45833333333333326,0.007599980034583148,0
0.8149733256083747,0.47403795200027954,0.8247618112730857,0.0,1.0,0.4285714285714286,0.5,2021,8,0.185,1.0,0.0,0.0,1.0,0.0,0.0,1.0,0.0,0.0,0.0,1.0,0.0,0.0,0.0,1.0,0.0,0.0,0.393939393939394,0.45833333333333326,0.14445062888446727,0
0.8760445698180266,0.47403795200027954,0.6314043239791136,0.0,1.0,0.4285714285714286,0.5,2023,10,0.185,0.0,1.0,0.0,1.0,0.0,0.0,0.0,0.0,1.0,0.0,0.0,1.0,0.0,0.0,1.0,0.0,0.0,0.393939393939394,0.45833333333333326,0.09309417343275825,0
0.7059613126314263,0.47403795200027954,0.5354656364574275,0.0,0.0,0.4285714285714286,0.5,2020,4,0.3999,1.0,0.0,0.0,1.0,0.0,0.0,0.0,0.0,0.0,1.0,0.0,1.0,0.0,1.0,0.0,0.0,0.0,0.393939393939394,0.45833333333333326,0.2436929589308451,0
0.6596842761989657,0.47403795200027954,0.3991371422078265,0.0,0.0,0.4285714285714286,0.5,2020,8,0.2057,0.0,0.0,1.0,0.0,1.0,0.0,1.0,0.0,0.0,0.0,1.0,0.0,0.0,0.0,1.0,0.0,0.0,0.393939393939394,0.45833333333333326,0.28844180225299054,1
0.6596842761989657,0.447517537800759,0.5354656364574275,0.0,0.0,0.4285714285714286,0.5,2023,5,0.3999,1.0,0.0,0.0,0.0,0.0,1.0,1.0,0.0,0.0,0.0,0.0,0.0,1.0,0.0,0.0,1.0,0.0,0.393939393939394,0.45833333333333326,0.28844180225299054,0
0.7059613126314263,0.47403795200027954,0.6702053117729241,0.0,0.0,0.4285714285714286,0.5,2022,6,0.2057,0.0,1.0,0.0,0.0,1.0,0.0,0.0,0.0,1.0,0.0,0.0,1.0,0.0,0.0,0.0,1.0,0.0,0.393939393939394,0.45833333333333326,0.2436929589308451,1
0.45057144967106383,0.47403795200027954,0.5354656364574275,0.0,0.0,0.4285714285714286,0.5,2024,2,0.102,1.0,0.0,0.0,1.0,0.0,0.0,0.0,0.0,1.0,0.0,0.0,1.0,0.0,0.0,0.0,1.0,0.0,0.393939393939394,0.45833333333333326,0.5094629413016346,0
0.6596842761989657,0.47403795200027954,0.5354656364574275,1.0000000000000004,1.0,0.6285714285714286,0.9750000000000001,2020,3,0.102,1.0,0.0,0.0,0.0,1.0,0.0,1.0,0.0,0.0,0.0,0.0,0.0,1.0,0.0,0.0,1.0,0.0,0.3434343434343435,0.8194444444444444,0.34478095320423274,1
0.6596842761989657,0.47403795200027954,0.5354656364574275,0.0,0.0,0.8000000000000003,0.07500000000000018,2025,6,0.3999,0.0,0.0,1.0,1.0,0.0,0.0,1.0,0.0,0.0,0.0,0.0,1.0,0.0,0.0,0.0,0.0,1.0,0.8282828282828284,0.4027777777777779,0.28844180225299054,0
0.38823676709842325,0.47403795200027954,0.5354656364574275,0.0,0.0,0.4285714285714286,0.5,2022,9,0.3999,0.0,1.0,0.0,0.0,1.0,0.0,0.0,0.0,1.0,0.0,1.0,0.0,0.0,1.0,0.0,0.0,0.0,0.393939393939394,0.45833333333333326,0.5826050444903135,0
0.8683052090642308,0.47403795200027954,0.5354656364574275,0.0,0.0,0.7571428571428571,0.07500000000000018,2022,10,0.3999,0.0,1.0,0.0,1.0,0.0,0.0,0.0,0.0,0.0,1.0,0.0,0.0,1.0,0.0,1.0,0.0,0.0,0.7979797979797981,0.38194444444444464,0.09941696283721821,1
0.6596842761989657,0.447517537800759,0.5354656364574275,0.0,0.0,0.4285714285714286,0.5,2023,6,0.3999,0.0,1.0,0.0,1.0,0.0,0.0,1.0,0.0,0.0,0.0,1.0,0.0,0.0,0.0,0.0,0.0,1.0,0.393939393939394,0.45833333333333326,0.28844180225299054,1
0.6596842761989657,0.47403795200027954,0.591257371862075,0.0,1.0,0.4285714285714286,0.5,2024,8,0.185,0.0,0.0,1.0,0.0,0.0,1.0,1.0,0.0,0.0,0.0,0.0,1.0,0.0,0.0,1.0,0.0,0.0,0.393939393939394,0.45833333333333326,0.28844180225299054,1
0.38823676709842325,0.9546456023369028,0.5354656364574275,0.0,1.0,0.4285714285714286,0.5,2024,8,0.3999,0.0,0.0,1.0,1.0,0.0,0.0,0.0,0.0,0.0,1.0,1.0,0.0,0.0,1.0,0.0,0.0,0.0,0.393939393939394,0.45833333333333326,0.5826050444903135,1
0.6596842761989657,0.185679181103799,0.5354656364574275,1.0000000000000004,0.0,0.4285714285714286,0.5,2024,8,0.102,1.0,0.0,0.0,1.0,0.0,0.0,1.0,0.0,0.0,0.0,1.0,0.0,0.0,0.0,1.0,0.0,0.0,0.393939393939394,0.45833333333333326,0.34478095320423274,1
0.6596842761989657,0.015318852041940723,0.5354656364574275,0.0,1.0,0.4285714285714286,0.5,2024,1,0.1074,1.0,0.0,0.0,0.0,0.0,1.0,1.0,0.0,0.0,0.0,1.0,0.0,0.0,0.0,0.0,0.0,1.0,0.393939393939394,0.45833333333333326,0.28844180225299054,0
0.6596842761989657,0.447517537800759,0.5354656364574275,0.0,0.0,0.4285714285714286,0.5,2021,6,0.3999,0.0,0.0,1.0,0.0,0.0,1.0,1.0,0.0,0.0,0.0,0.0,1.0,0.0,1.0,0.0,0.0,0.0,0.393939393939394,0.45833333333333326,0.28844180225299054,1
0.38823676709842325,0.447517537800759,0.49178292733284845,0.0,0.0,0.4285714285714286,0.5,2023,12,0.2057,0.0,0.0,1.0,0.0,0.0,1.0,0.0,0.0,1.0,0.0,1.0,0.0,0.0,0.0,0.0,0.0,1.0,0.393939393939394,0.45833333333333326,0.5826050444903135,1
0.6596842761989657,0.5203831373164682,0.5354656364574275,0.0,0.0,0.4285714285714286,0.5,2023,6,0.2057,0.0,1.0,0.0,0.0,0.0,1.0,0.0,0.0,1.0,0.0,1.0,0.0,0.0,0.0,0.0,0.0,1.0,0.393939393939394,0.45833333333333326,0.28844180225299054,1
0.38823676709842325,0.447517537800759,0.5354656364574275,0.0,0.0,0.9285714285714288,0.4500000000000002,2025,3,0.185,0.0,0.0,1.0,0.0,0.0,1.0,1.0,0.0,0.0,0.0,0.0,1.0,0.0,0.0,0.0,0.0,1.0,0.7676767676767677,0.6736111111111114,0.5826050444903135,1
0.3487315025817901,0.47403795200027954,0.5354656364574275,1.0000000000000004,0.0,0.4285714285714286,0.5,2020,4,0.3999,0.0,1.0,0.0,0.0,1.0,0.0,1.0,0.0,0.0,0.0,1.0,0.0,0.0,0.0,0.0,0.0,1.0,0.393939393939394,0.45833333333333326,0.6918869168063614,1
0.7881887691669792,0.6175319132255637,0.5354656364574275,0.0,0.0,0.4285714285714286,0.5,2025,1,0.2057,0.0,0.0,1.0,1.0,0.0,0.0,1.0,0.0,0.0,0.0,1.0,0.0,0.0,1.0,0.0,0.0,0.0,0.393939393939394,0.45833333333333326,0.16798132101993654,1
0.9956662742319112,0.9896806784317875,0.5354656364574275,0.0,0.0,0.4285714285714286,0.5,2020,9,0.1074,0.0,0.0,1.0,0.0,1.0,0.0,1.0,0.0,0.0,0.0,1.0,0.0,0.0,1.0,0.0,0.0,0.0,0.393939393939394,0.45833333333333326,0.0029775906947896724,1
0.7059613126314263,0.447517537800759,0.6314043239791136,0.0,0.0,0.4285714285714286,0.5,2022,11,0.3999,1.0,0.0,0.0,0.0,1.0,0.0,0.0,0.0,1.0,0.0,1.0,0.0,0.0,0.0,0.0,0.0,1.0,0.393939393939394,0.45833333333333326,0.2436929589308451,0
0.6596842761989657,0.47403795200027954,0.5354656364574275,1.0000000000000004,0.0,0.4285714285714286,0.5,2024,3,0.185,0.0,1.0,0.0,0.0,1.0,0.0,0.0,0.0,1.0,0.0,0.0,1.0,0.0,0.0,1.0,0.0,0.0,0.393939393939394,0.45833333333333326,0.34478095320423274,0
0.6596842761989657,0.6588704789471067,0.7077476647896876,0.0,0.0,0.4285714285714286,0.5,2021,10,0.2057,1.0,0.0,0.0,0.0,0.0,1.0,0.0,0.0,1.0,0.0,0.0,1.0,0.0,0.0,0.0,1.0,0.0,0.393939393939394,0.45833333333333326,0.28844180225299054,1
0.8907403066013384,0.47403795200027954,0.5354656364574275,1.0000000000000004,0.0,0.4285714285714286,0.5,2024,1,0.3999,0.0,1.0,0.0,0.0,1.0,0.0,1.0,0.0,0.0,0.0,0.0,1.0,0.0,0.0,1.0,0.0,0.0,0.393939393939394,0.45833333333333326,0.12946657127768738,0
0.38823676709842325,0.47403795200027954,0.0,1.0000000000000004,1.0,0.8714285714285714,0.07500000000000018,2020,5,0.185,1.0,0.0,0.0,0.0,0.0,1.0,0.0,0.0,1.0,0.0,0.0,0.0,1.0,0.0,0.0,1.0,0.0,0.8787878787878789,0.4375,0.6427439125168093,0
0.9956662742319112,0.447517537800759,1.0,0.0,1.0,0.4285714285714286,0.5,2025,1,0.3999,1.0,0.0,0.0,0.0,1.0,0.0,0.0,0.0,1.0,0.0,1.0,0.0,0.0,1.0,0.0,0.0,0.0,0.393939393939394,0.45833333333333326,0.0029775906947896724,0
0.6596842761989657,0.447517537800759,0.5354656364574275,0.0,0.0,0.4285714285714286,0.5,2023,3,0.185,1.0,0.0,0.0,0.0,0.0,1.0,0.0,0.0,0.0,1.0,0.0,0.0,1.0,1.0,0.0,0.0,0.0,0.393939393939394,0.45833333333333326,0.28844180225299054,1
0.7059613126314263,0.47403795200027954,0.5354656364574275,0.0,0.0,0.4285714285714286,0.5,2022,4,0.1074,1.0,0.0,0.0,0.0,0.0,1.0,0.0,0.0,1.0,0.0,1.0,0.0,0.0,0.0,0.0,0.0,1.0,0.393939393939394,0.45833333333333326,0.2436929589308451,0
0.6596842761989657,0.392701769832168,0.5354656364574275,0.0,0.0,0.14285714285714302,0.2250000000000001,2024,10,0.1074,1.0,0.0,0.0,1.0,0.0,0.0,0.0,1.0,0.0,0.0,1.0,0.0,0.0,0.0,0.0,1.0,0.0,0.30303030303030304,0.16666666666666674,0.28844180225299054,1
0.6596842761989657,0.47403795200027954,0.5354656364574275,1.0000000000000004,1.0,0.4285714285714286,0.5,2025,2,0.3999,0.0,0.0,1.0,0.0,1.0,0.0,0.0,1.0,0.0,0.0,1.0,0.0,0.0,1.0,0.0,0.0,0.0,0.393939393939394,0.45833333333333326,0.34478095320423274,0
0.9011428993421277,0.82353494693001,0.5354656364574275,0.0,0.0,0.4285714285714286,0.5,2020,4,0.102,1.0,0.0,0.0,0.0,1.0,0.0,1.0,0.0,0.0,0.0,0.0,1.0,0.0,0.0,0.0,0.0,1.0,0.393939393939394,0.45833333333333326,0.07297978914527489,0
0.9296527415680409,0.47403795200027954,0.5354656364574275,0.0,1.0,0.4285714285714286,0.5,2023,2,0.2057,0.0,1.0,0.0,0.0,1.0,0.0,0.0,0.0,0.0,1.0,1.0,0.0,0.0,0.0,1.0,0.0,0.0,0.393939393939394,0.45833333333333326,0.050881139834478756,0
0.38823676709842325,0.447517537800759,0.5354656364574275,0.0,0.0,0.4285714285714286,0.5,2024,1,0.2057,0.0,0.0,1.0,0.0,1.0,0.0,1.0,0.0,0.0,0.0,1.0,0.0,0.0,0.0,0.0,1.0,0.0,0.393939393939394,0.45833333333333326,0.5826050444903135,1
0.7059613126314263,0.7333640994677713,0.7677328182287129,0.0,0.0,0.15714285714285725,0.025000000000000133,2023,10,0.3999,0.0,0.0,1.0,0.0,1.0,0.0,0.0,0.0,1.0,0.0,0.0,0.0,1.0,1.0,0.0,0.0,0.0,0.393939393939394,0.0625,0.2436929589308451,0
0.5557708294077383,0.47403795200027954,0.5354656364574275,1.0000000000000004,1.0,0.4285714285714286,0.5,2020,1,0.2057,1.0,0.0,0.0,0.0,0.0,1.0,0.0,0.0,1.0,0.0,1.0,0.0,0.0,1.0,0.0,0.0,0.0,0.393939393939394,0.45833333333333326,0.4525540875266215,1
0.6596842761989657,0.47403795200027954,0.5354656364574275,0.0,1.0,0.4285714285714286,0.5,2022,10,0.2057,0.0,1.0,0.0,0.0,0.0,1.0,0.0,0.0,1.0,0.0,0.0,0.0,1.0,0.0,0.0,0.0,1.0,0.393939393939394,0.45833333333333326,0.28844180225299054,0
0.38823676709842325,0.47403795200027954,0.5354656364574275,1.0000000000000004,1.0,0.4285714285714286,0.5,2022,4,0.1074,0.0,0.0,1.0,1.0,0.0,0.0,1.0,0.0,0.0,0.0,1.0,0.0,0.0,0.0,0.0,0.0,1.0,0.393939393939394,0.45833333333333326,0.6427439125168093,0
0.38823676709842325,0.47403795200027954,0.5354656364574275,1.0000000000000004,1.0,0.4285714285714286,0.5,2020,3,0.2057,1.0,0.0,0.0,1.0,0.0,0.0,1.0,0.0,0.0,0.0,0.0,1.0,0.0,0.0,1.0,0.0,0.0,0.393939393939394,0.45833333333333326,0.6427439125168093,1
0.7059613126314263,0.4313271293300378,0.5354656364574275,0.0,0.0,0.4285714285714286,0.5750000000000002,2022,8,0.3999,1.0,0.0,0.0,0.0,1.0,0.0,0.0,0.0,1.0,0.0,1.0,0.0,0.0,0.0,0.0,0.0,1.0,0.36363636363636365,0.5,0.2436929589308451,1
0.7059613126314263,0.47403795200027954,0.5354656364574275,0.0,0.0,0.4285714285714286,0.5,2024,3,0.3999,0.0,0.0,1.0,0.0,1.0,0.0,1.0,0.0,0.0,0.0,1.0,0.0,0.0,0.0,0.0,1.0,0.0,0.393939393939394,0.45833333333333326,0.2436929589308451,1
0.6596842761989657,0.47403795200027954,0.5354656364574275,1.0000000000000004,0.0,0.4285714285714286,0.5,2022,11,0.3999,0.0,0.0,1.0,1.0,0.0,0.0,1.0,0.0,0.0,0.0,0.0,1.0,0.0,1.0,0.0,0.0,0.0,0.393939393939394,0.45833333333333326,0.34478095320423274,0
0.6596842761989657,0.447517537800759,0.5354656364574275,1.0000000000000004,0.0,0.4285714285714286,0.5,2022,5,0.2057,0.0,0.0,1.0,1.0,0.0,0.0,1.0,0.0,0.0,0.0,1.0,0.0,0.0,0.0,1.0,0.0,0.0,0.393939393939394,0.45833333333333326,0.34478095320423274,1
0.9600652426463415,0.9510867204116491,0.5354656364574275,0.0,0.0,0.4285714285714286,0.5,2021,9,0.3999,0.0,1.0,0.0,0.0,1.0,0.0,0.0,1.0,0.0,0.0,1.0,0.0,0.0,0.0,0.0,0.0,1.0,0.393939393939394,0.45833333333333326,0.028228587237241004,1
0.6596842761989657,0.47403795200027954,0.18810825193982694,0.0,0.0,0.4285714285714286,0.5,2024,2,0.3999,0.0,0.0,1.0,0.0,0.0,1.0,0.0,0.0,1.0,0.0,1.0,0.0,0.0,0.0,0.0,1.0,0.0,0.393939393939394,0.45833333333333326,0.28844180225299054,1
0.38823676709842325,0.47403795200027954,0.3991371422078265,0.0,0.0,0.4285714285714286,0.5,2025,2,0.3999,0.0,0.0,1.0,0.0,1.0,0.0,1.0,0.0,0.0,0.0,0.0,0.0,1.0,0.0,0.0,0.0,1.0,0.393939393939394,0.45833333333333326,0.5826050444903135,0
0.9412116988066711,0.447517537800759,0.5354656364574275,0.0,0.0,0.4285714285714286,0.5,2021,2,0.3999,0.0,0.0,1.0,1.0,0.0,0.0,0.0,0.0,0.0,1.0,0.0,1.0,0.0,0.0,0.0,1.0,0.0,0.393939393939394,0.45833333333333326,0.04215716196572636,0
0.7059613126314263,0.2689886319792474,0.5775595266479012,1.0000000000000004,0.0,0.4285714285714286,0.5,2023,8,0.2057,0.0,1.0,0.0,0.0,1.0,0.0,0.0,1.0,0.0,0.0,1.0,0.0,0.0,0.0,0.0,0.0,1.0,0.393939393939394,0.45833333333333326,0.29887056355028807,1
0.4216379923242304,0.447517537800759,0.6181761295775301,1.0000000000000004,0.0,0.4285714285714286,0.5,2022,3,0.3999,0.0,0.0,1.0,0.0,0.0,1.0,1.0,0.0,0.0,0.0,0.0,1.0,0.0,1.0,0.0,0.0,0.0,0.393939393939394,0.45833333333333326,0.602748851294205,1
0.6596842761989657,0.3411937460330492,0.5210871358800633,0.0,0.0,0.08571428571428585,0.25,2022,2,0.1074,0.0,0.0,1.0,1.0,0.0,0.0,1.0,0.0,0.0,0.0,0.0,1.0,0.0,0.0,0.0,0.0,1.0,0.25252525252525254,0.1527777777777779,0.28844180225299054,1
0.9750145535549487,0.47403795200027954,0.5354656364574275,0.0,0.0,0.4285714285714286,0.5,2021,4,0.3999,0.0,1.0,0.0,0.0,0.0,1.0,1.0,0.0,0.0,0.0,1.0,0.0,0.0,0.0,0.0,1.0,0.0,0.393939393939394,0.45833333333333326,0.017455542501302573,1
0.7220189587716063,0.47403795200027954,0.6702053117729241,0.0,0.0,0.4285714285714286,0.5,2020,12,0.3999,1.0,0.0,0.0,0.0,0.0,1.0,1.0,0.0,0.0,0.0,1.0,0.0,0.0,1.0,0.0,0.0,0.0,0.393939393939394,0.45833333333333326,0.2285157277313237,1
0.6596842761989657,0.47403795200027954,0.5354656364574275,1.0000000000000004,0.0,0.4285714285714286,0.5,2024,8,0.3999,1.0,0.0,0.0,0.0,1.0,0.0,1.0,0.0,0.0,0.0,0.0,0.0,1.0,0.0,0.0,0.0,1.0,0.393939393939394,0.45833333333333326,0.34478095320423274,1
0.7764735341968465,0.447517537800759,0.5354656364574275,0.0,0.0,0.4285714285714286,0.5,2024,7,0.3999,0.0,0.0,1.0,0.0,1.0,0.0,1.0,0.0,0.0,0.0,0.0,1.0,0.0,1.0,0.0,0.0,0.0,0.393939393939394,0.45833333333333326,0.1784549672789428,1
0.9110688667928428,0.8036128378517904,0.5354656364574275,0.0,0.0,0.4285714285714286,0.5,2025,9,0.3999,0.0,0.0,1.0,0.0,0.0,1.0,0.0,1.0,0.0,0.0,0.0,1.0,0.0,1.0,0.0,0.0,0.0,0.393939393939394,0.45833333333333326,0.06519362749123594,0
0.6596842761989657,0.43674758522764545,0.43085020575924027,0.0,1.0,0.4285714285714286,0.5,2024,8,0.2057,0.0,1.0,0.0,1.0,0.0,0.0,0.0,0.0,1.0,0.0,1.0,0.0,0.0,0.0,0.0,1.0,0.0,0.393939393939394,0.45833333333333326,0.28844180225299054,1
0.6596842761989657,0.19229127057113082,0.5354656364574275,0.0,0.0,0.4285714285714286,0.5,2024,10,0.1074,1.0,0.0,0.0,1.0,0.0,0.0,1.0,0.0,0.0,0.0,0.0,0.0,1.0,1.0,0.0,0.0,0.0,0.393939393939394,0.45833333333333326,0.28844180225299054,1
0.9912440990023085,0.47403795200027954,0.7199959739199215,0.0,0.0,0.4285714285714286,0.5,2025,2,0.185,0.0,1.0,0.0,1.0,0.0,0.0,0.0,1.0,0.0,0.0,0.0,1.0,0.0,0.0,1.0,0.0,0.0,0.393939393939394,0.45833333333333326,0.006037758099239926,0
0.7059613126314263,0.7460553099205858,0.5354656364574275,0.0,0.0,0.4285714285714286,0.5,2025,3,0.3999,1.0,0.0,0.0,1.0,0.0,0.0,0.0,0.0,1.0,0.0,0.0,1.0,0.0,1.0,0.0,0.0,0.0,0.393939393939394,0.45833333333333326,0.2436929589308451,1
0.7059613126314263,0.8889592730864986,0.5354656364574275,0.0,0.0,0.4285714285714286,0.5,2023,7,0.1074,1.0,0.0,0.0,0.0,0.0,1.0,0.0,0.0,1.0,0.0,1.0,0.0,0.0,1.0,0.0,0.0,0.0,0.393939393939394,0.45833333333333326,0.2436929589308451,0
0.8476534883872682,0.47403795200027954,0.5354656364574275,0.0,0.0,0.4285714285714286,0.5,2021,3,0.3999,0.0,1.0,0.0,0.0,0.0,1.0,0.0,0.0,1.0,0.0,1.0,0.0,0.0,1.0,0.0,0.0,0.0,0.393939393939394,0.45833333333333326,0.1165574008242615,1
0.38823676709842325,0.47403795200027954,0.5354656364574275,0.0,1.0,0.4285714285714286,0.5,2021,4,0.2057,1.0,0.0,0.0,0.0,1.0,0.0,0.0,1.0,0.0,0.0,0.0,0.0,1.0,0.0,0.0,0.0,1.0,0.393939393939394,0.45833333333333326,0.5826050444903135,1
0.6596842761989657,0.9931300561527361,0.5354656364574275,0.0,0.0,0.4285714285714286,0.5,2025,7,0.3999,0.0,0.0,1.0,0.0,0.0,1.0,0.0,0.0,0.0,1.0,1.0,0.0,0.0,0.0,0.0,0.0,1.0,0.393939393939394,0.45833333333333326,0.28844180225299054,1
0.7059613126314263,0.5939527678633465,0.5354656364574275,0.0,0.0,0.842857142857143,0.875,2025,7,0.1074,0.0,1.0,0.0,1.0,0.0,0.0,0.0,0.0,1.0,0.0,0.0,1.0,0.0,0.0,1.0,0.0,0.0,0.5353535353535355,0.8680555555555556,0.2436929589308451,0
0.38823676709842325,0.47403795200027954,0.0,0.0,0.0,0.4285714285714286,0.5,2025,2,0.185,1.0,0.0,0.0,1.0,0.0,0.0,1.0,0.0,0.0,0.0,0.0,1.0,0.0,0.0,0.0,0.0,1.0,0.393939393939394,0.45833333333333326,0.5826050444903135,1
0.38823676709842325,0.447517537800759,0.26280864795822545,0.0,1.0,0.9142857142857141,0.42500000000000004,2021,9,0.3999,1.0,0.0,0.0,0.0,0.0,1.0,1.0,0.0,0.0,0.0,0.0,0.0,1.0,1.0,0.0,0.0,0.0,0.7676767676767677,0.6527777777777779,0.5826050444903135,1
0.8199546729298165,0.47403795200027954,0.8791123785104213,0.0,0.0,0.4285714285714286,0.5,2025,6,0.3999,0.0,0.0,1.0,1.0,0.0,0.0,0.0,0.0,0.0,1.0,1.0,0.0,0.0,1.0,0.0,0.0,0.0,0.393939393939394,0.45833333333333326,0.1401398181181376,0
0.7059613126314263,0.05280355365560263,0.591257371862075,0.0,1.0,0.4285714285714286,0.5,2020,4,0.185,0.0,0.0,1.0,1.0,0.0,0.0,0.0,0.0,1.0,0.0,0.0,0.0,1.0,0.0,0.0,1.0,0.0,0.393939393939394,0.45833333333333326,0.2436929589308451,1
0.38823676709842325,0.47403795200027954,0.12873860205784737,0.0,0.0,0.642857142857143,0.6750000000000003,2023,12,0.1074,0.0,1.0,0.0,0.0,0.0,1.0,0.0,0.0,1.0,0.0,1.0,0.0,0.0,0.0,1.0,0.0,0.0,0.47474747474747475,0.6597222222222221,0.5826050444903135,0
0.7059613126314263,0.47403795200027954,0.5210871358800633,1.0000000000000004,0.0,0.4285714285714286,0.5,2025,3,0.3999,1.0,0.0,0.0,0.0,0.0,1.0,1.0,0.0,0.0,0.0,1.0,0.0,0.0,0.0,0.0,0.0,1.0,0.393939393939394,0.45833333333333326,0.29887056355028807,0
0.38823676709842325,0.47403795200027954,0.5354656364574275,0.0,0.0,0.4285714285714286,0.5,2023,10,0.3999,0.0,1.0,0.0,0.0,0.0,1.0,1.0,0.0,0.0,0.0,1.0,0.0,0.0,0.0,1.0,0.0,0.0,0.393939393939394,0.45833333333333326,0.5826050444903135,0
0.7059613126314263,0.47403795200027954,0.5354656364574275,0.0,0.0,0.4285714285714286,0.5,2020,3,0.2057,0.0,0.0,1.0,1.0,0.0,0.0,0.0,0.0,1.0,0.0,0.0,0.0,1.0,0.0,0.0,0.0,1.0,0.393939393939394,0.45833333333333326,0.2436929589308451,1
0.38823676709842325,0.47403795200027954,0.5354656364574275,0.0,0.0,0.6285714285714286,0.9500000000000002,2024,4,0.3999,0.0,0.0,1.0,1.0,0.0,0.0,0.0,0.0,0.0,1.0,1.0,0.0,0.0,0.0,0.0,1.0,0.0,0.35353535353535354,0.8055555555555556,0.5826050444903135,0
0.8561517958551143,0.3982943042755771,0.5354656364574275,1.0000000000000004,0.0,0.4285714285714286,0.5,2020,2,0.3999,0.0,0.0,1.0,1.0,0.0,0.0,0.0,1.0,0.0,0.0,0.0,0.0,1.0,0.0,0.0,0.0,1.0,0.393939393939394,0.45833333333333326,0.1592949923650224,1
0.38823676709842325,0.47403795200027954,0.5354656364574275,0.0,0.0,0.4285714285714286,0.5,2022,11,0.102,0.0,0.0,1.0,0.0,1.0,0.0,1.0,0.0,0.0,0.0,1.0,0.0,0.0,0.0,1.0,0.0,0.0,0.393939393939394,0.45833333333333326,0.5826050444903135,0
0.7059613126314263,0.47403795200027954,0.5354656364574275,1.0000000000000004,0.0,0.4285714285714286,0.5,2024,3,0.3999,0.0,1.0,0.0,0.0,1.0,0.0,0.0,0.0,0.0,1.0,0.0,0.0,1.0,0.0,0.0,0.0,1.0,0.393939393939394,0.45833333333333326,0.29887056355028807,1
0.6596842761989657,0.3982943042755771,0.5354656364574275,1.0000000000000004,0.0,0.4285714285714286,0.5,2023,6,0.3999,0.0,0.0,1.0,0.0,0.0,1.0,0.0,0.0,1.0,0.0,0.0,1.0,0.0,1.0,0.0,0.0,0.0,0.393939393939394,0.45833333333333326,0.34478095320423274,1
0.6596842761989657,0.47403795200027954,0.10825214845806475,1.0000000000000004,0.0,0.9857142857142858,0.17500000000000004,2020,9,0.3999,0.0,0.0,1.0,0.0,0.0,1.0,1.0,0.0,0.0,0.0,0.0,1.0,0.0,0.0,0.0,0.0,1.0,0.9191919191919193,0.5486111111111114,0.34478095320423274,1
0.6596842761989657,0.447517537800759,0.022475549143011975,0.0,0.0,0.7428571428571429,0.6499999999999999,2021,12,0.1074,0.0,0.0,1.0,1.0,0.0,0.0,0.0,0.0,1.0,0.0,1.0,0.0,0.0,1.0,0.0,0.0,0.0,0.5555555555555557,0.6944444444444444,0.28844180225299054,0
0.38823676709842325,0.47403795200027954,0.5354656364574275,0.0,0.0,0.4285714285714286,0.5,2022,4,0.2057,0.0,0.0,1.0,1.0,0.0,0.0,0.0,1.0,0.0,0.0,0.0,1.0,0.0,0.0,1.0,0.0,0.0,0.393939393939394,0.45833333333333326,0.5826050444903135,1
0.38823676709842325,0.32944935505981254,0.5354656364574275,0.0,0.0,0.4285714285714286,0.5,2023,11,0.3999,0.0,0.0,1.0,0.0,1.0,0.0,0.0,1.0,0.0,0.0,1.0,0.0,0.0,1.0,0.0,0.0,0.0,0.393939393939394,0.45833333333333326,0.5826050444903135,1
0.38823676709842325,0.47403795200027954,0.5354656364574275,0.0,1.0,0.4285714285714286,0.5,2022,8,0.3999,1.0,0.0,0.0,1.0,0.0,0.0,0.0,0.0,0.0,1.0,0.0,1.0,0.0,1.0,0.0,0.0,0.0,0.393939393939394,0.45833333333333326,0.5826050444903135,0
0.38823676709842325,0.447517537800759,0.5354656364574275,1.0000000000000004,0.0,0.4285714285714286,0.5,2020,2,0.3999,0.0,0.0,1.0,0.0,0.0,1.0,0.0,1.0,0.0,0.0,0.0,1.0,0.0,0.0,0.0,0.0,1.0,0.393939393939394,0.45833333333333326,0.6427439125168093,1
0.38823676709842325,0.447517537800759,0.26280864795822545,0.0,1.0,0.9142857142857141,0.42500000000000004,2021,9,0.3999,1.0,0.0,0.0,0.0,0.0,1.0,1.0,0.0,0.0,0.0,0.0,0.0,1.0,1.0,0.0,0.0,0.0,0.7676767676767677,0.6527777777777779,0.5826050444903135,1
0.9676687970244379,0.47403795200027954,0.5354656364574275,0.0,1.0,0.10000000000000009,0.10000000000000009,2024,1,0.102,1.0,0.0,0.0,1.0,0.0,0.0,0.0,1.0,0.0,0.0,0.0,1.0,0.0,0.0,0.0,0.0,1.0,0.32323232323232326,0.07638888888888906,0.02271882746835499,0
0.3487315025817901,0.47403795200027954,0.5354656364574275,0.0,1.0,0.4285714285714286,0.5,2020,10,0.2057,1.0,0.0,0.0,1.0,0.0,0.0,1.0,0.0,0.0,0.0,0.0,1.0,0.0,0.0,0.0,0.0,1.0,0.393939393939394,0.45833333333333326,0.6314763179096198,0
0.7059613126314263,0.447517537800759,0.5354656364574275,0.0,1.0,0.4285714285714286,0.5,2024,5,0.102,1.0,0.0,0.0,0.0,1.0,0.0,0.0,0.0,1.0,0.0,0.0,1.0,0.0,0.0,0.0,0.0,1.0,0.393939393939394,0.45833333333333326,0.2436929589308451,0
0.6596842761989657,0.47403795200027954,0.5354656364574275,0.0,1.0,0.4285714285714286,0.5,2023,7,0.1074,1.0,0.0,0.0,0.0,1.0,0.0,0.0,0.0,1.0,0.0,1.0,0.0,0.0,0.0,1.0,0.0,0.0,0.393939393939394,0.45833333333333326,0.28844180225299054,0
0.5718284755479183,0.447517537800759,0.5354656364574275,0.0,1.0,0.4285714285714286,0.5,2025,1,0.3999,1.0,0.0,0.0,0.0,0.0,1.0,0.0,0.0,1.0,0.0,0.0,0.0,1.0,0.0,1.0,0.0,0.0,0.393939393939394,0.45833333333333326,0.37741384915281584,0
0.9978439716109563,0.447517537800759,0.5354656364574275,0.0,0.0,0.18571428571428572,0.6000000000000001,2023,11,0.2057,0.0,0.0,1.0,0.0,0.0,1.0,0.0,0.0,1.0,0.0,0.0,0.0,1.0,0.0,1.0,0.0,0.0,0.18181818181818182,0.39583333333333326,0.0014787003342740523,0
0.6596842761989657,0.9722875589012907,0.5354656364574275,0.0,0.0,0.4285714285714286,0.5,2020,7,0.185,0.0,0.0,1.0,0.0,0.0,1.0,1.0,0.0,0.0,0.0,1.0,0.0,0.0,0.0,1.0,0.0,0.0,0.393939393939394,0.45833333333333326,0.28844180225299054,0
0.38823676709842325,0.877663147704212,0.5354656364574275,1.0000000000000004,0.0,0.10000000000000009,0.3500000000000001,2025,1,0.185,0.0,1.0,0.0,0.0,1.0,0.0,1.0,0.0,0.0,0.0,0.0,1.0,0.0,0.0,0.0,0.0,1.0,0.22222222222222224,0.2152777777777779,0.6427439125168093,0
0.7059613126314263,0.47403795200027954,0.5354656364574275,0.0,0.0,0.40000000000000013,0.7250000000000001,2021,5,0.2057,0.0,0.0,1.0,1.0,0.0,0.0,1.0,0.0,0.0,0.0,0.0,1.0,0.0,0.0,0.0,1.0,0.0,0.2828282828282828,0.5694444444444444,0.2436929589308451,1
0.6596842761989657,0.47403795200027954,0.5354656364574275,0.0,0.0,0.4285714285714286,0.5,2024,4,0.2057,0.0,0.0,1.0,0.0,0.0,1.0,0.0,1.0,0.0,0.0,1.0,0.0,0.0,0.0,0.0,0.0,1.0,0.393939393939394,0.45833333333333326,0.28844180225299054,1
0.38823676709842325,0.447517537800759,0.5354656364574275,0.0,0.0,0.4285714285714286,0.5,2020,3,0.3999,0.0,0.0,1.0,1.0,0.0,0.0,1.0,0.0,0.0,0.0,0.0,1.0,0.0,1.0,0.0,0.0,0.0,0.393939393939394,0.45833333333333326,0.5826050444903135,1
0.6596842761989657,0.8547556456757275,0.5354656364574275,0.0,1.0,0.4285714285714286,0.5,2022,1,0.185,1.0,0.0,0.0,0.0,1.0,0.0,1.0,0.0,0.0,0.0,0.0,0.0,1.0,1.0,0.0,0.0,0.0,0.393939393939394,0.45833333333333326,0.28844180225299054,0
0.38823676709842325,0.5699139612050423,0.5354656364574275,0.0,0.0,0.4285714285714286,0.5,2022,1,0.3999,0.0,1.0,0.0,0.0,1.0,0.0,0.0,0.0,0.0,1.0,0.0,0.0,1.0,0.0,0.0,0.0,1.0,0.393939393939394,0.45833333333333326,0.5826050444903135,1
0.6596842761989657,0.47403795200027954,0.5354656364574275,0.0,0.0,0.8571428571428572,0.7749999999999999,2023,6,0.1074,0.0,1.0,0.0,1.0,0.0,0.0,0.0,0.0,1.0,0.0,1.0,0.0,0.0,0.0,0.0,0.0,1.0,0.585858585858586,0.8194444444444444,0.28844180225299054,1
0.6596842761989657,0.447517537800759,0.08739654977087685,0.0,1.0,0.4285714285714286,0.5,2022,8,0.3999,1.0,0.0,0.0,0.0,1.0,0.0,0.0,0.0,0.0,1.0,1.0,0.0,0.0,0.0,1.0,0.0,0.0,0.393939393939394,0.45833333333333326,0.28844180225299054,1
0.7369682696802135,0.179031446777127,0.6574156301296643,0.0,0.0,0.4285714285714286,0.5,2024,6,0.102,0.0,1.0,0.0,0.0,0.0,1.0,0.0,1.0,0.0,0.0,0.0,1.0,0.0,0.0,0.0,0.0,1.0,0.393939393939394,0.45833333333333326,0.21455289713415707,1
0.7059613126314263,0.47403795200027954,0.5354656364574275,0.0,1.0,0.4285714285714286,0.5,2022,5,0.3999,0.0,1.0,0.0,1.0,0.0,0.0,0.0,0.0,1.0,0.0,0.0,1.0,0.0,0.0,0.0,0.0,1.0,0.393939393939394,0.45833333333333326,0.2436929589308451,1
0.38823676709842325,0.47403795200027954,0.5354656364574275,1.0000000000000004,0.0,0.4285714285714286,0.5,2025,3,0.3999,0.0,0.0,1.0,1.0,0.0,0.0,0.0,0.0,1.0,0.0,0.0,1.0,0.0,0.0,0.0,0.0,1.0,0.393939393939394,0.45833333333333326,0.6427439125168093,1
0.38823676709842325,0.47403795200027954,0.5354656364574275,0.0,1.0,0.4285714285714286,0.5,2020,3,0.3999,0.0,1.0,0.0,0.0,0.0,1.0,1.0,0.0,0.0,0.0,1.0,0.0,0.0,0.0,0.0,1.0,0.0,0.393939393939394,0.45833333333333326,0.5826050444903135,1
0.7059613126314263,0.447517537800759,0.5354656364574275,0.0,0.0,0.4285714285714286,0.5,2020,1,0.2057,1.0,0.0,0.0,0.0,0.0,1.0,0.0,0.0,1.0,0.0,0.0,0.0,1.0,0.0,0.0,1.0,0.0,0.393939393939394,0.45833333333333326,0.2436929589308451,0
0.7059613126314263,0.47403795200027954,0.5354656364574275,0.0,0.0,0.4285714285714286,0.5,2025,1,0.102,0.0,0.0,1.0,1.0,0.0,0.0,0.0,0.0,0.0,1.0,0.0,1.0,0.0,0.0,0.0,1.0,0.0,0.393939393939394,0.45833333333333326,0.2436929589308451,1
0.7059613126314263,0.47403795200027954,0.5354656364574275,0.0,0.0,0.17142857142857149,0.625,2021,3,0.185,1.0,0.0,0.0,1.0,0.0,0.0,0.0,0.0,1.0,0.0,1.0,0.0,0.0,0.0,0.0,1.0,0.0,0.16161616161616163,0.4027777777777779,0.2436929589308451,1
0.7059613126314263,0.447517537800759,0.5354656364574275,1.0000000000000004,0.0,0.4285714285714286,0.5,2020,3,0.2057,0.0,1.0,0.0,0.0,1.0,0.0,1.0,0.0,0.0,0.0,0.0,0.0,1.0,1.0,0.0,0.0,0.0,0.393939393939394,0.45833333333333326,0.29887056355028807,0
0.38823676709842325,0.47403795200027954,0.5354656364574275,0.0,1.0,0.4285714285714286,0.5,2024,7,0.3999,0.0,0.0,1.0,1.0,0.0,0.0,1.0,0.0,0.0,0.0,1.0,0.0,0.0,0.0,1.0,0.0,0.0,0.393939393939394,0.45833333333333326,0.5826050444903135,0
0.7059613126314263,0.447517537800759,0.5354656364574275,0.0,0.0,0.4285714285714286,0.5,2020,7,0.2057,0.0,1.0,0.0,1.0,0.0,0.0,0.0,0.0,1.0,0.0,0.0,1.0,0.0,0.0,0.0,1.0,0.0,0.393939393939394,0.45833333333333326,0.2436929589308451,0
0.38823676709842325,0.447517537800759,0.5354656364574275,0.0,0.0,0.7857142857142856,0.75,2024,9,0.2057,0.0,0.0,1.0,1.0,0.0,0.0,1.0,0.0,0.0,0.0,0.0,1.0,0.0,0.0,0.0,0.0,1.0,0.5454545454545455,0.7708333333333333,0.5826050444903135,0
0.7059613126314263,0.5000000000000004,0.5354656364574275,0.0,0.0,0.4285714285714286,0.5,2025,2,0.3999,1.0,0.0,0.0,0.0,1.0,0.0,0.0,0.0,1.0,0.0,1.0,0.0,0.0,0.0,0.0,0.0,1.0,0.393939393939394,0.45833333333333326,0.2436929589308451,1
0.7059613126314263,0.7248301433933961,0.8247618112730857,0.0,1.0,0.7,0.9000000000000004,2024,4,0.1074,1.0,0.0,0.0,0.0,0.0,1.0,0.0,1.0,0.0,0.0,0.0,0.0,1.0,0.0,1.0,0.0,0.0,0.42424242424242425,0.8124999999999998,0.2436929589308451,1
0.8388082167694871,0.447517537800759,0.5354656364574275,0.0,1.0,0.4285714285714286,0.5,2021,10,0.2057,1.0,0.0,0.0,0.0,1.0,0.0,0.0,0.0,1.0,0.0,0.0,1.0,0.0,0.0,1.0,0.0,0.0,0.393939393939394,0.45833333333333326,0.12401564075308605,0
0.6596842761989657,0.447517537800759,0.5354656364574275,0.0,0.0,0.4285714285714286,0.5,2022,10,0.1074,0.0,1.0,0.0,0.0,0.0,1.0,0.0,0.0,0.0,1.0,0.0,0.0,1.0,0.0,0.0,0.0,1.0,0.393939393939394,0.45833333333333326,0.28844180225299054,0
0.6596842761989657,0.47403795200027954,0.5354656364574275,1.0000000000000004,1.0,0.4285714285714286,0.5,2022,10,0.185,0.0,0.0,1.0,1.0,0.0,0.0,0.0,0.0,1.0,0.0,0.0,1.0,0.0,0.0,0.0,0.0,1.0,0.393939393939394,0.45833333333333326,0.34478095320423274,0
0.7059613126314263,0.8195761899789775,0.5354656364574275,0.0,0.0,0.4285714285714286,0.5,2021,10,0.102,0.0,0.0,1.0,1.0,0.0,0.0,0.0,1.0,0.0,0.0,0.0,0.0,1.0,1.0,0.0,0.0,0.0,0.393939393939394,0.45833333333333326,0.2436929589308451,1
0.7824103183150795,0.47403795200027954,0.5354656364574275,0.0,0.0,0.4285714285714286,0.5,2025,8,0.3999,1.0,0.0,0.0,0.0,1.0,0.0,0.0,0.0,1.0,0.0,0.0,1.0,0.0,0.0,0.0,0.0,1.0,0.393939393939394,0.45833333333333326,0.17313381693596927,1
0.38823676709842325,0.447517537800759,0.5354656364574275,0.0,0.0,0.4285714285714286,0.5,2020,8,0.3999,0.0,0.0,1.0,0.0,0.0,1.0,0.0,1.0,0.0,0.0,0.0,1.0,0.0,0.0,0.0,0.0,1.0,0.393939393939394,0.45833333333333326,0.5826050444903135,1
0.38823676709842325,0.447517537800759,0.5354656364574275,1.0000000000000004,0.0,0.4285714285714286,0.5,2022,10,0.102,0.0,0.0,1.0,1.0,0.0,0.0,0.0,0.0,1.0,0.0,0.0,1.0,0.0,0.0,0.0,0.0,1.0,0.393939393939394,0.45833333333333326,0.6427439125168093,0
0.6596842761989657,0.47403795200027954,0.5354656364574275,0.0,0.0,0.8999999999999999,0.3500000000000001,2021,5,0.2057,0.0,1.0,0.0,0.0,0.0,1.0,0.0,1.0,0.0,0.0,1.0,0.0,0.0,0.0,1.0,0.0,0.0,0.787878787878788,0.6041666666666667,0.28844180225299054,0
0.6596842761989657,0.6900911776928242,0.26280864795822545,0.0,1.0,0.4285714285714286,0.5,2024,12,0.3999,0.0,0.0,1.0,0.0,1.0,0.0,0.0,1.0,0.0,0.0,0.0,1.0,0.0,0.0,1.0,0.0,0.0,0.393939393939394,0.45833333333333326,0.28844180225299054,1
0.6596842761989657,0.47403795200027954,0.7559819110879777,0.0,0.0,0.4285714285714286,0.5,2023,7,0.3999,1.0,0.0,0.0,0.0,1.0,0.0,1.0,0.0,0.0,0.0,1.0,0.0,0.0,0.0,0.0,0.0,1.0,0.393939393939394,0.45833333333333326,0.28844180225299054,0
0.6596842761989657,0.447517537800759,0.5354656364574275,0.0,0.0,0.4285714285714286,0.5,2021,8,0.3999,1.0,0.0,0.0,0.0,1.0,0.0,1.0,0.0,0.0,0.0,0.0,1.0,0.0,1.0,0.0,0.0,0.0,0.393939393939394,0.45833333333333326,0.28844180225299054,0
0.38823676709842325,0.47403795200027954,0.5354656364574275,1.0000000000000004,1.0,0.4285714285714286,0.5,2024,11,0.3999,1.0,0.0,0.0,0.0,0.0,1.0,0.0,0.0,0.0,1.0,0.0,1.0,0.0,1.0,0.0,0.0,0.0,0.393939393939394,0.45833333333333326,0.6427439125168093,0
0.6596842761989657,0.47403795200027954,0.7908826781462572,1.0000000000000004,0.0,0.7428571428571429,0.6750000000000003,2023,12,0.185,1.0,0.0,0.0,0.0,1.0,0.0,1.0,0.0,0.0,0.0,1.0,0.0,0.0,0.0,0.0,0.0,1.0,0.5454545454545455,0.7083333333333333,0.34478095320423274,0
0.38823676709842325,0.9439379947033202,0.5496677092603841,0.0,0.0,0.4285714285714286,0.5,2020,7,0.3999,1.0,0.0,0.0,0.0,1.0,0.0,1.0,0.0,0.0,0.0,1.0,0.0,0.0,0.0,0.0,0.0,1.0,0.393939393939394,0.45833333333333326,0.5826050444903135,1
0.38823676709842325,0.447517537800759,0.5354656364574275,0.0,0.0,0.4285714285714286,0.5,2025,3,0.3999,0.0,0.0,1.0,0.0,1.0,0.0,0.0,1.0,0.0,0.0,0.0,1.0,0.0,0.0,1.0,0.0,0.0,0.393939393939394,0.45833333333333326,0.5826050444903135,0
0.9326008015387676,0.982752841496032,0.5354656364574275,0.0,1.0,0.4285714285714286,0.5,2021,7,0.3999,0.0,1.0,0.0,0.0,1.0,0.0,0.0,0.0,0.0,1.0,0.0,1.0,0.0,0.0,0.0,0.0,1.0,0.393939393939394,0.45833333333333326,0.04864299352087206,1
0.6596842761989657,0.47403795200027954,0.5354656364574275,0.0,0.0,0.4285714285714286,0.5,2021,7,0.2057,0.0,0.0,1.0,1.0,0.0,0.0,0.0,0.0,1.0,0.0,1.0,0.0,0.0,0.0,0.0,1.0,0.0,0.393939393939394,0.45833333333333326,0.28844180225299054,1
0.914278985733633,0.47403795200027954,0.0,0.0,1.0,0.4285714285714286,0.5,2024,10,0.3999,0.0,0.0,1.0,1.0,0.0,0.0,0.0,0.0,1.0,0.0,1.0,0.0,0.0,1.0,0.0,0.0,0.0,0.393939393939394,0.45833333333333326,0.06269645629323647,0
0.38823676709842325,0.21839069413287104,0.5354656364574275,0.0,0.0,0.4285714285714286,0.5,2022,12,0.2057,0.0,0.0,1.0,0.0,1.0,0.0,0.0,1.0,0.0,0.0,0.0,1.0,0.0,1.0,0.0,0.0,0.0,0.393939393939394,0.45833333333333326,0.5826050444903135,0
0.7059613126314263,0.47403795200027954,0.5354656364574275,1.0000000000000004,0.0,0.5571428571428572,0.27500000000000013,2020,6,0.3999,0.0,0.0,1.0,1.0,0.0,0.0,0.0,0.0,1.0,0.0,0.0,1.0,0.0,0.0,0.0,0.0,1.0,0.5757575757575758,0.39583333333333326,0.29887056355028807,1
0.6596842761989657,0.47403795200027954,0.5354656364574275,0.0,1.0,0.24285714285714288,0.375,2022,8,0.1074,1.0,0.0,0.0,1.0,0.0,0.0,0.0,0.0,1.0,0.0,0.0,1.0,0.0,0.0,0.0,1.0,0.0,0.31313131313131315,0.2986111111111114,0.28844180225299054,1
0.9651638088320625,0.447517537800759,0.3158310975377949,0.0,0.0,0.4285714285714286,0.5,2023,1,0.2057,0.0,0.0,1.0,0.0,1.0,0.0,0.0,1.0,0.0,0.0,0.0,1.0,0.0,1.0,0.0,0.0,0.0,0.393939393939394,0.45833333333333326,0.02452710764844343,0
0.9412116988066711,0.47403795200027954,0.5354656364574275,0.0,0.0,0.4285714285714286,0.5,2023,6,0.1074,1.0,0.0,0.0,0.0,1.0,0.0,0.0,0.0,1.0,0.0,1.0,0.0,0.0,0.0,0.0,0.0,1.0,0.393939393939394,0.45833333333333326,0.04215716196572636,0
0.38823676709842325,0.447517537800759,0.5354656364574275,0.0,1.0,0.4285714285714286,0.5,2025,1,0.2057,0.0,0.0,1.0,0.0,1.0,0.0,0.0,0.0,1.0,0.0,1.0,0.0,0.0,1.0,0.0,0.0,0.0,0.393939393939394,0.45833333333333326,0.5826050444903135,1
0.7059613126314263,0.47403795200027954,0.5354656364574275,0.0,0.0,0.9285714285714288,0.050000000000000044,2024,2,0.1074,0.0,1.0,0.0,1.0,0.0,0.0,0.0,1.0,0.0,0.0,0.0,0.0,1.0,0.0,0.0,0.0,1.0,0.9292929292929294,0.45138888888888906,0.2436929589308451,1
0.38823676709842325,0.447517537800759,0.5354656364574275,0.0,0.0,0.4285714285714286,0.5,2020,3,0.3999,0.0,0.0,1.0,1.0,0.0,0.0,1.0,0.0,0.0,0.0,0.0,1.0,0.0,1.0,0.0,0.0,0.0,0.393939393939394,0.45833333333333326,0.5826050444903135,1
0.38823676709842325,0.47403795200027954,0.5354656364574275,0.0,0.0,0.4285714285714286,0.5,2023,8,0.3999,0.0,1.0,0.0,0.0,1.0,0.0,1.0,0.0,0.0,0.0,1.0,0.0,0.0,0.0,1.0,0.0,0.0,0.393939393939394,0.45833333333333326,0.5826050444903135,1
0.9574702527640595,0.447517537800759,0.5354656364574275,0.0,0.0,0.9714285714285715,0.20000000000000018,2023,11,0.3999,0.0,0.0,1.0,0.0,1.0,0.0,1.0,0.0,0.0,0.0,1.0,0.0,0.0,0.0,0.0,0.0,1.0,0.8989898989898991,0.5555555555555556,0.03012325661296264,0
0.7059613126314263,0.21839069413287104,0.5354656364574275,0.0,0.0,0.4285714285714286,0.5,2023,5,0.3999,0.0,1.0,0.0,0.0,0.0,1.0,0.0,0.0,0.0,1.0,0.0,1.0,0.0,0.0,0.0,0.0,1.0,0.393939393939394,0.45833333333333326,0.2436929589308451,1
0.6596842761989657,0.447517537800759,0.5354656364574275,0.0,0.0,0.4285714285714286,0.5,2022,5,0.1074,0.0,1.0,0.0,0.0,1.0,0.0,0.0,0.0,1.0,0.0,0.0,0.0,1.0,0.0,0.0,0.0,1.0,0.393939393939394,0.45833333333333326,0.28844180225299054,0
0.38823676709842325,0.47403795200027954,0.9807086465701493,0.0,0.0,0.4285714285714286,0.5,2024,8,0.3999,1.0,0.0,0.0,0.0,1.0,0.0,0.0,0.0,1.0,0.0,0.0,1.0,0.0,1.0,0.0,0.0,0.0,0.393939393939394,0.45833333333333326,0.5826050444903135,0
0.6596842761989657,0.447517537800759,0.5354656364574275,0.0,0.0,0.4285714285714286,0.5,2023,8,0.2057,0.0,0.0,1.0,0.0,1.0,0.0,1.0,0.0,0.0,0.0,0.0,1.0,0.0,1.0,0.0,0.0,0.0,0.393939393939394,0.45833333333333326,0.28844180225299054,0
0.6596842761989657,0.447517537800759,0.5354656364574275,1.0000000000000004,0.0,0.4285714285714286,0.5,2022,5,0.2057,0.0,0.0,1.0,1.0,0.0,0.0,1.0,0.0,0.0,0.0,1.0,0.0,0.0,0.0,1.0,0.0,0.0,0.393939393939394,0.45833333333333326,0.34478095320423274,1
0.8519443031609923,0.47403795200027954,0.5354656364574275,0.0,0.0,0.4285714285714286,0.5,2021,9,0.102,0.0,0.0,1.0,0.0,1.0,0.0,1.0,0.0,0.0,0.0,1.0,0.0,0.0,0.0,0.0,1.0,0.0,0.393939393939394,0.45833333333333326,0.11296442566883733,1
0.38823676709842325,0.47403795200027954,0.08739654977087685,0.0,0.0,0.4571428571428573,0.15000000000000013,2020,10,0.185,1.0,0.0,0.0,1.0,0.0,0.0,0.0,1.0,0.0,0.0,0.0,1.0,0.0,0.0,0.0,1.0,0.0,0.5555555555555557,0.2777777777777779,0.5826050444903135,1
0.6596842761989657,0.47403795200027954,0.5354656364574275,1.0000000000000004,1.0,0.4285714285714286,0.5,2020,8,0.3999,0.0,0.0,1.0,0.0,1.0,0.0,1.0,0.0,0.0,0.0,0.0,0.0,1.0,0.0,0.0,1.0,0.0,0.393939393939394,0.45833333333333326,0.34478095320423274,0
0.38823676709842325,0.47403795200027954,0.5354656364574275,0.0,0.0,0.4285714285714286,0.5,2022,4,0.3999,1.0,0.0,0.0,1.0,0.0,0.0,0.0,0.0,0.0,1.0,0.0,1.0,0.0,0.0,1.0,0.0,0.0,0.393939393939394,0.45833333333333326,0.5826050444903135,0
0.6596842761989657,0.7544441295584741,0.12873860205784737,0.0,0.0,0.4285714285714286,0.5,2023,7,0.2057,1.0,0.0,0.0,1.0,0.0,0.0,0.0,1.0,0.0,0.0,0.0,0.0,1.0,0.0,0.0,1.0,0.0,0.393939393939394,0.45833333333333326,0.28844180225299054,0
0.6596842761989657,0.47403795200027954,0.5354656364574275,1.0000000000000004,1.0,0.4285714285714286,0.5,2020,5,0.2057,0.0,0.0,1.0,0.0,1.0,0.0,1.0,0.0,0.0,0.0,0.0,0.0,1.0,0.0,0.0,0.0,1.0,0.393939393939394,0.45833333333333326,0.34478095320423274,1
0.38823676709842325,0.447517537800759,0.5354656364574275,0.0,0.0,0.4285714285714286,0.5,2023,8,0.102,0.0,0.0,1.0,0.0,0.0,1.0,1.0,0.0,0.0,0.0,1.0,0.0,0.0,1.0,0.0,0.0,0.0,0.393939393939394,0.45833333333333326,0.5826050444903135,1
0.7059613126314263,0.37007449771766865,0.5354656364574275,0.0,1.0,0.18571428571428572,0.25,2021,8,0.185,0.0,1.0,0.0,0.0,0.0,1.0,0.0,0.0,0.0,1.0,1.0,0.0,0.0,0.0,0.0,0.0,1.0,0.32323232323232326,0.20138888888888906,0.2436929589308451,0
0.7059613126314263,0.7792735267204169,0.5354656364574275,1.0000000000000004,0.0,0.4285714285714286,0.5,2024,6,0.2057,0.0,0.0,1.0,0.0,1.0,0.0,0.0,0.0,1.0,0.0,0.0,1.0,0.0,0.0,0.0,0.0,1.0,0.393939393939394,0.45833333333333326,0.29887056355028807,1
0.6596842761989657,0.47403795200027954,0.5354656364574275,0.0,0.0,0.4285714285714286,0.5,2025,8,0.1074,0.0,1.0,0.0,0.0,1.0,0.0,1.0,0.0,0.0,0.0,0.0,1.0,0.0,0.0,0.0,0.0,1.0,0.393939393939394,0.45833333333333326,0.28844180225299054,1
0.8199546729298165,0.47403795200027954,0.16865477869575418,0.0,0.0,0.4285714285714286,0.5,2023,9,0.3999,0.0,0.0,1.0,0.0,0.0,1.0,0.0,1.0,0.0,0.0,1.0,0.0,0.0,0.0,0.0,1.0,0.0,0.393939393939394,0.45833333333333326,0.1401398181181376,0
0.7059613126314263,0.185679181103799,0.6953683552165835,1.0000000000000004,0.0,0.4285714285714286,0.5,2021,11,0.2057,0.0,0.0,1.0,0.0,0.0,1.0,1.0,0.0,0.0,0.0,0.0,1.0,0.0,0.0,0.0,0.0,1.0,0.393939393939394,0.45833333333333326,0.29887056355028807,1
0.38823676709842325,0.47403795200027954,0.3665306363799026,0.0,1.0,0.4285714285714286,0.5,2024,7,0.2057,0.0,1.0,0.0,0.0,0.0,1.0,1.0,0.0,0.0,0.0,1.0,0.0,0.0,0.0,0.0,0.0,1.0,0.393939393939394,0.45833333333333326,0.5826050444903135,0
0.7059613126314263,0.47403795200027954,0.5354656364574275,0.0,1.0,0.4285714285714286,0.5,2021,4,0.102,0.0,0.0,1.0,0.0,0.0,1.0,0.0,0.0,1.0,0.0,1.0,0.0,0.0,0.0,1.0,0.0,0.0,0.393939393939394,0.45833333333333326,0.2436929589308451,1
0.38823676709842325,0.447517537800759,0.3329788839402372,0.0,1.0,0.4285714285714286,0.5,2022,12,0.3999,0.0,1.0,0.0,0.0,1.0,0.0,1.0,0.0,0.0,0.0,1.0,0.0,0.0,0.0,0.0,0.0,1.0,0.393939393939394,0.45833333333333326,0.5826050444903135,1
0.38823676709842325,0.447517537800759,0.5354656364574275,0.0,0.0,0.4285714285714286,0.5,2025,3,0.185,0.0,0.0,1.0,1.0,0.0,0.0,0.0,0.0,1.0,0.0,0.0,1.0,0.0,0.0,0.0,1.0,0.0,0.393939393939394,0.45833333333333326,0.5826050444903135,0
0.6596842761989657,0.47403795200027954,0.5354656364574275,0.0,0.0,0.4285714285714286,0.5,2024,8,0.3999,0.0,0.0,1.0,1.0,0.0,0.0,0.0,0.0,0.0,1.0,1.0,0.0,0.0,0.0,1.0,0.0,0.0,0.393939393939394,0.45833333333333326,0.28844180225299054,1
0.6974630051635802,0.9367475852276459,0.5354656364574275,0.0,0.0,0.07142857142857162,0.5750000000000002,2024,8,0.102,1.0,0.0,0.0,1.0,0.0,0.0,0.0,0.0,0.0,1.0,1.0,0.0,0.0,0.0,0.0,1.0,0.0,0.11111111111111112,0.32638888888888906,0.25179922909303964,0
0.0,0.47403795200027954,0.5354656364574275,0.0,0.0,0.4285714285714286,0.5,2023,2,0.1074,1.0,0.0,0.0,0.0,0.0,1.0,0.0,0.0,0.0,1.0,1.0,0.0,0.0,0.0,0.0,0.0,1.0,0.393939393939394,0.45833333333333326,0.9387591798167269,0
0.7059613126314263,0.47403795200027954,0.3329788839402372,0.0,0.0,0.4285714285714286,0.5,2022,11,0.3999,1.0,0.0,0.0,0.0,0.0,1.0,0.0,0.0,0.0,1.0,0.0,0.0,1.0,0.0,0.0,0.0,1.0,0.393939393939394,0.45833333333333326,0.2436929589308451,1
0.4216379923242304,0.447517537800759,0.5354656364574275,0.0,0.0,0.4285714285714286,0.5,2021,2,0.102,0.0,0.0,1.0,1.0,0.0,0.0,0.0,0.0,0.0,1.0,0.0,1.0,0.0,1.0,0.0,0.0,0.0,0.393939393939394,0.45833333333333326,0.5428792661115055,1
0.7059613126314263,0.7751698566066048,0.5354656364574275,0.0,0.0,0.4285714285714286,0.5,2022,7,0.185,0.0,0.0,1.0,1.0,0.0,0.0,0.0,0.0,1.0,0.0,0.0,1.0,0.0,0.0,0.0,1.0,0.0,0.393939393939394,0.45833333333333326,0.2436929589308451,1
0.8519443031609923,0.447517537800759,0.5354656364574275,0.0,0.0,0.4285714285714286,0.5,2022,12,0.2057,1.0,0.0,0.0,0.0,1.0,0.0,1.0,0.0,0.0,0.0,0.0,1.0,0.0,1.0,0.0,0.0,0.0,0.393939393939394,0.45833333333333326,0.11296442566883733,0
0.38823676709842325,0.47403795200027954,0.5354656364574275,1.0000000000000004,0.0,0.4285714285714286,0.5,2022,3,0.2057,0.0,0.0,1.0,0.0,0.0,1.0,0.0,0.0,1.0,0.0,0.0,1.0,0.0,0.0,0.0,0.0,1.0,0.393939393939394,0.45833333333333326,0.6427439125168093,0
0.7059613126314263,0.47403795200027954,0.5354656364574275,0.0,0.0,0.4285714285714286,0.5,2020,1,0.2057,0.0,1.0,0.0,1.0,0.0,0.0,1.0,0.0,0.0,0.0,0.0,1.0,0.0,0.0,0.0,1.0,0.0,0.393939393939394,0.45833333333333326,0.2436929589308451,1
0.38823676709842325,0.47403795200027954,0.5354656364574275,0.0,0.0,0.4285714285714286,0.5,2024,10,0.1074,0.0,1.0,0.0,0.0,0.0,1.0,0.0,0.0,1.0,0.0,1.0,0.0,0.0,0.0,0.0,0.0,1.0,0.393939393939394,0.45833333333333326,0.5826050444903135,1
0.4216379923242304,0.3870837567839951,0.08739654977087685,0.0,0.0,0.4285714285714286,0.5,2020,3,0.3999,1.0,0.0,0.0,0.0,0.0,1.0,0.0,1.0,0.0,0.0,0.0,1.0,0.0,0.0,0.0,0.0,1.0,0.393939393939394,0.45833333333333326,0.5428792661115055,0
0.6596842761989657,0.47403795200027954,0.5354656364574275,0.0,0.0,0.4285714285714286,0.5,2020,6,0.2057,0.0,1.0,0.0,0.0,1.0,0.0,0.0,0.0,1.0,0.0,0.0,1.0,0.0,0.0,0.0,0.0,1.0,0.393939393939394,0.45833333333333326,0.28844180225299054,0
0.38823676709842325,0.447517537800759,0.5354656364574275,0.0,1.0,0.4285714285714286,0.5,2020,5,0.3999,0.0,1.0,0.0,0.0,0.0,1.0,0.0,1.0,0.0,0.0,1.0,0.0,0.0,0.0,1.0,0.0,0.0,0.393939393939394,0.45833333333333326,0.5826050444903135,0
0.7059613126314263,0.0747593573455676,0.6047950046859647,0.0,0.0,0.4285714285714286,0.5,2023,11,0.3999,0.0,1.0,0.0,0.0,0.0,1.0,0.0,1.0,0.0,0.0,1.0,0.0,0.0,0.0,0.0,0.0,1.0,0.393939393939394,0.45833333333333326,0.2436929589308451,1
0.6596842761989657,0.7833635859630843,0.5354656364574275,0.0,0.0,0.4285714285714286,0.5,2024,11,0.185,1.0,0.0,0.0,0.0,1.0,0.0,1.0,0.0,0.0,0.0,1.0,0.0,0.0,0.0,0.0,0.0,1.0,0.393939393939394,0.45833333333333326,0.28844180225299054,0
0.8683052090642308,0.447517537800759,0.5354656364574275,0.0,0.0,0.4571428571428573,0.20000000000000018,2022,5,0.3999,0.0,1.0,0.0,0.0,0.0,1.0,0.0,1.0,0.0,0.0,0.0,0.0,1.0,0.0,0.0,1.0,0.0,0.5353535353535355,0.3055555555555556,0.09941696283721821,1
0.6596842761989657,0.47403795200027954,0.5354656364574275,0.0,0.0,0.4285714285714286,0.5,2022,4,0.3999,0.0,0.0,1.0,0.0,0.0,1.0,0.0,0.0,0.0,1.0,1.0,0.0,0.0,0.0,0.0,0.0,1.0,0.393939393939394,0.45833333333333326,0.28844180225299054,1
0.38823676709842325,0.9222397504666229,0.5354656364574275,0.0,1.0,0.4285714285714286,0.5,2025,8,0.2057,0.0,1.0,0.0,1.0,0.0,0.0,1.0,0.0,0.0,0.0,0.0,0.0,1.0,0.0,1.0,0.0,0.0,0.393939393939394,0.45833333333333326,0.5826050444903135,0
0.38823676709842325,0.447517537800759,0.5354656364574275,0.0,1.0,0.4285714285714286,0.5,2022,9,0.185,1.0,0.0,0.0,0.0,1.0,0.0,0.0,1.0,0.0,0.0,1.0,0.0,0.0,0.0,1.0,0.0,0.0,0.393939393939394,0.45833333333333326,0.5826050444903135,1
0.6596842761989657,0.447517537800759,0.5354656364574275,1.0000000000000004,0.0,0.4285714285714286,0.5,2021,6,0.1074,1.0,0.0,0.0,0.0,1.0,0.0,0.0,0.0,1.0,0.0,1.0,0.0,0.0,0.0,0.0,1.0,0.0,0.393939393939394,0.45833333333333326,0.34478095320423274,1
0.7059613126314263,0.47403795200027954,0.5354656364574275,0.0,1.0,0.4285714285714286,0.5,2021,10,0.1074,0.0,1.0,0.0,0.0,0.0,1.0,0.0,0.0,1.0,0.0,1.0,0.0,0.0,0.0,1.0,0.0,0.0,0.393939393939394,0.45833333333333326,0.2436929589308451,1
0.38823676709842325,0.7075829848894277,0.08739654977087685,0.0,0.0,0.4285714285714286,0.5,2021,2,0.2057,1.0,0.0,0.0,1.0,0.0,0.0,1.0,0.0,0.0,0.0,0.0,1.0,0.0,0.0,1.0,0.0,0.0,0.393939393939394,0.45833333333333326,0.5826050444903135,1
0.7059613126314263,0.47403795200027954,0.5354656364574275,0.0,1.0,0.8142857142857145,0.4750000000000001,2022,3,0.3999,0.0,0.0,1.0,0.0,0.0,1.0,1.0,0.0,0.0,0.0,0.0,0.0,1.0,0.0,1.0,0.0,0.0,0.6767676767676769,0.6319444444444444,0.2436929589308451,1
0.7059613126314263,0.37007449771766865,0.5354656364574275,1.0000000000000004,0.0,0.4285714285714286,0.5,2022,6,0.3999,0.0,1.0,0.0,0.0,1.0,0.0,0.0,0.0,1.0,0.0,0.0,1.0,0.0,0.0,0.0,0.0,1.0,0.393939393939394,0.45833333333333326,0.29887056355028807,0
0.8907403066013384,0.958194242861167,0.5354656364574275,0.0,0.0,0.4285714285714286,0.5,2024,11,0.3999,0.0,1.0,0.0,0.0,1.0,0.0,1.0,0.0,0.0,0.0,0.0,1.0,0.0,0.0,0.0,0.0,1.0,0.393939393939394,0.45833333333333326,0.08124334521593937,0
0.38823676709842325,0.447517537800759,0.5354656364574275,0.0,1.0,0.4285714285714286,0.5,2023,5,0.3999,1.0,0.0,0.0,1.0,0.0,0.0,1.0,0.0,0.0,0.0,1.0,0.0,0.0,0.0,0.0,1.0,0.0,0.393939393939394,0.45833333333333326,0.5826050444903135,1
0.7059613126314263,0.47403795200027954,0.5354656364574275,0.0,0.0,0.4285714285714286,0.5,2025,3,0.102,0.0,0.0,1.0,0.0,1.0,0.0,1.0,0.0,0.0,0.0,0.0,0.0,1.0,0.0,0.0,0.0,1.0,0.393939393939394,0.45833333333333326,0.2436929589308451,1
0.38823676709842325,0.47403795200027954,0.5354656364574275,0.0,1.0,0.4285714285714286,0.5,2023,11,0.3999,0.0,0.0,1.0,1.0,0.0,0.0,1.0,0.0,0.0,0.0,0.0,1.0,0.0,0.0,0.0,1.0,0.0,0.393939393939394,0.45833333333333326,0.5826050444903135,0
0.38823676709842325,0.47403795200027954,0.5354656364574275,0.0,0.0,0.4285714285714286,0.5,2023,5,0.3999,1.0,0.0,0.0,0.0,1.0,0.0,0.0,0.0,1.0,0.0,0.0,1.0,0.0,0.0,0.0,0.0,1.0,0.393939393939394,0.45833333333333326,0.5826050444903135,1
0.5384272503221113,0.33533553201709676,0.4617174859980837,0.0,0.0,0.4285714285714286,0.5,2025,3,0.1074,0.0,0.0,1.0,1.0,0.0,0.0,0.0,0.0,0.0,1.0,1.0,0.0,0.0,0.0,0.0,1.0,0.0,0.393939393939394,0.45833333333333326,0.41264408810387754,0
0.38823676709842325,0.47403795200027954,0.5354656364574275,0.0,0.0,0.4285714285714286,0.5,2021,8,0.185,1.0,0.0,0.0,0.0,1.0,0.0,0.0,0.0,1.0,0.0,1.0,0.0,0.0,1.0,0.0,0.0,0.0,0.393939393939394,0.45833333333333326,0.5826050444903135,1
0.7059613126314263,0.933136596611694,0.5354656364574275,0.0,0.0,0.4285714285714286,0.5,2021,3,0.2057,0.0,1.0,0.0,0.0,1.0,0.0,0.0,0.0,0.0,1.0,1.0,0.0,0.0,0.0,0.0,1.0,0.0,0.393939393939394,0.45833333333333326,0.2436929589308451,1
0.38823676709842325,0.447517537800759,0.5354656364574275,0.0,0.0,0.4285714285714286,0.5,2023,6,0.3999,0.0,0.0,1.0,1.0,0.0,0.0,0.0,0.0,1.0,0.0,1.0,0.0,0.0,0.0,0.0,1.0,0.0,0.393939393939394,0.45833333333333326,0.5826050444903135,0
0.6596842761989657,0.447517537800759,0.5354656364574275,1.0000000000000004,0.0,0.4285714285714286,0.5,2021,5,0.3999,1.0,0.0,0.0,0.0,1.0,0.0,1.0,0.0,0.0,0.0,0.0,1.0,0.0,1.0,0.0,0.0,0.0,0.393939393939394,0.45833333333333326,0.34478095320423274,0
0.6596842761989657,0.447517537800759,0.20724016540637713,0.0,0.0,0.4285714285714286,0.5,2025,7,0.102,0.0,1.0,0.0,1.0,0.0,0.0,0.0,0.0,1.0,0.0,1.0,0.0,0.0,1.0,0.0,0.0,0.0,0.393939393939394,0.45833333333333326,0.28844180225299054,1
0.6596842761989657,0.47403795200027954,0.5354656364574275,0.0,0.0,0.4285714285714286,0.5,2020,8,0.185,0.0,0.0,1.0,0.0,0.0,1.0,1.0,0.0,0.0,0.0,0.0,1.0,0.0,0.0,0.0,1.0,0.0,0.393939393939394,0.45833333333333326,0.28844180225299054,1
0.6596842761989657,0.47403795200027954,0.6953683552165835,1.0000000000000004,0.0,0.4285714285714286,0.5,2024,2,0.3999,0.0,1.0,0.0,1.0,0.0,0.0,0.0,1.0,0.0,0.0,1.0,0.0,0.0,0.0,0.0,1.0,0.0,0.393939393939394,0.45833333333333326,0.34478095320423274,1
0.6596842761989657,0.015318852041940723,0.5354656364574275,0.0,0.0,0.4285714285714286,0.5,2021,6,0.3999,1.0,0.0,0.0,1.0,0.0,0.0,0.0,0.0,1.0,0.0,0.0,0.0,1.0,0.0,1.0,0.0,0.0,0.393939393939394,0.45833333333333326,0.28844180225299054,0
0.38823676709842325,0.47403795200027954,0.5354656364574275,0.0,1.0,0.4285714285714286,0.5,2024,6,0.3999,0.0,1.0,0.0,0.0,0.0,1.0,0.0,0.0,1.0,0.0,1.0,0.0,0.0,0.0,0.0,1.0,0.0,0.393939393939394,0.45833333333333326,0.5826050444903135,0
0.9574702527640595,0.7248301433933961,0.5354656364574275,0.0,0.0,0.4285714285714286,0.5,2021,3,0.2057,0.0,0.0,1.0,1.0,0.0,0.0,0.0,0.0,0.0,1.0,0.0,0.0,1.0,1.0,0.0,0.0,0.0,0.393939393939394,0.45833333333333326,0.03012325661296264,1
0.38823676709842325,0.47403795200027954,0.5354656364574275,0.0,1.0,0.4285714285714286,0.5,2021,1,0.1074,0.0,1.0,0.0,1.0,0.0,0.0,0.0,1.0,0.0,0.0,1.0,0.0,0.0,0.0,0.0,1.0,0.0,0.393939393939394,0.45833333333333326,0.5826050444903135,1
0.38823676709842325,0.47403795200027954,0.5354656364574275,0.0,1.0,0.4285714285714286,0.5,2023,6,0.2057,0.0,1.0,0.0,1.0,0.0,0.0,1.0,0.0,0.0,0.0,0.0,1.0,0.0,0.0,0.0,0.0,1.0,0.393939393939394,0.45833333333333326,0.5826050444903135,1
0.7059613126314263,0.47403795200027954,0.5354656364574275,0.0,1.0,0.4285714285714286,0.5,2022,4,0.2057,1.0,0.0,0.0,0.0,1.0,0.0,0.0,0.0,0.0,1.0,1.0,0.0,0.0,0.0,0.0,1.0,0.0,0.393939393939394,0.45833333333333326,0.2436929589308451,0
0.7059613126314263,0.447517537800759,0.2807540370648489,1.0000000000000004,0.0,0.4285714285714286,0.5,2021,6,0.102,0.0,1.0,0.0,0.0,1.0,0.0,0.0,1.0,0.0,0.0,0.0,1.0,0.0,1.0,0.0,0.0,0.0,0.393939393939394,0.45833333333333326,0.29887056355028807,1
0.7059613126314263,0.47403795200027954,0.5354656364574275,1.0000000000000004,0.0,0.4285714285714286,0.5,2025,6,0.3999,0.0,1.0,0.0,0.0,0.0,1.0,0.0,0.0,0.0,1.0,1.0,0.0,0.0,1.0,0.0,0.0,0.0,0.393939393939394,0.45833333333333326,0.29887056355028807,0
0.7059613126314263,0.47403795200027954,0.24458064270766489,0.0,1.0,0.4285714285714286,0.5,2022,8,0.3999,0.0,1.0,0.0,1.0,0.0,0.0,1.0,0.0,0.0,0.0,0.0,1.0,0.0,0.0,0.0,1.0,0.0,0.393939393939394,0.45833333333333326,0.2436929589308451,1
0.38823676709842325,0.47403795200027954,0.5354656364574275,0.0,1.0,0.4285714285714286,0.5,2020,10,0.185,0.0,0.0,1.0,1.0,0.0,0.0,0.0,0.0,1.0,0.0,1.0,0.0,0.0,0.0,0.0,0.0,1.0,0.393939393939394,0.45833333333333326,0.5826050444903135,0
0.8248240703312607,0.9862216250243363,0.5354656364574275,1.0000000000000004,0.0,0.4285714285714286,0.5,2023,6,0.3999,0.0,1.0,0.0,0.0,1.0,0.0,0.0,1.0,0.0,0.0,0.0,1.0,0.0,1.0,0.0,0.0,0.0,0.393939393939394,0.45833333333333326,0.18711670807330735,0
0.38823676709842325,0.447517537800759,0.5354656364574275,1.0000000000000004,0.0,0.4285714285714286,0.5,2024,3,0.3999,0.0,0.0,1.0,0.0,1.0,0.0,0.0,0.0,1.0,0.0,1.0,0.0,0.0,0.0,1.0,0.0,0.0,0.393939393939394,0.45833333333333326,0.6427439125168093,0
0.6596842761989657,0.47403795200027954,0.5354656364574275,1.0000000000000004,0.0,0.4285714285714286,0.5,2024,12,0.2057,1.0,0.0,0.0,0.0,1.0,0.0,0.0,0.0,1.0,0.0,1.0,0.0,0.0,1.0,0.0,0.0,0.0,0.393939393939394,0.45833333333333326,0.34478095320423274,0
0.6596842761989657,0.21839069413287104,0.5354656364574275,0.0,0.0,0.4285714285714286,0.5,2024,5,0.3999,0.0,1.0,0.0,0.0,0.0,1.0,1.0,0.0,0.0,0.0,0.0,0.0,1.0,0.0,0.0,0.0,1.0,0.393939393939394,0.45833333333333326,0.28844180225299054,1
0.9110688667928428,0.447517537800759,0.5354656364574275,0.0,0.0,0.4285714285714286,0.5,2021,11,0.102,0.0,1.0,0.0,0.0,0.0,1.0,0.0,0.0,1.0,0.0,1.0,0.0,0.0,1.0,0.0,0.0,0.0,0.393939393939394,0.45833333333333326,0.06519362749123594,1
0.6596842761989657,0.47403795200027954,0.5354656364574275,1.0000000000000004,0.0,0.9714285714285715,0.8500000000000001,2023,7,0.2057,1.0,0.0,0.0,0.0,1.0,0.0,1.0,0.0,0.0,0.0,0.0,1.0,0.0,1.0,0.0,0.0,0.0,0.6363636363636365,0.9166666666666667,0.34478095320423274,1
0.6596842761989657,0.447517537800759,0.5354656364574275,0.0,0.0,0.4285714285714286,0.5,2024,5,0.2057,0.0,0.0,1.0,0.0,1.0,0.0,0.0,0.0,1.0,0.0,1.0,0.0,0.0,1.0,0.0,0.0,0.0,0.393939393939394,0.45833333333333326,0.28844180225299054,0
0.6596842761989657,0.447517537800759,0.5354656364574275,0.0,0.0,0.4285714285714286,0.5,2020,6,0.102,0.0,1.0,0.0,1.0,0.0,0.0,1.0,0.0,0.0,0.0,0.0,0.0,1.0,0.0,0.0,0.0,1.0,0.393939393939394,0.45833333333333326,0.28844180225299054,1
0.38823676709842325,0.47403795200027954,0.5354656364574275,0.0,1.0,0.4285714285714286,0.5,2025,1,0.102,0.0,0.0,1.0,1.0,0.0,0.0,1.0,0.0,0.0,0.0,0.0,0.0,1.0,1.0,0.0,0.0,0.0,0.393939393939394,0.45833333333333326,0.5826050444903135,0
0.9326008015387676,0.47403795200027954,0.5354656364574275,0.0,0.0,0.4285714285714286,0.5,2025,1,0.1074,0.0,1.0,0.0,0.0,0.0,1.0,0.0,1.0,0.0,0.0,0.0,0.0,1.0,1.0,0.0,0.0,0.0,0.393939393939394,0.45833333333333326,0.04864299352087206,1
0.7059613126314263,0.8586032361019442,0.5354656364574275,0.0,1.0,0.4285714285714286,0.5,2024,6,0.3999,0.0,1.0,0.0,1.0,0.0,0.0,0.0,0.0,0.0,1.0,1.0,0.0,0.0,0.0,1.0,0.0,0.0,0.393939393939394,0.45833333333333326,0.2436929589308451,1
0.6596842761989657,0.47403795200027954,0.5354656364574275,0.0,0.0,0.4285714285714286,0.5,2025,3,0.185,0.0,1.0,0.0,0.0,1.0,0.0,0.0,0.0,0.0,1.0,0.0,0.0,1.0,0.0,0.0,1.0,0.0,0.393939393939394,0.45833333333333326,0.28844180225299054,0
0.5867777864565255,0.47403795200027954,0.5354656364574275,0.0,0.0,0.5428571428571429,0.3250000000000002,2025,4,0.3999,0.0,0.0,1.0,0.0,0.0,1.0,0.0,1.0,0.0,0.0,0.0,0.0,1.0,0.0,0.0,1.0,0.0,0.5454545454545455,0.41666666666666674,0.3619020902984019,1
0.7059613126314263,0.47403795200027954,0.5354656364574275,0.0,0.0,0.9142857142857141,0.9500000000000002,2023,11,0.2057,0.0,1.0,0.0,1.0,0.0,0.0,0.0,0.0,1.0,0.0,0.0,0.0,1.0,0.0,0.0,0.0,1.0,0.5555555555555557,0.9444444444444444,0.2436929589308451,1
0.7059613126314263,0.47403795200027954,0.476847824478952,0.0,0.0,0.4285714285714286,0.5,2022,4,0.1074,0.0,1.0,0.0,0.0,0.0,1.0,1.0,0.0,0.0,0.0,1.0,0.0,0.0,0.0,1.0,0.0,0.0,0.393939393939394,0.45833333333333326,0.2436929589308451,0
0.7059613126314263,0.47403795200027954,0.5354656364574275,0.0,0.0,0.4285714285714286,0.5,2025,5,0.102,0.0,1.0,0.0,0.0,1.0,0.0,0.0,1.0,0.0,0.0,0.0,0.0,1.0,0.0,0.0,0.0,1.0,0.393939393939394,0.45833333333333326,0.2436929589308451,0
0.9355092890383155,0.47403795200027954,0.49178292733284845,0.0,1.0,0.4285714285714286,0.5,2024,7,0.102,0.0,0.0,1.0,0.0,0.0,1.0,0.0,1.0,0.0,0.0,0.0,0.0,1.0,0.0,0.0,0.0,1.0,0.393939393939394,0.45833333333333326,0.04644367765757876,1
0.6596842761989657,0.447517537800759,0.5354656364574275,0.0,0.0,0.4285714285714286,0.5,2022,7,0.1074,1.0,0.0,0.0,1.0,0.0,0.0,1.0,0.0,0.0,0.0,0.0,1.0,0.0,0.0,0.0,0.0,1.0,0.393939393939394,0.45833333333333326,0.28844180225299054,0
0.7059613126314263,0.8392440986210983,0.9511550135177673,0.0,0.0,0.4285714285714286,0.5,2024,8,0.185,0.0,1.0,0.0,1.0,0.0,0.0,0.0,0.0,1.0,0.0,0.0,1.0,0.0,0.0,0.0,0.0,1.0,0.393939393939394,0.45833333333333326,0.2436929589308451,1
0.38823676709842325,0.447517537800759,0.5354656364574275,0.0,0.0,0.4285714285714286,0.5,2024,1,0.1074,0.0,0.0,1.0,0.0,1.0,0.0,0.0,0.0,1.0,0.0,0.0,1.0,0.0,0.0,0.0,0.0,1.0,0.393939393939394,0.45833333333333326,0.5826050444903135,0
0.8683052090642308,0.47403795200027954,0.5636976314849393,0.0,0.0,0.4285714285714286,0.5,2025,2,0.3999,0.0,0.0,1.0,0.0,0.0,1.0,0.0,0.0,1.0,0.0,0.0,0.0,1.0,0.0,1.0,0.0,0.0,0.393939393939394,0.45833333333333326,0.09941696283721821,0
0.9574702527640595,0.7248301433933961,0.5354656364574275,0.0,0.0,0.4285714285714286,0.5,2021,3,0.2057,0.0,0.0,1.0,1.0,0.0,0.0,0.0,0.0,0.0,1.0,0.0,0.0,1.0,1.0,0.0,0.0,0.0,0.393939393939394,0.45833333333333326,0.03012325661296264,1
0.7059613126314263,0.47403795200027954,0.5354656364574275,0.0,0.0,0.4285714285714286,0.5,2023,2,0.2057,0.0,0.0,1.0,1.0,0.0,0.0,0.0,1.0,0.0,0.0,0.0,1.0,0.0,0.0,0.0,0.0,1.0,0.393939393939394,0.45833333333333326,0.2436929589308451,0
0.7059613126314263,0.5000000000000004,0.5354656364574275,0.0,0.0,0.4285714285714286,0.5,2025,2,0.3999,1.0,0.0,0.0,0.0,1.0,0.0,0.0,0.0,1.0,0.0,1.0,0.0,0.0,0.0,0.0,0.0,1.0,0.393939393939394,0.45833333333333326,0.2436929589308451,1
0.7059613126314263,0.47403795200027954,0.5354656364574275,0.0,0.0,0.4285714285714286,0.5,2022,4,0.2057,1.0,0.0,0.0,0.0,1.0,0.0,0.0,0.0,1.0,0.0,1.0,0.0,0.0,1.0,0.0,0.0,0.0,0.393939393939394,0.45833333333333326,0.2436929589308451,0
0.38823676709842325,0.47403795200027954,0.5354656364574275,0.0,1.0,0.5,0.3250000000000002,2020,1,0.2057,0.0,1.0,0.0,0.0,1.0,0.0,0.0,0.0,1.0,0.0,1.0,0.0,0.0,0.0,1.0,0.0,0.0,0.5151515151515152,0.39583333333333326,0.5826050444903135,0
0.8046533244696281,0.47403795200027954,0.5354656364574275,0.0,0.0,0.4285714285714286,0.5,2021,3,0.1074,0.0,1.0,0.0,1.0,0.0,0.0,0.0,0.0,1.0,0.0,0.0,1.0,0.0,0.0,0.0,1.0,0.0,0.393939393939394,0.45833333333333326,0.15344736073036283,1
0.9412116988066711,0.47403795200027954,0.5354656364574275,0.0,1.0,0.4285714285714286,0.5,2023,10,0.185,1.0,0.0,0.0,0.0,1.0,0.0,0.0,0.0,0.0,1.0,0.0,0.0,1.0,0.0,0.0,0.0,1.0,0.393939393939394,0.45833333333333326,0.04215716196572636,0
0.5195737064824407,0.47403795200027954,0.5354656364574275,0.0,0.0,0.4285714285714286,0.5,2023,2,0.185,1.0,0.0,0.0,1.0,0.0,0.0,1.0,0.0,0.0,0.0,0.0,1.0,0.0,0.0,0.0,0.0,1.0,0.393939393939394,0.45833333333333326,0.4328924311374578,1
0.38823676709842325,0.34702426153413235,0.5354656364574275,0.0,0.0,0.4285714285714286,0.5,2022,9,0.102,0.0,1.0,0.0,0.0,1.0,0.0,0.0,0.0,1.0,0.0,0.0,1.0,0.0,0.0,0.0,1.0,0.0,0.393939393939394,0.45833333333333326,0.5826050444903135,1
0.6596842761989657,0.19886809539367523,0.5354656364574275,0.0,0.0,0.4285714285714286,0.5,2023,8,0.2057,0.0,1.0,0.0,1.0,0.0,0.0,0.0,0.0,0.0,1.0,1.0,0.0,0.0,0.0,0.0,0.0,1.0,0.393939393939394,0.45833333333333326,0.28844180225299054,0
0.38823676709842325,0.47403795200027954,0.5354656364574275,0.0,0.0,0.4285714285714286,0.5,2024,7,0.2057,0.0,0.0,1.0,0.0,0.0,1.0,1.0,0.0,0.0,0.0,1.0,0.0,0.0,0.0,0.0,1.0,0.0,0.393939393939394,0.45833333333333326,0.5826050444903135,1
0.38823676709842325,0.47403795200027954,0.5354656364574275,1.0000000000000004,0.0,0.4285714285714286,0.5,2020,12,0.3999,1.0,0.0,0.0,1.0,0.0,0.0,0.0,0.0,0.0,1.0,1.0,0.0,0.0,0.0,0.0,0.0,1.0,0.393939393939394,0.45833333333333326,0.6427439125168093,0
0.38823676709842325,0.447517537800759,0.5354656364574275,0.0,1.0,0.4285714285714286,0.5,2020,10,0.185,0.0,1.0,0.0,1.0,0.0,0.0,0.0,1.0,0.0,0.0,1.0,0.0,0.0,0.0,0.0,0.0,1.0,0.393939393939394,0.45833333333333326,0.5826050444903135,1
0.6596842761989657,0.47403795200027954,0.5354656364574275,0.0,0.0,0.4285714285714286,0.5,2022,7,0.3999,0.0,1.0,0.0,0.0,0.0,1.0,0.0,0.0,1.0,0.0,1.0,0.0,0.0,1.0,0.0,0.0,0.0,0.393939393939394,0.45833333333333326,0.28844180225299054,0
0.6596842761989657,0.47403795200027954,0.5354656364574275,0.0,0.0,0.4285714285714286,0.5,2020,2,0.3999,0.0,1.0,0.0,0.0,0.0,1.0,0.0,0.0,1.0,0.0,0.0,1.0,0.0,1.0,0.0,0.0,0.0,0.393939393939394,0.45833333333333326,0.28844180225299054,0
0.9467678767049003,0.47403795200027954,0.5354656364574275,0.0,1.0,0.4285714285714286,0.5,2020,6,0.3999,0.0,1.0,0.0,0.0,0.0,1.0,0.0,0.0,0.0,1.0,1.0,0.0,0.0,1.0,0.0,0.0,0.0,0.393939393939394,0.45833333333333326,0.038013274281466586,0
0.6596842761989657,0.47403795200027954,0.5354656364574275,0.0,1.0,0.4285714285714286,0.5,2025,2,0.2057,1.0,0.0,0.0,0.0,1.0,0.0,0.0,0.0,0.0,1.0,1.0,0.0,0.0,1.0,0.0,0.0,0.0,0.393939393939394,0.45833333333333326,0.28844180225299054,1
0.6379982859432912,0.47403795200027954,0.5354656364574275,1.0000000000000004,0.0,0.11428571428571432,0.5,2023,4,0.185,0.0,0.0,1.0,1.0,0.0,0.0,0.0,0.0,0.0,1.0,1.0,0.0,0.0,0.0,0.0,0.0,1.0,0.1717171717171717,0.3055555555555556,0.36673369844993287,0
0.38823676709842325,0.447517537800759,0.5354656364574275,0.0,1.0,0.4285714285714286,0.5,2024,10,0.2057,1.0,0.0,0.0,0.0,0.0,1.0,0.0,0.0,0.0,1.0,0.0,1.0,0.0,1.0,0.0,0.0,0.0,0.393939393939394,0.45833333333333326,0.5826050444903135,0
0.7059613126314263,0.447517537800759,0.5354656364574275,1.0000000000000004,1.0,0.4285714285714286,0.5,2025,8,0.3999,0.0,1.0,0.0,0.0,1.0,0.0,1.0,0.0,0.0,0.0,0.0,0.0,1.0,1.0,0.0,0.0,0.0,0.393939393939394,0.45833333333333326,0.29887056355028807,1
0.38823676709842325,0.47403795200027954,0.5354656364574275,0.0,0.0,0.4285714285714286,0.5,2022,10,0.2057,1.0,0.0,0.0,0.0,0.0,1.0,0.0,0.0,1.0,0.0,0.0,1.0,0.0,0.0,0.0,0.0,1.0,0.393939393939394,0.45833333333333326,0.5826050444903135,0
0.38823676709842325,0.179031446777127,0.5354656364574275,0.0,1.0,0.4285714285714286,0.5,2025,3,0.185,0.0,1.0,0.0,0.0,0.0,1.0,0.0,0.0,1.0,0.0,0.0,1.0,0.0,1.0,0.0,0.0,0.0,0.393939393939394,0.45833333333333326,0.5826050444903135,1
0.6596842761989657,0.525426709709921,0.4617174859980837,1.0000000000000004,0.0,0.4285714285714286,0.5,2022,4,0.2057,1.0,0.0,0.0,0.0,1.0,0.0,0.0,0.0,0.0,1.0,1.0,0.0,0.0,0.0,0.0,0.0,1.0,0.393939393939394,0.45833333333333326,0.34478095320423274,1
0.7059613126314263,0.47403795200027954,0.5354656364574275,0.0,0.0,0.4285714285714286,0.5,2020,1,0.2057,0.0,1.0,0.0,1.0,0.0,0.0,1.0,0.0,0.0,0.0,0.0,1.0,0.0,0.0,0.0,1.0,0.0,0.393939393939394,0.45833333333333326,0.2436929589308451,1
0.38823676709842325,0.447517537800759,0.5354656364574275,1.0000000000000004,0.0,0.4285714285714286,0.5,2021,9,0.1074,1.0,0.0,0.0,0.0,1.0,0.0,1.0,0.0,0.0,0.0,0.0,1.0,0.0,0.0,0.0,0.0,1.0,0.393939393939394,0.45833333333333326,0.6427439125168093,1
0.7059613126314263,0.47403795200027954,0.5354656364574275,0.0,1.0,0.4285714285714286,0.5,2025,5,0.3999,0.0,0.0,1.0,1.0,0.0,0.0,1.0,0.0,0.0,0.0,1.0,0.0,0.0,0.0,0.0,0.0,1.0,0.393939393939394,0.45833333333333326,0.2436929589308451,1
0.38823676709842325,0.47403795200027954,0.5354656364574275,1.0000000000000004,1.0,0.4285714285714286,0.5,2020,7,0.2057,0.0,0.0,1.0,0.0,1.0,0.0,0.0,1.0,0.0,0.0,1.0,0.0,0.0,0.0,1.0,0.0,0.0,0.393939393939394,0.45833333333333326,0.6427439125168093,1
0.6974630051635802,0.47403795200027954,0.5354656364574275,0.0,1.0,0.4285714285714286,0.5,2022,7,0.1074,0.0,1.0,0.0,1.0,0.0,0.0,0.0,1.0,0.0,0.0,1.0,0.0,0.0,0.0,1.0,0.0,0.0,0.393939393939394,0.45833333333333326,0.25179922909303964,1
0.9326008015387676,0.3116203447626149,0.5354656364574275,1.0000000000000004,1.0,0.4285714285714286,0.5,2020,9,0.3999,0.0,1.0,0.0,0.0,0.0,1.0,0.0,0.0,0.0,1.0,1.0,0.0,0.0,0.0,0.0,0.0,1.0,0.393939393939394,0.45833333333333326,0.09471117718464347,1
0.7059613126314263,0.9722875589012907,0.9511550135177673,0.0,0.0,0.4285714285714286,0.5,2021,5,0.102,0.0,1.0,0.0,0.0,0.0,1.0,1.0,0.0,0.0,0.0,0.0,1.0,0.0,0.0,0.0,1.0,0.0,0.393939393939394,0.45833333333333326,0.2436929589308451,0
0.7059613126314263,0.47403795200027954,0.6574156301296643,0.0,0.0,0.4285714285714286,0.5,2020,4,0.3999,0.0,1.0,0.0,0.0,1.0,0.0,1.0,0.0,0.0,0.0,0.0,1.0,0.0,0.0,1.0,0.0,0.0,0.393939393939394,0.45833333333333326,0.2436929589308451,0
0.6596842761989657,0.47403795200027954,0.5354656364574275,0.0,0.0,0.4285714285714286,0.5,2024,12,0.102,0.0,1.0,0.0,0.0,0.0,1.0,0.0,0.0,0.0,1.0,0.0,0.0,1.0,0.0,0.0,1.0,0.0,0.393939393939394,0.45833333333333326,0.28844180225299054,0
0.7059613126314263,0.46877930125428247,0.5354656364574275,0.0,0.0,0.3142857142857143,0.9500000000000002,2022,3,0.2057,0.0,0.0,1.0,0.0,0.0,1.0,1.0,0.0,0.0,0.0,1.0,0.0,0.0,1.0,0.0,0.0,0.0,0.13131313131313133,0.6527777777777779,0.2436929589308451,0
0.7059613126314263,0.5795857890691232,0.5354656364574275,1.0000000000000004,1.0,0.8142857142857145,0.8000000000000003,2024,9,0.102,0.0,1.0,0.0,1.0,0.0,0.0,0.0,0.0,1.0,0.0,1.0,0.0,0.0,0.0,0.0,0.0,1.0,0.5454545454545455,0.8124999999999998,0.29887056355028807,0
0.7059613126314263,0.447517537800759,0.9001575839490767,0.0,0.0,0.4285714285714286,0.5,2023,12,0.185,0.0,1.0,0.0,1.0,0.0,0.0,0.0,0.0,0.0,1.0,0.0,1.0,0.0,0.0,0.0,0.0,1.0,0.393939393939394,0.45833333333333326,0.2436929589308451,0
0.8199546729298165,0.47403795200027954,0.9310248641879211,0.0,0.0,0.11428571428571432,0.9250000000000003,2023,7,0.185,1.0,0.0,0.0,1.0,0.0,0.0,0.0,0.0,1.0,0.0,0.0,1.0,0.0,0.0,0.0,0.0,1.0,0.0,0.5416666666666667,0.1401398181181376,1
0.9750145535549487,0.447517537800759,0.5354656364574275,0.0,0.0,0.4285714285714286,0.5,2024,11,0.185,0.0,1.0,0.0,0.0,0.0,1.0,0.0,0.0,1.0,0.0,0.0,1.0,0.0,0.0,0.0,0.0,1.0,0.393939393939394,0.45833333333333326,0.017455542501302573,1
0.7059613126314263,0.47403795200027954,0.5354656364574275,1.0000000000000004,1.0,0.4285714285714286,0.5,2020,12,0.1074,0.0,1.0,0.0,0.0,1.0,0.0,0.0,0.0,0.0,1.0,0.0,0.0,1.0,0.0,0.0,0.0,1.0,0.393939393939394,0.45833333333333326,0.29887056355028807,1
0.6596842761989657,0.47403795200027954,0.10825214845806475,0.0,0.0,0.4285714285714286,0.5,2025,5,0.3999,1.0,0.0,0.0,1.0,0.0,0.0,0.0,0.0,1.0,0.0,0.0,1.0,0.0,0.0,1.0,0.0,0.0,0.393939393939394,0.45833333333333326,0.28844180225299054,1
0.6262830509731585,0.447517537800759,0.5354656364574275,0.0,0.0,0.4285714285714286,0.5,2020,1,0.3999,0.0,1.0,0.0,0.0,0.0,1.0,1.0,0.0,0.0,0.0,1.0,0.0,0.0,0.0,0.0,1.0,0.0,0.393939393939394,0.45833333333333326,0.32164932363242216,1
0.7059613126314263,0.47403795200027954,0.5354656364574275,1.0000000000000004,0.0,0.4285714285714286,0.5,2025,5,0.3999,1.0,0.0,0.0,0.0,0.0,1.0,1.0,0.0,0.0,0.0,1.0,0.0,0.0,1.0,0.0,0.0,0.0,0.393939393939394,0.45833333333333326,0.29887056355028807,1
0.38823676709842325,0.47403795200027954,0.5354656364574275,0.0,0.0,0.4285714285714286,0.5,2023,8,0.3999,0.0,1.0,0.0,0.0,1.0,0.0,1.0,0.0,0.0,0.0,1.0,0.0,0.0,0.0,1.0,0.0,0.0,0.393939393939394,0.45833333333333326,0.5826050444903135,1
0.5384272503221113,0.47403795200027954,0.9903945140699006,0.0,0.0,0.4285714285714286,0.5,2025,3,0.3999,1.0,0.0,0.0,1.0,0.0,0.0,0.0,1.0,0.0,0.0,0.0,1.0,0.0,0.0,0.0,1.0,0.0,0.393939393939394,0.45833333333333326,0.41264408810387754,1
0.7059613126314263,0.47403795200027954,0.5354656364574275,0.0,0.0,0.4285714285714286,0.5,2024,7,0.185,0.0,1.0,0.0,0.0,0.0,1.0,1.0,0.0,0.0,0.0,0.0,1.0,0.0,1.0,0.0,0.0,0.0,0.393939393939394,0.45833333333333326,0.2436929589308451,0
0.6596842761989657,0.47403795200027954,0.7559819110879777,0.0,1.0,0.4285714285714286,0.5,2023,11,0.102,1.0,0.0,0.0,0.0,0.0,1.0,1.0,0.0,0.0,0.0,1.0,0.0,0.0,0.0,0.0,0.0,1.0,0.393939393939394,0.45833333333333326,0.28844180225299054,0
0.9574702527640595,0.447517537800759,0.5354656364574275,0.0,1.0,0.4285714285714286,0.5,2021,3,0.3999,0.0,0.0,1.0,0.0,1.0,0.0,0.0,0.0,1.0,0.0,0.0,1.0,0.0,0.0,0.0,1.0,0.0,0.393939393939394,0.45833333333333326,0.03012325661296264,0
0.649112469029166,0.47403795200027954,0.5354656364574275,0.0,0.0,0.4285714285714286,0.5,2023,12,0.185,1.0,0.0,0.0,0.0,1.0,0.0,1.0,0.0,0.0,0.0,0.0,0.0,1.0,1.0,0.0,0.0,0.0,0.393939393939394,0.45833333333333326,0.29887056355028807,0
0.7059613126314263,0.47403795200027954,0.5354656364574275,0.0,0.0,0.4285714285714286,0.5,2021,8,0.1074,0.0,1.0,0.0,1.0,0.0,0.0,1.0,0.0,0.0,0.0,0.0,0.0,1.0,1.0,0.0,0.0,0.0,0.393939393939394,0.45833333333333326,0.2436929589308451,1
0.6596842761989657,0.47403795200027954,0.5354656364574275,0.0,0.0,0.4285714285714286,0.5,2023,7,0.185,1.0,0.0,0.0,0.0,1.0,0.0,0.0,1.0,0.0,0.0,1.0,0.0,0.0,0.0,0.0,0.0,1.0,0.393939393939394,0.45833333333333326,0.28844180225299054,1
0.38823676709842325,0.47403795200027954,0.5354656364574275,1.0000000000000004,1.0,0.4285714285714286,0.5,2020,7,0.2057,0.0,0.0,1.0,0.0,1.0,0.0,0.0,1.0,0.0,0.0,1.0,0.0,0.0,0.0,1.0,0.0,0.0,0.393939393939394,0.45833333333333326,0.6427439125168093,1
0.9701451561535046,0.3528273392137007,0.5354656364574275,0.0,1.0,0.4285714285714286,0.5,2021,3,0.3999,0.0,1.0,0.0,1.0,0.0,0.0,0.0,0.0,1.0,0.0,0.0,0.0,1.0,1.0,0.0,0.0,0.0,0.393939393939394,0.45833333333333326,0.02093791712409046,1
0.7764735341968465,0.47403795200027954,0.5354656364574275,0.0,1.0,0.4285714285714286,0.5,2021,4,0.3999,1.0,0.0,0.0,0.0,0.0,1.0,0.0,0.0,0.0,1.0,0.0,1.0,0.0,0.0,0.0,0.0,1.0,0.393939393939394,0.45833333333333326,0.1784549672789428,0
0.7059613126314263,0.5843934042469718,0.7441104797203657,0.0,0.0,0.4285714285714286,0.5,2024,2,0.2057,0.0,1.0,0.0,1.0,0.0,0.0,0.0,0.0,1.0,0.0,0.0,1.0,0.0,0.0,0.0,1.0,0.0,0.393939393939394,0.45833333333333326,0.2436929589308451,0
0.0,0.47403795200027954,0.5354656364574275,0.0,0.0,0.4285714285714286,0.5,2025,4,0.2057,1.0,0.0,0.0,0.0,1.0,0.0,0.0,1.0,0.0,0.0,0.0,1.0,0.0,1.0,0.0,0.0,0.0,0.393939393939394,0.45833333333333326,0.9387591798167269,1
0.6596842761989657,0.47403795200027954,0.5354656364574275,0.0,0.0,0.20000000000000018,0.10000000000000009,2023,5,0.2057,0.0,0.0,1.0,0.0,1.0,0.0,1.0,0.0,0.0,0.0,0.0,1.0,0.0,0.0,0.0,0.0,1.0,0.393939393939394,0.125,0.28844180225299054,0
0.7059613126314263,0.47403795200027954,0.5354656364574275,0.0,1.0,0.4285714285714286,0.5,2021,8,0.2057,1.0,0.0,0.0,0.0,1.0,0.0,0.0,0.0,0.0,1.0,1.0,0.0,0.0,0.0,0.0,0.0,1.0,0.393939393939394,0.45833333333333326,0.2436929589308451,0
0.38823676709842325,0.9185859648863031,0.7199959739199215,0.0,1.0,0.9428571428571431,0.07500000000000018,2021,6,0.2057,1.0,0.0,0.0,0.0,1.0,0.0,0.0,0.0,1.0,0.0,0.0,1.0,0.0,0.0,0.0,0.0,1.0,0.9292929292929294,0.4722222222222223,0.5826050444903135,1
0.6596842761989657,0.47403795200027954,0.9310248641879211,0.0,0.0,0.4285714285714286,0.5,2021,7,0.3999,0.0,0.0,1.0,1.0,0.0,0.0,1.0,0.0,0.0,0.0,0.0,1.0,0.0,0.0,0.0,1.0,0.0,0.393939393939394,0.45833333333333326,0.28844180225299054,1
0.9110688667928428,0.47403795200027954,0.5354656364574275,1.0000000000000004,0.0,0.7428571428571429,0.125,2021,6,0.1074,0.0,0.0,1.0,1.0,0.0,0.0,0.0,1.0,0.0,0.0,0.0,1.0,0.0,1.0,0.0,0.0,0.0,0.7676767676767677,0.4027777777777779,0.11239760377266364,0
0.6596842761989657,0.9757858640309682,0.5354656364574275,0.0,1.0,0.4285714285714286,0.5,2025,1,0.185,0.0,1.0,0.0,0.0,0.0,1.0,0.0,0.0,1.0,0.0,0.0,0.0,1.0,0.0,0.0,0.0,1.0,0.393939393939394,0.45833333333333326,0.28844180225299054,0
0.9412116988066711,0.47403795200027954,0.5354656364574275,0.0,0.0,0.4285714285714286,0.5,2023,12,0.2057,0.0,1.0,0.0,0.0,1.0,0.0,0.0,0.0,0.0,1.0,1.0,0.0,0.0,0.0,0.0,0.0,1.0,0.393939393939394,0.45833333333333326,0.04215716196572636,0
0.6596842761989657,0.47403795200027954,0.5354656364574275,0.0,1.0,0.4285714285714286,0.5,2023,7,0.1074,1.0,0.0,0.0,0.0,0.0,1.0,0.0,0.0,1.0,0.0,0.0,0.0,1.0,0.0,1.0,0.0,0.0,0.393939393939394,0.45833333333333326,0.28844180225299054,0
0.38823676709842325,0.47403795200027954,0.5354656364574275,0.0,0.0,0.4285714285714286,0.5,2021,1,0.2057,0.0,1.0,0.0,1.0,0.0,0.0,0.0,0.0,0.0,1.0,1.0,0.0,0.0,0.0,0.0,0.0,1.0,0.393939393939394,0.45833333333333326,0.5826050444903135,1
0.38823676709842325,0.982752841496032,0.6828552126767171,0.0,0.0,0.4285714285714286,0.5,2024,3,0.185,1.0,0.0,0.0,0.0,0.0,1.0,0.0,0.0,0.0,1.0,0.0,0.0,1.0,0.0,0.0,0.0,1.0,0.393939393939394,0.45833333333333326,0.5826050444903135,1
0.7059613126314263,0.447517537800759,0.5354656364574275,0.0,1.0,0.4285714285714286,0.5,2021,9,0.3999,0.0,0.0,1.0,0.0,1.0,0.0,0.0,0.0,0.0,1.0,0.0,1.0,0.0,0.0,0.0,0.0,1.0,0.393939393939394,0.45833333333333326,0.2436929589308451,1
0.9600652426463415,0.9510867204116491,0.5354656364574275,0.0,0.0,0.4285714285714286,0.5,2021,9,0.3999,0.0,1.0,0.0,0.0,1.0,0.0,0.0,1.0,0.0,0.0,1.0,0.0,0.0,0.0,0.0,0.0,1.0,0.393939393939394,0.45833333333333326,0.028228587237241004,1
0.7059613126314263,0.47403795200027954,0.5354656364574275,0.0,0.0,0.40000000000000013,0.5500000000000003,2025,8,0.102,0.0,0.0,1.0,0.0,0.0,1.0,1.0,0.0,0.0,0.0,1.0,0.0,0.0,0.0,0.0,0.0,1.0,0.35353535353535354,0.4722222222222223,0.2436929589308451,1
0.9355092890383155,0.47403795200027954,0.5354656364574275,0.0,0.0,0.4285714285714286,0.5,2023,4,0.3999,0.0,0.0,1.0,0.0,1.0,0.0,0.0,0.0,1.0,0.0,0.0,1.0,0.0,0.0,1.0,0.0,0.0,0.393939393939394,0.45833333333333326,0.04644367765757876,0
0.9956662742319112,0.47403795200027954,0.7908826781462572,0.0,0.0,0.4285714285714286,0.5,2021,7,0.2057,0.0,0.0,1.0,1.0,0.0,0.0,1.0,0.0,0.0,0.0,0.0,1.0,0.0,0.0,0.0,0.0,1.0,0.393939393939394,0.45833333333333326,0.0029775906947896724,0
0.38823676709842325,0.47403795200027954,0.5354656364574275,0.0,1.0,0.4285714285714286,0.5,2023,3,0.1074,0.0,1.0,0.0,1.0,0.0,0.0,0.0,0.0,1.0,0.0,1.0,0.0,0.0,0.0,0.0,0.0,1.0,0.393939393939394,0.45833333333333326,0.5826050444903135,0
0.6596842761989657,0.5747593573455676,0.5354656364574275,0.0,1.0,0.4285714285714286,0.5,2023,11,0.3999,0.0,1.0,0.0,1.0,0.0,0.0,1.0,0.0,0.0,0.0,0.0,1.0,0.0,0.0,0.0,0.0,1.0,0.393939393939394,0.45833333333333326,0.28844180225299054,1
0.8098747594226536,0.447517537800759,0.8684445203976638,0.0,1.0,0.8571428571428572,0.625,2020,4,0.3999,0.0,1.0,0.0,0.0,1.0,0.0,1.0,0.0,0.0,0.0,1.0,0.0,0.0,0.0,1.0,0.0,0.0,0.6464646464646465,0.7361111111111114,0.14888439562961983,1
0.6596842761989657,0.5939527678633465,0.5354656364574275,0.0,0.0,0.4285714285714286,0.5,2024,7,0.2057,0.0,0.0,1.0,0.0,1.0,0.0,0.0,0.0,1.0,0.0,0.0,1.0,0.0,1.0,0.0,0.0,0.0,0.393939393939394,0.45833333333333326,0.28844180225299054,0
0.38823676709842325,0.32944935505981254,0.0,0.0,0.0,0.028571428571428692,0.20000000000000018,2021,10,0.3999,0.0,0.0,1.0,1.0,0.0,0.0,1.0,0.0,0.0,0.0,0.0,0.0,1.0,0.0,0.0,0.0,1.0,0.23232323232323232,0.09722222222222232,0.5826050444903135,1
0.6596842761989657,0.47403795200027954,0.5354656364574275,0.0,0.0,0.4285714285714286,0.5,2023,11,0.3999,0.0,1.0,0.0,0.0,0.0,1.0,1.0,0.0,0.0,0.0,0.0,0.0,1.0,0.0,0.0,0.0,1.0,0.393939393939394,0.45833333333333326,0.28844180225299054,0
0.6596842761989657,0.34702426153413235,0.5210871358800633,1.0000000000000004,0.0,0.4285714285714286,0.5,2020,7,0.3999,0.0,0.0,1.0,1.0,0.0,0.0,1.0,0.0,0.0,0.0,0.0,0.0,1.0,0.0,1.0,0.0,0.0,0.393939393939394,0.45833333333333326,0.34478095320423274,1
0.38823676709842325,0.447517537800759,0.5354656364574275,1.0000000000000004,0.0,0.4285714285714286,0.5,2020,2,0.3999,0.0,0.0,1.0,0.0,0.0,1.0,0.0,1.0,0.0,0.0,0.0,1.0,0.0,0.0,0.0,0.0,1.0,0.393939393939394,0.45833333333333326,0.6427439125168093,1
0.6596842761989657,0.447517537800759,0.5354656364574275,1.0000000000000004,0.0,0.4285714285714286,0.5,2020,1,0.185,0.0,0.0,1.0,0.0,0.0,1.0,1.0,0.0,0.0,0.0,1.0,0.0,0.0,0.0,0.0,1.0,0.0,0.393939393939394,0.45833333333333326,0.34478095320423274,1
0.4216379923242304,0.47403795200027954,0.5354656364574275,1.0000000000000004,0.0,0.4285714285714286,0.5,2024,1,0.185,0.0,0.0,1.0,1.0,0.0,0.0,0.0,0.0,1.0,0.0,0.0,1.0,0.0,1.0,0.0,0.0,0.0,0.393939393939394,0.45833333333333326,0.602748851294205,1
0.714138851624206,0.447517537800759,0.5354656364574275,0.0,0.0,0.4285714285714286,0.5,2022,3,0.2057,0.0,1.0,0.0,1.0,0.0,0.0,1.0,0.0,0.0,0.0,1.0,0.0,0.0,0.0,0.0,0.0,1.0,0.393939393939394,0.45833333333333326,0.2359408109631382,1
0.38823676709842325,0.8738746601432186,0.5354656364574275,0.0,0.0,0.4285714285714286,0.5,2020,8,0.185,0.0,0.0,1.0,0.0,1.0,0.0,1.0,0.0,0.0,0.0,0.0,0.0,1.0,0.0,0.0,1.0,0.0,0.393939393939394,0.45833333333333326,0.5826050444903135,1
0.6886177335457992,0.447517537800759,0.5496677092603841,0.0,1.0,0.4285714285714286,0.5,2024,5,0.3999,1.0,0.0,0.0,1.0,0.0,0.0,1.0,0.0,0.0,0.0,1.0,0.0,0.0,0.0,0.0,0.0,1.0,0.393939393939394,0.45833333333333326,0.26029014010964224,0
0.7059613126314263,0.11050538862370107,0.5354656364574275,0.0,0.0,0.4285714285714286,0.5,2021,5,0.185,0.0,1.0,0.0,0.0,0.0,1.0,0.0,0.0,1.0,0.0,1.0,0.0,0.0,0.0,1.0,0.0,0.0,0.393939393939394,0.45833333333333326,0.2436929589308451,1
0.38823676709842325,0.47403795200027954,0.6953683552165835,0.0,0.0,0.4285714285714286,0.5,2021,7,0.1074,0.0,1.0,0.0,1.0,0.0,0.0,1.0,0.0,0.0,0.0,0.0,1.0,0.0,0.0,1.0,0.0,0.0,0.393939393939394,0.45833333333333326,0.5826050444903135,0
0.9651638088320625,0.13146597934860837,0.12873860205784737,0.0,0.0,0.4285714285714286,0.5,2020,4,0.3999,0.0,0.0,1.0,0.0,0.0,1.0,0.0,0.0,0.0,1.0,1.0,0.0,0.0,1.0,0.0,0.0,0.0,0.393939393939394,0.45833333333333326,0.02452710764844343,1
0.6596842761989657,0.447517537800759,0.5354656364574275,0.0,1.0,0.4285714285714286,0.5,2024,2,0.3999,0.0,0.0,1.0,0.0,1.0,0.0,0.0,0.0,1.0,0.0,1.0,0.0,0.0,0.0,1.0,0.0,0.0,0.393939393939394,0.45833333333333326,0.28844180225299054,0
0.7059613126314263,0.447517537800759,0.5354656364574275,0.0,0.0,0.4285714285714286,0.5,2023,9,0.2057,0.0,1.0,0.0,0.0,1.0,0.0,1.0,0.0,0.0,0.0,1.0,0.0,0.0,0.0,0.0,1.0,0.0,0.393939393939394,0.45833333333333326,0.2436929589308451,1
0.897730560073701,0.47403795200027954,0.5354656364574275,0.0,0.0,0.41428571428571437,0.375,2024,8,0.3999,0.0,0.0,1.0,0.0,0.0,1.0,0.0,1.0,0.0,0.0,1.0,0.0,0.0,0.0,0.0,0.0,1.0,0.43434343434343436,0.38194444444444464,0.07567887812750071,1
0.8149733256083747,0.447517537800759,0.835838014569739,0.0,1.0,0.4285714285714286,0.5,2023,8,0.3999,0.0,0.0,1.0,1.0,0.0,0.0,0.0,0.0,0.0,1.0,1.0,0.0,0.0,0.0,0.0,0.0,1.0,0.393939393939394,0.45833333333333326,0.14445062888446727,1
0.38823676709842325,0.447517537800759,0.5354656364574275,0.0,1.0,0.4285714285714286,0.5,2022,11,0.3999,0.0,0.0,1.0,1.0,0.0,0.0,1.0,0.0,0.0,0.0,1.0,0.0,0.0,0.0,0.0,1.0,0.0,0.393939393939394,0.45833333333333326,0.5826050444903135,1
0.38823676709842325,0.447517537800759,0.20724016540637713,0.0,1.0,0.4285714285714286,0.5,2024,7,0.185,1.0,0.0,0.0,1.0,0.0,0.0,1.0,0.0,0.0,0.0,0.0,1.0,0.0,0.0,0.0,0.0,1.0,0.393939393939394,0.45833333333333326,0.5826050444903135,0
0.6596842761989657,0.447517537800759,0.835838014569739,0.0,0.0,0.4285714285714286,0.5,2020,9,0.185,1.0,0.0,0.0,0.0,0.0,1.0,0.0,0.0,1.0,0.0,0.0,1.0,0.0,0.0,0.0,0.0,1.0,0.393939393939394,0.45833333333333326,0.28844180225299054,1
0.6596842761989657,0.28744012432408406,0.6181761295775301,0.0,1.0,0.4285714285714286,0.5,2023,3,0.2057,1.0,0.0,0.0,1.0,0.0,0.0,0.0,0.0,1.0,0.0,0.0,0.0,1.0,0.0,0.0,0.0,1.0,0.393939393939394,0.45833333333333326,0.28844180225299054,1
0.9600652426463415,0.47403795200027954,0.5354656364574275,0.0,0.0,0.4285714285714286,0.5,2021,9,0.3999,0.0,1.0,0.0,0.0,0.0,1.0,0.0,1.0,0.0,0.0,0.0,1.0,0.0,1.0,0.0,0.0,0.0,0.393939393939394,0.45833333333333326,0.028228587237241004,1
0.6596842761989657,0.447517537800759,0.5354656364574275,0.0,0.0,0.4285714285714286,0.5,2020,10,0.1074,0.0,0.0,1.0,0.0,0.0,1.0,1.0,0.0,0.0,0.0,0.0,1.0,0.0,0.0,0.0,0.0,1.0,0.393939393939394,0.45833333333333326,0.28844180225299054,1
0.7059613126314263,0.47403795200027954,0.8896828119009514,0.0,0.0,0.4285714285714286,0.5,2022,11,0.3999,0.0,1.0,0.0,1.0,0.0,0.0,0.0,1.0,0.0,0.0,1.0,0.0,0.0,0.0,1.0,0.0,0.0,0.393939393939394,0.45833333333333326,0.2436929589308451,1
0.6596842761989657,0.47403795200027954,0.5354656364574275,0.0,0.0,0.4285714285714286,0.5,2020,7,0.3999,1.0,0.0,0.0,1.0,0.0,0.0,0.0,1.0,0.0,0.0,1.0,0.0,0.0,0.0,0.0,0.0,1.0,0.393939393939394,0.45833333333333326,0.28844180225299054,0
0.38823676709842325,0.447517537800759,0.7559819110879777,0.0,0.0,0.4285714285714286,0.5,2022,2,0.102,1.0,0.0,0.0,1.0,0.0,0.0,0.0,0.0,0.0,1.0,0.0,1.0,0.0,0.0,0.0,1.0,0.0,0.393939393939394,0.45833333333333326,0.5826050444903135,0
0.9383792523906672,0.447517537800759,0.5354656364574275,1.0000000000000004,1.0,0.8999999999999999,0.17500000000000004,2024,4,0.2057,1.0,0.0,0.0,1.0,0.0,0.0,1.0,0.0,0.0,0.0,0.0,1.0,0.0,0.0,0.0,1.0,0.0,0.8585858585858587,0.5069444444444446,0.09003576391578524,1
0.8602791409376933,0.47403795200027954,0.835838014569739,1.0000000000000004,0.0,0.4285714285714286,0.5,2020,1,0.185,0.0,1.0,0.0,0.0,0.0,1.0,1.0,0.0,0.0,0.0,1.0,0.0,0.0,0.0,0.0,0.0,1.0,0.393939393939394,0.45833333333333326,0.15568542864188553,0
0.6596842761989657,0.6498031459531934,0.5354656364574275,0.0,0.0,0.4285714285714286,0.5,2024,11,0.3999,0.0,1.0,0.0,0.0,1.0,0.0,0.0,0.0,0.0,1.0,0.0,1.0,0.0,0.0,1.0,0.0,0.0,0.393939393939394,0.45833333333333326,0.28844180225299054,0
0.7059613126314263,0.447517537800759,0.5354656364574275,0.0,0.0,0.7857142857142856,0.0,2024,5,0.3999,1.0,0.0,0.0,0.0,0.0,1.0,0.0,0.0,1.0,0.0,0.0,0.0,1.0,0.0,0.0,0.0,1.0,0.8484848484848486,0.35416666666666674,0.2436929589308451,1
0.38823676709842325,0.447517537800759,0.5354656364574275,1.0000000000000004,0.0,0.4285714285714286,0.5,2020,1,0.1074,0.0,0.0,1.0,1.0,0.0,0.0,0.0,0.0,0.0,1.0,0.0,1.0,0.0,0.0,0.0,0.0,1.0,0.393939393939394,0.45833333333333326,0.6427439125168093,0
0.9797769225198698,0.447517537800759,0.5354656364574275,0.0,0.0,0.8857142857142857,0.050000000000000044,2021,11,0.3999,1.0,0.0,0.0,1.0,0.0,0.0,0.0,0.0,1.0,0.0,0.0,0.0,1.0,1.0,0.0,0.0,0.0,0.8989898989898991,0.4305555555555556,0.014074883277127331,1
0.6596842761989657,0.47403795200027954,0.5354656364574275,0.0,0.0,0.4285714285714286,0.5,2021,10,0.1074,0.0,0.0,1.0,0.0,1.0,0.0,0.0,0.0,0.0,1.0,0.0,0.0,1.0,0.0,0.0,0.0,1.0,0.393939393939394,0.45833333333333326,0.28844180225299054,0
0.6596842761989657,0.447517537800759,0.5354656364574275,0.0,1.0,0.4285714285714286,0.5,2024,8,0.3999,1.0,0.0,0.0,1.0,0.0,0.0,0.0,0.0,1.0,0.0,0.0,1.0,0.0,0.0,0.0,0.0,1.0,0.393939393939394,0.45833333333333326,0.28844180225299054,1
0.6596842761989657,0.47403795200027954,0.5354656364574275,1.0000000000000004,0.0,0.4285714285714286,0.5,2024,3,0.2057,1.0,0.0,0.0,0.0,0.0,1.0,0.0,1.0,0.0,0.0,0.0,0.0,1.0,0.0,1.0,0.0,0.0,0.393939393939394,0.45833333333333326,0.34478095320423274,0
0.38823676709842325,0.47403795200027954,0.5354656364574275,0.0,0.0,0.9142857142857141,0.15000000000000013,2022,11,0.102,1.0,0.0,0.0,0.0,0.0,1.0,1.0,0.0,0.0,0.0,1.0,0.0,0.0,1.0,0.0,0.0,0.0,0.8787878787878789,0.5,0.5826050444903135,0
0.7059613126314263,0.47403795200027954,0.5354656364574275,0.0,0.0,0.8857142857142857,0.5750000000000002,2023,9,0.3999,0.0,0.0,1.0,0.0,1.0,0.0,0.0,0.0,0.0,1.0,1.0,0.0,0.0,0.0,0.0,0.0,1.0,0.686868686868687,0.7222222222222221,0.2436929589308451,1
0.6596842761989657,0.47403795200027954,0.5354656364574275,0.0,0.0,0.4285714285714286,0.5,2024,3,0.3999,0.0,0.0,1.0,0.0,0.0,1.0,0.0,0.0,1.0,0.0,0.0,1.0,0.0,0.0,0.0,1.0,0.0,0.393939393939394,0.45833333333333326,0.28844180225299054,0
0.6596842761989657,0.9757858640309682,0.9807086465701493,1.0000000000000004,0.0,0.4285714285714286,0.5,2025,2,0.185,0.0,0.0,1.0,0.0,1.0,0.0,0.0,0.0,1.0,0.0,0.0,1.0,0.0,0.0,1.0,0.0,0.0,0.393939393939394,0.45833333333333326,0.34478095320423274,0
0.7059613126314263,0.447517537800759,0.18810825193982694,0.0,1.0,0.4285714285714286,0.5,2021,1,0.2057,1.0,0.0,0.0,0.0,0.0,1.0,1.0,0.0,0.0,0.0,0.0,1.0,0.0,1.0,0.0,0.0,0.0,0.393939393939394,0.45833333333333326,0.2436929589308451,1
0.6596842761989657,0.47403795200027954,0.5354656364574275,1.0000000000000004,0.0,0.4285714285714286,0.5,2025,5,0.102,0.0,0.0,1.0,0.0,0.0,1.0,1.0,0.0,0.0,0.0,0.0,1.0,0.0,0.0,0.0,0.0,1.0,0.393939393939394,0.45833333333333326,0.34478095320423274,0
0.6596842761989657,0.47403795200027954,0.5354656364574275,1.0000000000000004,0.0,0.4285714285714286,0.5,2022,3,0.3999,1.0,0.0,0.0,0.0,0.0,1.0,1.0,0.0,0.0,0.0,0.0,0.0,1.0,0.0,0.0,1.0,0.0,0.393939393939394,0.45833333333333326,0.34478095320423274,0
0.6596842761989657,0.47403795200027954,0.5354656364574275,0.0,0.0,0.4285714285714286,0.5,2025,7,0.3999,1.0,0.0,0.0,0.0,1.0,0.0,0.0,0.0,1.0,0.0,0.0,0.0,1.0,1.0,0.0,0.0,0.0,0.393939393939394,0.45833333333333326,0.28844180225299054,0
0.9676687970244379,0.447517537800759,0.4617174859980837,0.0,1.0,0.4285714285714286,0.5,2021,2,0.2057,0.0,1.0,0.0,0.0,0.0,1.0,0.0,0.0,0.0,1.0,1.0,0.0,0.0,0.0,0.0,1.0,0.0,0.393939393939394,0.45833333333333326,0.02271882746835499,0
0.7059613126314263,0.47403795200027954,0.5210871358800633,0.0,0.0,0.9428571428571431,0.8500000000000001,2021,9,0.2057,0.0,0.0,1.0,0.0,0.0,1.0,1.0,0.0,0.0,0.0,1.0,0.0,0.0,1.0,0.0,0.0,0.0,0.6161616161616162,0.9027777777777779,0.2436929589308451,0
0.6596842761989657,0.47403795200027954,0.5354656364574275,1.0000000000000004,0.0,0.9428571428571431,0.6750000000000003,2024,5,0.3999,1.0,0.0,0.0,0.0,0.0,1.0,0.0,0.0,1.0,0.0,1.0,0.0,0.0,0.0,0.0,0.0,1.0,0.686868686868687,0.8055555555555556,0.34478095320423274,1
0.3003809664473759,0.447517537800759,0.5354656364574275,0.0,1.0,0.4285714285714286,0.5,2024,8,0.3999,0.0,0.0,1.0,0.0,1.0,0.0,1.0,0.0,0.0,0.0,0.0,1.0,0.0,1.0,0.0,0.0,0.0,0.393939393939394,0.45833333333333326,0.694809747525401,0
0.8388082167694871,0.47403795200027954,0.16865477869575418,0.0,0.0,0.842857142857143,0.5249999999999999,2021,7,0.3999,1.0,0.0,0.0,0.0,1.0,0.0,0.0,1.0,0.0,0.0,0.0,1.0,0.0,0.0,0.0,1.0,0.0,0.6767676767676769,0.6736111111111114,0.12401564075308605,0
0.7059613126314263,0.47403795200027954,0.5354656364574275,0.0,0.0,0.4285714285714286,0.5,2021,7,0.2057,0.0,0.0,1.0,0.0,0.0,1.0,1.0,0.0,0.0,0.0,1.0,0.0,0.0,0.0,0.0,0.0,1.0,0.393939393939394,0.45833333333333326,0.2436929589308451,0
0.6596842761989657,0.38144003191607023,0.5354656364574275,0.0,0.0,0.4285714285714286,0.5,2020,2,0.185,0.0,0.0,1.0,1.0,0.0,0.0,0.0,0.0,0.0,1.0,0.0,0.0,1.0,0.0,1.0,0.0,0.0,0.393939393939394,0.45833333333333326,0.28844180225299054,1
0.6596842761989657,0.47403795200027954,0.5354656364574275,0.0,0.0,0.3571428571428572,0.125,2020,8,0.185,0.0,0.0,1.0,1.0,0.0,0.0,0.0,0.0,1.0,0.0,1.0,0.0,0.0,0.0,0.0,0.0,1.0,0.494949494949495,0.2152777777777779,0.28844180225299054,1
0.6596842761989657,0.447517537800759,0.5354656364574275,0.0,0.0,0.15714285714285725,0.9250000000000003,2021,6,0.102,0.0,0.0,1.0,1.0,0.0,0.0,0.0,1.0,0.0,0.0,1.0,0.0,0.0,0.0,1.0,0.0,0.0,0.030303030303030304,0.5624999999999998,0.28844180225299054,0
0.38823676709842325,0.47403795200027954,0.5354656364574275,0.0,0.0,0.4285714285714286,0.5,2021,5,0.3999,1.0,0.0,0.0,1.0,0.0,0.0,0.0,1.0,0.0,0.0,0.0,0.0,1.0,0.0,0.0,0.0,1.0,0.393939393939394,0.45833333333333326,0.5826050444903135,0
0.7059613126314263,0.447517537800759,0.5354656364574275,0.0,0.0,0.5,0.875,2023,3,0.185,1.0,0.0,0.0,0.0,0.0,1.0,0.0,0.0,0.0,1.0,1.0,0.0,0.0,0.0,0.0,1.0,0.0,0.29292929292929293,0.7013888888888891,0.2436929589308451,1
0.9725935332246339,0.447517537800759,0.5354656364574275,1.0000000000000004,1.0,0.4285714285714286,0.5,2020,3,0.3999,0.0,1.0,0.0,0.0,0.0,1.0,0.0,0.0,1.0,0.0,1.0,0.0,0.0,0.0,1.0,0.0,0.0,0.393939393939394,0.45833333333333326,0.06299363004605338,0
0.7059613126314263,0.4948511335168124,0.5354656364574275,0.0,1.0,0.4285714285714286,0.5,2024,9,0.3999,0.0,0.0,1.0,0.0,1.0,0.0,1.0,0.0,0.0,0.0,1.0,0.0,0.0,0.0,1.0,0.0,0.0,0.393939393939394,0.45833333333333326,0.2436929589308451,1
0.7059613126314263,0.47403795200027954,0.5354656364574275,1.0000000000000004,0.0,0.4285714285714286,0.5,2023,3,0.102,0.0,1.0,0.0,0.0,1.0,0.0,0.0,1.0,0.0,0.0,1.0,0.0,0.0,1.0,0.0,0.0,0.0,0.393939393939394,0.45833333333333326,0.29887056355028807,1
0.38823676709842325,0.447517537800759,0.5354656364574275,0.0,1.0,0.2142857142857144,0.25,2023,1,0.2057,0.0,1.0,0.0,0.0,1.0,0.0,1.0,0.0,0.0,0.0,1.0,0.0,0.0,0.0,0.0,1.0,0.0,0.3434343434343435,0.2152777777777779,0.5826050444903135,0
0.38823676709842325,0.47403795200027954,0.8684445203976638,0.0,0.0,0.4285714285714286,0.5,2022,5,0.102,1.0,0.0,0.0,1.0,0.0,0.0,1.0,0.0,0.0,0.0,0.0,1.0,0.0,0.0,0.0,1.0,0.0,0.393939393939394,0.45833333333333326,0.5826050444903135,0
0.38823676709842325,0.47403795200027954,0.5354656364574275,0.0,0.0,0.37142857142857144,0.17500000000000004,2020,12,0.3999,0.0,0.0,1.0,0.0,0.0,1.0,1.0,0.0,0.0,0.0,1.0,0.0,0.0,1.0,0.0,0.0,0.0,0.48484848484848486,0.25,0.5826050444903135,0
0.38823676709842325,0.447517537800759,0.5354656364574275,0.0,0.0,0.4285714285714286,0.5,2024,1,0.2057,0.0,0.0,1.0,0.0,1.0,0.0,1.0,0.0,0.0,0.0,1.0,0.0,0.0,0.0,0.0,1.0,0.0,0.393939393939394,0.45833333333333326,0.5826050444903135,1
0.6596842761989657,0.47403795200027954,0.5354656364574275,0.0,0.0,0.32857142857142874,0.025000000000000133,2025,3,0.3999,0.0,0.0,1.0,0.0,0.0,1.0,0.0,0.0,0.0,1.0,1.0,0.0,0.0,1.0,0.0,0.0,0.0,0.5151515151515152,0.14583333333333326,0.28844180225299054,0
0.38823676709842325,0.47403795200027954,0.9709410408258288,0.0,0.0,0.4285714285714286,0.5,2025,3,0.3999,0.0,0.0,1.0,0.0,1.0,0.0,0.0,0.0,1.0,0.0,1.0,0.0,0.0,0.0,0.0,0.0,1.0,0.393939393939394,0.45833333333333326,0.5826050444903135,1
0.7059613126314263,0.9038615901705227,0.5354656364574275,0.0,0.0,0.4285714285714286,0.5,2025,2,0.185,0.0,1.0,0.0,1.0,0.0,0.0,1.0,0.0,0.0,0.0,0.0,1.0,0.0,0.0,1.0,0.0,0.0,0.393939393939394,0.45833333333333326,0.2436929589308451,0
0.38823676709842325,0.47403795200027954,0.5354656364574275,0.0,0.0,0.4285714285714286,0.5,2024,12,0.3999,0.0,0.0,1.0,1.0,0.0,0.0,1.0,0.0,0.0,0.0,0.0,0.0,1.0,0.0,0.0,0.0,1.0,0.393939393939394,0.45833333333333326,0.5826050444903135,0
0.38823676709842325,0.47403795200027954,0.44638673986166477,0.0,1.0,0.4285714285714286,0.5,2024,11,0.2057,0.0,1.0,0.0,1.0,0.0,0.0,0.0,0.0,1.0,0.0,0.0,1.0,0.0,0.0,0.0,0.0,1.0,0.393939393939394,0.45833333333333326,0.5826050444903135,0
0.4216379923242304,0.47403795200027954,0.5354656364574275,0.0,0.0,0.44285714285714284,0.9750000000000001,2024,8,0.3999,1.0,0.0,0.0,1.0,0.0,0.0,0.0,0.0,1.0,0.0,0.0,1.0,0.0,0.0,0.0,0.0,1.0,0.21212121212121213,0.7291666666666667,0.5428792661115055,0
0.8476534883872682,0.47403795200027954,0.5354656364574275,0.0,0.0,0.4285714285714286,0.0,2023,5,0.3999,1.0,0.0,0.0,0.0,1.0,0.0,1.0,0.0,0.0,0.0,0.0,1.0,0.0,0.0,0.0,0.0,1.0,0.595959595959596,0.18055555555555558,0.1165574008242615,0
0.7059613126314263,0.47403795200027954,0.5354656364574275,0.0,0.0,0.4285714285714286,0.5,2021,6,0.1074,1.0,0.0,0.0,0.0,0.0,1.0,0.0,0.0,1.0,0.0,1.0,0.0,0.0,1.0,0.0,0.0,0.0,0.393939393939394,0.45833333333333326,0.2436929589308451,1
0.7059613126314263,0.47403795200027954,0.5354656364574275,0.0,0.0,0.4285714285714286,0.5,2021,10,0.3999,1.0,0.0,0.0,1.0,0.0,0.0,0.0,0.0,1.0,0.0,0.0,1.0,0.0,0.0,0.0,0.0,1.0,0.393939393939394,0.45833333333333326,0.2436929589308451,0
0.38823676709842325,0.7075829848894277,0.08739654977087685,0.0,0.0,0.4285714285714286,0.5,2021,2,0.2057,1.0,0.0,0.0,1.0,0.0,0.0,1.0,0.0,0.0,0.0,0.0,1.0,0.0,0.0,1.0,0.0,0.0,0.393939393939394,0.45833333333333326,0.5826050444903135,1
0.9626295218680472,0.447517537800759,0.5354656364574275,0.0,0.0,0.4285714285714286,0.5,2023,2,0.185,1.0,0.0,0.0,1.0,0.0,0.0,0.0,0.0,0.0,1.0,1.0,0.0,0.0,0.0,0.0,0.0,1.0,0.393939393939394,0.45833333333333326,0.02636345370865137,1
0.38823676709842325,0.47403795200027954,0.49178292733284845,0.0,0.0,0.4285714285714286,0.5,2024,4,0.102,0.0,0.0,1.0,0.0,1.0,0.0,0.0,0.0,0.0,1.0,0.0,1.0,0.0,0.0,0.0,0.0,1.0,0.393939393939394,0.45833333333333326,0.5826050444903135,0
0.6596842761989657,0.47403795200027954,0.5354656364574275,1.0000000000000004,0.0,0.8571428571428572,0.8000000000000003,2021,12,0.102,1.0,0.0,0.0,0.0,1.0,0.0,0.0,0.0,1.0,0.0,0.0,1.0,0.0,0.0,1.0,0.0,0.0,0.5757575757575758,0.8333333333333333,0.34478095320423274,0
0.9205599781297086,0.8624388588869789,0.5354656364574275,0.0,0.0,0.4285714285714286,0.5,2020,8,0.2057,0.0,1.0,0.0,0.0,1.0,0.0,0.0,0.0,1.0,0.0,0.0,1.0,0.0,1.0,0.0,0.0,0.0,0.393939393939394,0.45833333333333326,0.05784033428027044,1
0.38823676709842325,0.447517537800759,0.5354656364574275,0.0,0.0,0.4285714285714286,0.5,2024,10,0.3999,0.0,1.0,0.0,0.0,1.0,0.0,0.0,0.0,0.0,1.0,0.0,1.0,0.0,0.0,1.0,0.0,0.0,0.393939393939394,0.45833333333333326,0.5826050444903135,0
0.38823676709842325,0.447517537800759,0.5354656364574275,0.0,0.0,0.4285714285714286,0.5,2023,5,0.102,1.0,0.0,0.0,0.0,0.0,1.0,1.0,0.0,0.0,0.0,1.0,0.0,0.0,0.0,0.0,1.0,0.0,0.393939393939394,0.45833333333333326,0.5826050444903135,1
0.38823676709842325,0.982752841496032,0.6828552126767171,0.0,0.0,0.4285714285714286,0.5,2024,3,0.185,1.0,0.0,0.0,0.0,0.0,1.0,0.0,0.0,0.0,1.0,0.0,0.0,1.0,0.0,0.0,0.0,1.0,0.393939393939394,0.45833333333333326,0.5826050444903135,1
0.7059613126314263,0.8586032361019442,0.5354656364574275,0.0,1.0,0.4285714285714286,0.5,2024,6,0.3999,0.0,1.0,0.0,1.0,0.0,0.0,0.0,0.0,0.0,1.0,1.0,0.0,0.0,0.0,1.0,0.0,0.0,0.393939393939394,0.45833333333333326,0.2436929589308451,1
0.6596842761989657,0.447517537800759,0.5354656364574275,0.0,0.0,0.4285714285714286,0.5,2023,6,0.2057,0.0,1.0,0.0,0.0,1.0,0.0,1.0,0.0,0.0,0.0,0.0,1.0,0.0,0.0,0.0,1.0,0.0,0.393939393939394,0.45833333333333326,0.28844180225299054,0
0.7059613126314263,0.447517537800759,0.5354656364574275,1.0000000000000004,0.0,0.4285714285714286,0.5,2022,7,0.2057,1.0,0.0,0.0,0.0,0.0,1.0,0.0,1.0,0.0,0.0,0.0,1.0,0.0,0.0,0.0,1.0,0.0,0.393939393939394,0.45833333333333326,0.29887056355028807,1
0.9296527415680409,0.771052484730768,0.5354656364574275,0.0,0.0,0.4285714285714286,0.5,2024,5,0.2057,0.0,0.0,1.0,0.0,0.0,1.0,0.0,0.0,1.0,0.0,1.0,0.0,0.0,0.0,1.0,0.0,0.0,0.393939393939394,0.45833333333333326,0.050881139834478756,0
0.6596842761989657,0.447517537800759,0.5354656364574275,0.0,0.0,0.4285714285714286,0.5,2024,2,0.2057,0.0,1.0,0.0,0.0,1.0,0.0,1.0,0.0,0.0,0.0,0.0,1.0,0.0,0.0,0.0,0.0,1.0,0.393939393939394,0.45833333333333326,0.28844180225299054,1
0.6596842761989657,0.5891823490275931,0.022475549143011975,1.0000000000000004,0.0,0.4285714285714286,0.5,2024,1,0.185,0.0,0.0,1.0,0.0,0.0,1.0,0.0,0.0,0.0,1.0,1.0,0.0,0.0,0.0,0.0,0.0,1.0,0.393939393939394,0.45833333333333326,0.34478095320423274,1
0.7059613126314263,0.447517537800759,0.5636976314849393,1.0000000000000004,0.0,0.4285714285714286,0.5,2023,3,0.3999,1.0,0.0,0.0,1.0,0.0,0.0,0.0,0.0,1.0,0.0,1.0,0.0,0.0,1.0,0.0,0.0,0.0,0.393939393939394,0.45833333333333326,0.29887056355028807,0
0.7059613126314263,0.447517537800759,0.022475549143011975,0.0,0.0,0.4285714285714286,0.5,2024,1,0.3999,0.0,0.0,1.0,0.0,1.0,0.0,1.0,0.0,0.0,0.0,0.0,0.0,1.0,0.0,0.0,0.0,1.0,0.393939393939394,0.45833333333333326,0.2436929589308451,0
0.9326008015387676,0.7291045037602584,0.5354656364574275,0.0,0.0,0.4285714285714286,0.5,2022,1,0.2057,1.0,0.0,0.0,1.0,0.0,0.0,0.0,0.0,1.0,0.0,0.0,1.0,0.0,0.0,0.0,1.0,0.0,0.393939393939394,0.45833333333333326,0.04864299352087206,0
0.7059613126314263,0.47403795200027954,0.5354656364574275,0.0,0.0,0.40000000000000013,0.5500000000000003,2025,8,0.102,0.0,0.0,1.0,0.0,0.0,1.0,1.0,0.0,0.0,0.0,1.0,0.0,0.0,0.0,0.0,0.0,1.0,0.35353535353535354,0.4722222222222223,0.2436929589308451,1
0.6596842761989657,0.47403795200027954,0.3829487047303832,0.0,0.0,0.4285714285714286,0.5,2020,7,0.185,0.0,0.0,1.0,0.0,0.0,1.0,0.0,1.0,0.0,0.0,0.0,1.0,0.0,0.0,1.0,0.0,0.0,0.393939393939394,0.45833333333333326,0.28844180225299054,0
0.38823676709842325,0.9367475852276459,0.5354656364574275,1.0000000000000004,0.0,0.4285714285714286,0.5,2025,5,0.1074,0.0,0.0,1.0,1.0,0.0,0.0,0.0,0.0,0.0,1.0,1.0,0.0,0.0,0.0,1.0,0.0,0.0,0.393939393939394,0.45833333333333326,0.6427439125168093,1
0.6596842761989657,0.447517537800759,0.5354656364574275,1.0000000000000004,0.0,0.4285714285714286,0.5,2024,7,0.2057,0.0,0.0,1.0,1.0,0.0,0.0,1.0,0.0,0.0,0.0,0.0,1.0,0.0,0.0,0.0,1.0,0.0,0.393939393939394,0.45833333333333326,0.34478095320423274,0
0.38823676709842325,0.447517537800759,0.5354656364574275,0.0,0.0,0.4285714285714286,0.5,2020,7,0.102,1.0,0.0,0.0,1.0,0.0,0.0,1.0,0.0,0.0,0.0,1.0,0.0,0.0,0.0,0.0,0.0,1.0,0.393939393939394,0.45833333333333326,0.5826050444903135,0
0.38823676709842325,0.47403795200027954,0.5354656364574275,0.0,1.0,0.4285714285714286,0.5,2024,9,0.102,0.0,1.0,0.0,1.0,0.0,0.0,1.0,0.0,0.0,0.0,0.0,1.0,0.0,0.0,0.0,0.0,1.0,0.393939393939394,0.45833333333333326,0.5826050444903135,0
0.38823676709842325,0.47403795200027954,0.5354656364574275,0.0,0.0,0.4285714285714286,0.5,2024,1,0.102,0.0,1.0,0.0,0.0,1.0,0.0,0.0,0.0,1.0,0.0,0.0,1.0,0.0,0.0,0.0,0.0,1.0,0.393939393939394,0.45833333333333326,0.5826050444903135,1
0.7059613126314263,0.47403795200027954,0.3158310975377949,1.0000000000000004,0.0,0.4285714285714286,0.5,2022,9,0.3999,1.0,0.0,0.0,1.0,0.0,0.0,0.0,1.0,0.0,0.0,1.0,0.0,0.0,1.0,0.0,0.0,0.0,0.393939393939394,0.45833333333333326,0.29887056355028807,1
0.6596842761989657,0.447517537800759,0.5354656364574275,0.0,0.0,0.4285714285714286,0.5,2025,3,0.3999,0.0,0.0,1.0,0.0,0.0,1.0,1.0,0.0,0.0,0.0,0.0,1.0,0.0,1.0,0.0,0.0,0.0,0.393939393939394,0.45833333333333326,0.28844180225299054,1
0.38823676709842325,0.47403795200027954,0.5354656364574275,0.0,0.0,0.4285714285714286,0.5,2022,3,0.102,0.0,0.0,1.0,1.0,0.0,0.0,1.0,0.0,0.0,0.0,0.0,0.0,1.0,0.0,0.0,1.0,0.0,0.393939393939394,0.45833333333333326,0.5826050444903135,1
0.4760925677494707,0.25653244797659136,0.5354656364574275,0.0,0.0,0.4285714285714286,0.5,2024,9,0.3999,1.0,0.0,0.0,0.0,0.0,1.0,0.0,0.0,1.0,0.0,1.0,0.0,0.0,0.0,0.0,0.0,1.0,0.393939393939394,0.45833333333333326,0.4806632293150592,0
0.7059613126314263,0.47403795200027954,0.5354656364574275,0.0,0.0,0.4571428571428573,0.050000000000000044,2025,5,0.2057,0.0,1.0,0.0,1.0,0.0,0.0,1.0,0.0,0.0,0.0,0.0,1.0,0.0,0.0,1.0,0.0,0.0,0.595959595959596,0.22222222222222232,0.2436929589308451,0
0.6596842761989657,0.47403795200027954,0.5354656364574275,0.0,0.0,0.7714285714285714,0.875,2023,6,0.3999,0.0,0.0,1.0,0.0,1.0,0.0,1.0,0.0,0.0,0.0,0.0,0.0,1.0,0.0,0.0,0.0,1.0,0.48484848484848486,0.8333333333333333,0.28844180225299054,1
0.6596842761989657,0.47403795200027954,0.5354656364574275,0.0,1.0,0.842857142857143,0.8500000000000001,2022,6,0.1074,0.0,1.0,0.0,0.0,0.0,1.0,0.0,0.0,0.0,1.0,0.0,1.0,0.0,0.0,0.0,0.0,1.0,0.5454545454545455,0.8541666666666667,0.28844180225299054,0
0.7059613126314263,0.447517537800759,0.5354656364574275,0.0,1.0,0.4285714285714286,0.5,2024,7,0.3999,1.0,0.0,0.0,0.0,0.0,1.0,0.0,1.0,0.0,0.0,0.0,0.0,1.0,0.0,0.0,1.0,0.0,0.393939393939394,0.45833333333333326,0.2436929589308451,0
0.7059613126314263,0.47403795200027954,0.5354656364574275,0.0,0.0,0.4285714285714286,0.5,2020,1,0.1074,1.0,0.0,0.0,0.0,0.0,1.0,1.0,0.0,0.0,0.0,0.0,0.0,1.0,0.0,0.0,0.0,1.0,0.393939393939394,0.45833333333333326,0.2436929589308451,0
0.3487315025817901,0.9510867204116491,0.5354656364574275,0.0,1.0,0.4285714285714286,0.5,2023,3,0.1074,0.0,0.0,1.0,0.0,0.0,1.0,0.0,0.0,1.0,0.0,0.0,1.0,0.0,0.0,0.0,0.0,1.0,0.393939393939394,0.45833333333333326,0.6314763179096198,1
0.6596842761989657,0.47403795200027954,0.5354656364574275,1.0000000000000004,0.0,0.4285714285714286,0.5,2022,4,0.185,1.0,0.0,0.0,0.0,1.0,0.0,0.0,0.0,0.0,1.0,1.0,0.0,0.0,0.0,0.0,1.0,0.0,0.393939393939394,0.45833333333333326,0.34478095320423274,0
0.6596842761989657,0.3175920355184272,0.5354656364574275,0.0,0.0,0.4285714285714286,0.5,2021,11,0.2057,0.0,1.0,0.0,0.0,1.0,0.0,1.0,0.0,0.0,0.0,1.0,0.0,0.0,1.0,0.0,0.0,0.0,0.393939393939394,0.45833333333333326,0.28844180225299054,1
0.6596842761989657,0.47403795200027954,0.5354656364574275,1.0000000000000004,0.0,0.4285714285714286,0.5,2021,5,0.1074,0.0,1.0,0.0,0.0,1.0,0.0,0.0,0.0,1.0,0.0,0.0,1.0,0.0,1.0,0.0,0.0,0.0,0.393939393939394,0.45833333333333326,0.34478095320423274,1
0.6596842761989657,0.6988680953936748,0.5354656364574275,0.0,1.0,0.4285714285714286,0.5,2021,1,0.3999,1.0,0.0,0.0,1.0,0.0,0.0,1.0,0.0,0.0,0.0,1.0,0.0,0.0,1.0,0.0,0.0,0.0,0.393939393939394,0.45833333333333326,0.28844180225299054,0
0.7059613126314263,0.47403795200027954,0.20724016540637713,0.0,0.0,0.9428571428571431,0.8250000000000002,2024,3,0.2057,0.0,0.0,1.0,1.0,0.0,0.0,1.0,0.0,0.0,0.0,0.0,1.0,0.0,0.0,0.0,0.0,1.0,0.6262626262626264,0.8888888888888891,0.2436929589308451,1
0.38823676709842325,0.47403795200027954,0.5354656364574275,0.0,0.0,0.5571428571428572,0.9000000000000004,2025,1,0.3999,0.0,0.0,1.0,0.0,0.0,1.0,0.0,0.0,1.0,0.0,1.0,0.0,0.0,1.0,0.0,0.0,0.0,0.32323232323232326,0.7430555555555556,0.5826050444903135,1
0.9750145535549487,0.8431403158629602,0.5354656364574275,1.0000000000000004,1.0,0.4285714285714286,0.5,2020,12,0.102,0.0,0.0,1.0,0.0,0.0,1.0,1.0,0.0,0.0,0.0,0.0,0.0,1.0,1.0,0.0,0.0,0.0,0.393939393939394,0.45833333333333326,0.06112278815958447,0
0.6596842761989657,0.447517537800759,0.5354656364574275,0.0,0.0,0.4285714285714286,0.5,2020,11,0.2057,0.0,1.0,0.0,1.0,0.0,0.0,0.0,1.0,0.0,0.0,1.0,0.0,0.0,0.0,0.0,1.0,0.0,0.393939393939394,0.45833333333333326,0.28844180225299054,1
0.6596842761989657,0.447517537800759,0.5354656364574275,0.0,0.0,0.4285714285714286,0.5,2021,7,0.3999,1.0,0.0,0.0,1.0,0.0,0.0,0.0,0.0,0.0,1.0,0.0,1.0,0.0,1.0,0.0,0.0,0.0,0.393939393939394,0.45833333333333326,0.28844180225299054,0
0.6596842761989657,0.47403795200027954,0.06615825826759014,0.0,0.0,0.4285714285714286,0.5,2020,7,0.3999,0.0,0.0,1.0,0.0,0.0,1.0,1.0,0.0,0.0,0.0,1.0,0.0,0.0,0.0,0.0,0.0,1.0,0.393939393939394,0.45833333333333326,0.28844180225299054,1
0.9266640174205345,0.447517537800759,0.5354656364574275,0.0,0.0,0.4285714285714286,0.5,2024,3,0.185,1.0,0.0,0.0,1.0,0.0,0.0,1.0,0.0,0.0,0.0,0.0,0.0,1.0,1.0,0.0,0.0,0.0,0.393939393939394,0.45833333333333326,0.053159268691928246,1
0.6596842761989657,0.447517537800759,0.5354656364574275,0.0,1.0,0.4285714285714286,0.5,2023,10,0.102,1.0,0.0,0.0,0.0,1.0,0.0,0.0,0.0,1.0,0.0,0.0,0.0,1.0,0.0,1.0,0.0,0.0,0.393939393939394,0.45833333333333326,0.28844180225299054,0
0.6793959560724938,0.47403795200027954,0.5354656364574275,0.0,1.0,0.4285714285714286,0.5,2024,4,0.1074,0.0,0.0,1.0,0.0,1.0,0.0,0.0,0.0,1.0,0.0,1.0,0.0,0.0,0.0,0.0,0.0,1.0,0.393939393939394,0.45833333333333326,0.26920028773358684,0
0.9205599781297086,0.9295150030212951,0.5354656364574275,0.0,0.0,0.4285714285714286,0.5,2020,5,0.1074,0.0,1.0,0.0,1.0,0.0,0.0,0.0,0.0,1.0,0.0,1.0,0.0,0.0,0.0,0.0,1.0,0.0,0.393939393939394,0.45833333333333326,0.05784033428027044,1
0.7059613126314263,0.47403795200027954,0.5354656364574275,0.0,1.0,0.4285714285714286,0.5,2024,10,0.2057,1.0,0.0,0.0,0.0,1.0,0.0,1.0,0.0,0.0,0.0,0.0,1.0,0.0,0.0,1.0,0.0,0.0,0.393939393939394,0.45833333333333326,0.2436929589308451,0
0.6596842761989657,0.447517537800759,0.5354656364574275,0.0,0.0,0.4285714285714286,0.5,2021,8,0.3999,0.0,1.0,0.0,0.0,1.0,0.0,1.0,0.0,0.0,0.0,0.0,1.0,0.0,0.0,0.0,0.0,1.0,0.393939393939394,0.45833333333333326,0.28844180225299054,1
0.714138851624206,0.447517537800759,0.5354656364574275,0.0,1.0,0.15714285714285725,0.0,2022,9,0.1074,0.0,1.0,0.0,0.0,0.0,1.0,0.0,0.0,1.0,0.0,1.0,0.0,0.0,0.0,0.0,1.0,0.0,0.4040404040404041,0.04861111111111138,0.2359408109631382,0
0.6262830509731585,0.447517537800759,0.5354656364574275,0.0,0.0,0.4285714285714286,0.5,2020,1,0.3999,0.0,1.0,0.0,0.0,0.0,1.0,1.0,0.0,0.0,0.0,1.0,0.0,0.0,0.0,0.0,1.0,0.0,0.393939393939394,0.45833333333333326,0.32164932363242216,1
0.6596842761989657,0.47403795200027954,0.5354656364574275,0.0,0.0,0.4285714285714286,0.5,2024,3,0.1074,1.0,0.0,0.0,1.0,0.0,0.0,0.0,0.0,1.0,0.0,0.0,0.0,1.0,0.0,1.0,0.0,0.0,0.393939393939394,0.45833333333333326,0.28844180225299054,1
0.6596842761989657,0.47403795200027954,0.8684445203976638,0.0,0.0,0.4285714285714286,0.5,2023,6,0.3999,1.0,0.0,0.0,0.0,0.0,1.0,1.0,0.0,0.0,0.0,1.0,0.0,0.0,0.0,0.0,1.0,0.0,0.393939393939394,0.45833333333333326,0.28844180225299054,1
0.6596842761989657,0.47403795200027954,0.5354656364574275,0.0,0.0,0.10000000000000009,0.9000000000000004,2022,5,0.1074,0.0,0.0,1.0,0.0,1.0,0.0,1.0,0.0,0.0,0.0,0.0,1.0,0.0,0.0,1.0,0.0,0.0,0.0,0.5208333333333333,0.28844180225299054,0
0.38823676709842325,0.47403795200027954,0.5354656364574275,1.0000000000000004,0.0,0.4285714285714286,0.5,2020,5,0.3999,1.0,0.0,0.0,1.0,0.0,0.0,0.0,0.0,1.0,0.0,0.0,1.0,0.0,0.0,0.0,0.0,1.0,0.393939393939394,0.45833333333333326,0.6427439125168093,1
0.38823676709842325,0.447517537800759,0.8896828119009514,0.0,0.0,0.4285714285714286,0.5,2023,7,0.185,0.0,0.0,1.0,1.0,0.0,0.0,0.0,1.0,0.0,0.0,1.0,0.0,0.0,1.0,0.0,0.0,0.0,0.393939393939394,0.45833333333333326,0.5826050444903135,1
0.38823676709842325,0.447517537800759,0.5354656364574275,0.0,0.0,0.4285714285714286,0.5,2021,7,0.185,0.0,1.0,0.0,1.0,0.0,0.0,0.0,0.0,0.0,1.0,1.0,0.0,0.0,1.0,0.0,0.0,0.0,0.393939393939394,0.45833333333333326,0.5826050444903135,1
0.7059613126314263,0.447517537800759,0.5354656364574275,0.0,0.0,0.4285714285714286,0.5,2025,7,0.3999,1.0,0.0,0.0,1.0,0.0,0.0,0.0,0.0,1.0,0.0,1.0,0.0,0.0,1.0,0.0,0.0,0.0,0.393939393939394,0.45833333333333326,0.2436929589308451,1
0.6596842761989657,0.47403795200027954,0.5354656364574275,0.0,0.0,0.4285714285714286,0.5,2020,11,0.3999,1.0,0.0,0.0,1.0,0.0,0.0,0.0,0.0,1.0,0.0,1.0,0.0,0.0,0.0,0.0,1.0,0.0,0.393939393939394,0.45833333333333326,0.28844180225299054,1
0.8149733256083747,0.47403795200027954,0.5354656364574275,0.0,1.0,0.4285714285714286,0.5,2023,5,0.3999,0.0,0.0,1.0,0.0,0.0,1.0,0.0,1.0,0.0,0.0,0.0,1.0,0.0,0.0,0.0,1.0,0.0,0.393939393939394,0.45833333333333326,0.14445062888446727,0
0.7059613126314263,0.47403795200027954,0.5354656364574275,1.0000000000000004,1.0,0.4285714285714286,0.5,2024,8,0.3999,1.0,0.0,0.0,1.0,0.0,0.0,1.0,0.0,0.0,0.0,0.0,0.0,1.0,0.0,0.0,0.0,1.0,0.393939393939394,0.45833333333333326,0.29887056355028807,0
0.38823676709842325,0.47403795200027954,0.5354656364574275,0.0,1.0,0.4285714285714286,0.5,2024,10,0.3999,0.0,0.0,1.0,1.0,0.0,0.0,0.0,0.0,0.0,1.0,1.0,0.0,0.0,0.0,0.0,0.0,1.0,0.393939393939394,0.45833333333333326,0.5826050444903135,0
0.38823676709842325,0.447517537800759,0.591257371862075,1.0000000000000004,0.0,0.4285714285714286,0.5,2020,12,0.185,0.0,1.0,0.0,0.0,1.0,0.0,1.0,0.0,0.0,0.0,1.0,0.0,0.0,0.0,1.0,0.0,0.0,0.393939393939394,0.45833333333333326,0.6427439125168093,0
0.6596842761989657,0.47403795200027954,0.8896828119009514,0.0,0.0,0.4285714285714286,0.5,2022,5,0.3999,0.0,0.0,1.0,0.0,1.0,0.0,0.0,0.0,0.0,1.0,0.0,1.0,0.0,0.0,0.0,0.0,1.0,0.393939393939394,0.45833333333333326,0.28844180225299054,0
0.38823676709842325,0.447517537800759,0.5354656364574275,0.0,0.0,0.7,0.42500000000000004,2023,11,0.185,0.0,1.0,0.0,0.0,0.0,1.0,0.0,1.0,0.0,0.0,1.0,0.0,0.0,0.0,0.0,1.0,0.0,0.6161616161616162,0.5486111111111114,0.5826050444903135,0
0.8046533244696281,0.47403795200027954,0.12873860205784737,0.0,0.0,0.7857142857142856,0.9000000000000004,2024,2,0.102,0.0,1.0,0.0,1.0,0.0,0.0,0.0,0.0,1.0,0.0,0.0,1.0,0.0,0.0,0.0,0.0,1.0,0.48484848484848486,0.8541666666666667,0.15344736073036283,1
0.38823676709842325,0.9075591993313297,0.5496677092603841,1.0000000000000004,0.0,0.4285714285714286,0.5,2020,5,0.102,0.0,0.0,1.0,0.0,1.0,0.0,0.0,0.0,1.0,0.0,1.0,0.0,0.0,1.0,0.0,0.0,0.0,0.393939393939394,0.45833333333333326,0.6427439125168093,0
0.7059613126314263,0.47403795200027954,0.5354656364574275,0.0,1.0,0.4285714285714286,0.5,2024,10,0.2057,0.0,0.0,1.0,1.0,0.0,0.0,0.0,0.0,0.0,1.0,0.0,1.0,0.0,0.0,0.0,1.0,0.0,0.393939393939394,0.45833333333333326,0.2436929589308451,1
0.7059613126314263,0.447517537800759,0.5354656364574275,1.0000000000000004,0.0,0.4285714285714286,0.5,2022,10,0.3999,0.0,0.0,1.0,1.0,0.0,0.0,1.0,0.0,0.0,0.0,0.0,1.0,0.0,0.0,0.0,0.0,1.0,0.393939393939394,0.45833333333333326,0.29887056355028807,1
0.6596842761989657,0.47403795200027954,0.5354656364574275,0.0,0.0,0.4285714285714286,0.5,2022,7,0.3999,0.0,0.0,1.0,0.0,0.0,1.0,1.0,0.0,0.0,0.0,1.0,0.0,0.0,1.0,0.0,0.0,0.0,0.393939393939394,0.45833333333333326,0.28844180225299054,1
0.7059613126314263,0.47403795200027954,0.5354656364574275,0.0,0.0,0.4285714285714286,0.5,2021,8,0.185,0.0,1.0,0.0,0.0,1.0,0.0,1.0,0.0,0.0,0.0,1.0,0.0,0.0,0.0,1.0,0.0,0.0,0.393939393939394,0.45833333333333326,0.2436929589308451,0
0.7059613126314263,0.447517537800759,0.5354656364574275,0.0,0.0,0.5428571428571429,0.8000000000000003,2023,4,0.185,1.0,0.0,0.0,0.0,0.0,1.0,0.0,1.0,0.0,0.0,1.0,0.0,0.0,0.0,1.0,0.0,0.0,0.35353535353535354,0.6805555555555556,0.2436929589308451,0
0.6596842761989657,0.47403795200027954,0.5354656364574275,1.0000000000000004,0.0,0.4285714285714286,0.5,2022,9,0.1074,0.0,1.0,0.0,0.0,0.0,1.0,1.0,0.0,0.0,0.0,0.0,0.0,1.0,0.0,0.0,0.0,1.0,0.393939393939394,0.45833333333333326,0.34478095320423274,0
0.6596842761989657,0.47403795200027954,0.5354656364574275,0.0,0.0,0.4285714285714286,0.5,2021,11,0.3999,1.0,0.0,0.0,1.0,0.0,0.0,1.0,0.0,0.0,0.0,1.0,0.0,0.0,0.0,0.0,0.0,1.0,0.393939393939394,0.45833333333333326,0.28844180225299054,1
0.9867297885250814,0.47403795200027954,0.5354656364574275,0.0,0.0,0.4285714285714286,0.5,2025,5,0.2057,1.0,0.0,0.0,0.0,1.0,0.0,0.0,0.0,0.0,1.0,0.0,0.0,1.0,0.0,0.0,0.0,1.0,0.393939393939394,0.45833333333333326,0.009184283027861478,0
0.988998699993175,0.47403795200027954,0.5354656364574275,0.0,0.0,0.4285714285714286,0.5,2025,6,0.3999,0.0,0.0,1.0,1.0,0.0,0.0,1.0,0.0,0.0,0.0,0.0,0.0,1.0,0.0,0.0,0.0,1.0,0.393939393939394,0.45833333333333326,0.007599980034583148,0
0.6596842761989657,0.47403795200027954,0.5354656364574275,0.0,0.0,0.5714285714285714,1.0,2020,1,0.3999,0.0,1.0,0.0,1.0,0.0,0.0,0.0,0.0,1.0,0.0,0.0,0.0,1.0,0.0,0.0,0.0,1.0,0.29292929292929293,0.8055555555555556,0.28844180225299054,1
0.38823676709842325,0.09633107473592162,0.10825214845806475,0.0,1.0,0.4285714285714286,0.5,2024,7,0.185,0.0,0.0,1.0,0.0,0.0,1.0,0.0,1.0,0.0,0.0,1.0,0.0,0.0,0.0,1.0,0.0,0.0,0.393939393939394,0.45833333333333326,0.5826050444903135,0
0.9867297885250814,0.47403795200027954,0.5354656364574275,0.0,0.0,0.4285714285714286,0.5,2020,10,0.2057,1.0,0.0,0.0,0.0,0.0,1.0,1.0,0.0,0.0,0.0,0.0,1.0,0.0,0.0,0.0,0.0,1.0,0.393939393939394,0.45833333333333326,0.009184283027861478,0
0.38823676709842325,0.47403795200027954,0.5354656364574275,0.0,0.0,0.4285714285714286,0.5,2021,10,0.185,1.0,0.0,0.0,0.0,1.0,0.0,0.0,0.0,1.0,0.0,1.0,0.0,0.0,0.0,0.0,0.0,1.0,0.393939393939394,0.45833333333333326,0.5826050444903135,0
0.6596842761989657,0.179031446777127,0.5354656364574275,1.0000000000000004,0.0,0.4285714285714286,0.5,2021,1,0.2057,0.0,0.0,1.0,0.0,0.0,1.0,1.0,0.0,0.0,0.0,0.0,0.0,1.0,0.0,0.0,0.0,1.0,0.393939393939394,0.45833333333333326,0.34478095320423274,0
0.7059613126314263,0.47403795200027954,0.5354656364574275,0.0,1.0,0.4285714285714286,0.5,2021,8,0.185,0.0,0.0,1.0,1.0,0.0,0.0,0.0,0.0,1.0,0.0,0.0,1.0,0.0,0.0,1.0,0.0,0.0,0.393939393939394,0.45833333333333326,0.2436929589308451,1
0.38823676709842325,0.5453972146881942,0.6574156301296643,0.0,0.0,0.4285714285714286,0.5,2024,9,0.185,0.0,1.0,0.0,0.0,1.0,0.0,0.0,0.0,0.0,1.0,0.0,0.0,1.0,0.0,0.0,0.0,1.0,0.393939393939394,0.45833333333333326,0.5826050444903135,1
0.6596842761989657,0.447517537800759,0.5354656364574275,0.0,0.0,0.4285714285714286,0.5,2022,9,0.3999,1.0,0.0,0.0,0.0,1.0,0.0,0.0,0.0,1.0,0.0,1.0,0.0,0.0,0.0,0.0,1.0,0.0,0.393939393939394,0.45833333333333326,0.28844180225299054,0
0.38823676709842325,0.447517537800759,0.5354656364574275,0.0,0.0,0.4285714285714286,0.5,2023,3,0.2057,1.0,0.0,0.0,1.0,0.0,0.0,0.0,0.0,0.0,1.0,0.0,1.0,0.0,0.0,0.0,0.0,1.0,0.393939393939394,0.45833333333333326,0.5826050444903135,0
0.38823676709842325,0.447517537800759,0.5354656364574275,0.0,0.0,0.4285714285714286,0.5,2021,7,0.2057,1.0,0.0,0.0,1.0,0.0,0.0,0.0,0.0,1.0,0.0,0.0,0.0,1.0,0.0,0.0,1.0,0.0,0.393939393939394,0.45833333333333326,0.5826050444903135,0
0.38823676709842325,0.2689886319792474,0.10825214845806475,1.0000000000000004,0.0,0.4285714285714286,0.5,2021,9,0.3999,0.0,1.0,0.0,0.0,0.0,1.0,1.0,0.0,0.0,0.0,1.0,0.0,0.0,0.0,0.0,0.0,1.0,0.393939393939394,0.45833333333333326,0.6427439125168093,0
0.38823676709842325,0.8624388588869789,0.5354656364574275,0.0,0.0,0.44285714285714284,0.27500000000000013,2024,3,0.1074,0.0,1.0,0.0,0.0,1.0,0.0,1.0,0.0,0.0,0.0,0.0,0.0,1.0,1.0,0.0,0.0,0.0,0.494949494949495,0.3402777777777779,0.5826050444903135,0
0.6596842761989657,0.47403795200027954,0.5354656364574275,0.0,0.0,0.6285714285714286,0.4750000000000001,2023,5,0.185,0.0,1.0,0.0,1.0,0.0,0.0,0.0,0.0,1.0,0.0,1.0,0.0,0.0,0.0,0.0,0.0,1.0,0.5454545454545455,0.5416666666666667,0.28844180225299054,0
0.38823676709842325,0.47403795200027954,0.5354656364574275,1.0000000000000004,0.0,0.4285714285714286,0.5,2023,3,0.1074,0.0,1.0,0.0,1.0,0.0,0.0,1.0,0.0,0.0,0.0,0.0,1.0,0.0,0.0,0.0,1.0,0.0,0.393939393939394,0.45833333333333326,0.6427439125168093,0
0.38823676709842325,0.47403795200027954,0.5354656364574275,0.0,1.0,0.4285714285714286,0.5,2025,3,0.3999,1.0,0.0,0.0,0.0,1.0,0.0,1.0,0.0,0.0,0.0,0.0,0.0,1.0,0.0,0.0,0.0,1.0,0.393939393939394,0.45833333333333326,0.5826050444903135,1
0.7059613126314263,0.47403795200027954,0.9709410408258288,0.0,0.0,0.8857142857142857,0.3500000000000001,2025,4,0.2057,1.0,0.0,0.0,1.0,0.0,0.0,0.0,0.0,0.0,1.0,1.0,0.0,0.0,0.0,1.0,0.0,0.0,0.7777777777777779,0.5972222222222221,0.2436929589308451,1
0.7059613126314263,0.447517537800759,0.8791123785104213,1.0000000000000004,1.0,0.4285714285714286,0.5,2022,3,0.3999,1.0,0.0,0.0,0.0,0.0,1.0,0.0,0.0,1.0,0.0,0.0,0.0,1.0,0.0,0.0,1.0,0.0,0.393939393939394,0.45833333333333326,0.29887056355028807,1
0.6596842761989657,0.47403795200027954,0.5354656364574275,0.0,1.0,0.4285714285714286,0.5,2024,9,0.185,1.0,0.0,0.0,0.0,0.0,1.0,1.0,0.0,0.0,0.0,1.0,0.0,0.0,1.0,0.0,0.0,0.0,0.393939393939394,0.45833333333333326,0.28844180225299054,0
0.38823676709842325,0.47403795200027954,0.5354656364574275,0.0,1.0,0.5571428571428572,0.4500000000000002,2024,8,0.185,1.0,0.0,0.0,1.0,0.0,0.0,0.0,0.0,1.0,0.0,0.0,1.0,0.0,0.0,0.0,0.0,1.0,0.5050505050505052,0.4930555555555556,0.5826050444903135,0
0.757619990357176,0.47403795200027954,0.5354656364574275,0.0,0.0,0.4285714285714286,0.5,2023,11,0.3999,0.0,1.0,0.0,1.0,0.0,0.0,0.0,0.0,1.0,0.0,1.0,0.0,0.0,0.0,0.0,1.0,0.0,0.393939393939394,0.45833333333333326,0.19553489140479943,1
0.9774088217319686,0.47403795200027954,0.3829487047303832,0.0,0.0,0.4285714285714286,0.5,2025,1,0.3999,0.0,1.0,0.0,1.0,0.0,0.0,0.0,0.0,1.0,0.0,1.0,0.0,0.0,0.0,1.0,0.0,0.0,0.393939393939394,0.45833333333333326,0.015752803605833893,1
0.38823676709842325,0.447517537800759,0.5354656364574275,0.0,0.0,0.4285714285714286,0.5,2023,12,0.185,1.0,0.0,0.0,0.0,0.0,1.0,0.0,0.0,0.0,1.0,1.0,0.0,0.0,0.0,0.0,0.0,1.0,0.393939393939394,0.45833333333333326,0.5826050444903135,0
0.38823676709842325,0.447517537800759,0.5354656364574275,0.0,0.0,0.4285714285714286,0.5,2022,1,0.2057,0.0,1.0,0.0,0.0,0.0,1.0,0.0,0.0,0.0,1.0,1.0,0.0,0.0,0.0,0.0,0.0,1.0,0.393939393939394,0.45833333333333326,0.5826050444903135,1
0.38823676709842325,0.179031446777127,0.5354656364574275,0.0,1.0,0.4285714285714286,0.5,2025,3,0.185,0.0,1.0,0.0,0.0,0.0,1.0,0.0,0.0,1.0,0.0,0.0,1.0,0.0,1.0,0.0,0.0,0.0,0.393939393939394,0.45833333333333326,0.5826050444903135,1
0.38823676709842325,0.3175920355184272,0.14886875138769273,0.0,0.0,0.4285714285714286,0.5,2022,12,0.102,0.0,1.0,0.0,0.0,0.0,1.0,0.0,1.0,0.0,0.0,0.0,1.0,0.0,0.0,0.0,0.0,1.0,0.393939393939394,0.45833333333333326,0.5826050444903135,0
0.7059613126314263,0.9792742729518698,0.5354656364574275,0.0,0.0,0.4285714285714286,0.5,2025,6,0.185,0.0,1.0,0.0,0.0,0.0,1.0,0.0,0.0,1.0,0.0,1.0,0.0,0.0,0.0,0.0,0.0,1.0,0.393939393939394,0.45833333333333326,0.2436929589308451,0
0.9296527415680409,0.447517537800759,0.5354656364574275,0.0,0.0,0.4285714285714286,0.5,2024,10,0.102,0.0,0.0,1.0,0.0,0.0,1.0,1.0,0.0,0.0,0.0,0.0,1.0,0.0,0.0,1.0,0.0,0.0,0.393939393939394,0.45833333333333326,0.050881139834478756,1
0.7059613126314263,0.179031446777127,0.5354656364574275,1.0000000000000004,0.0,0.4285714285714286,0.5,2022,5,0.3999,0.0,1.0,0.0,0.0,0.0,1.0,0.0,1.0,0.0,0.0,0.0,0.0,1.0,0.0,0.0,1.0,0.0,0.393939393939394,0.45833333333333326,0.29887056355028807,0
0.8942636210657047,0.47403795200027954,0.5354656364574275,1.0000000000000004,0.0,0.8999999999999999,0.10000000000000009,2020,10,0.2057,1.0,0.0,0.0,0.0,0.0,1.0,1.0,0.0,0.0,0.0,0.0,1.0,0.0,0.0,0.0,0.0,1.0,0.8888888888888891,0.4652777777777779,0.12648305717889327,0
0.38823676709842325,0.5939527678633465,0.9903945140699006,0.0,0.0,0.4285714285714286,0.5,2022,2,0.3999,0.0,1.0,0.0,0.0,1.0,0.0,0.0,1.0,0.0,0.0,1.0,0.0,0.0,1.0,0.0,0.0,0.0,0.393939393939394,0.45833333333333326,0.5826050444903135,1
0.6596842761989657,0.8889592730864986,0.5354656364574275,0.0,0.0,0.11428571428571432,0.42500000000000004,2023,9,0.3999,0.0,1.0,0.0,0.0,0.0,1.0,1.0,0.0,0.0,0.0,0.0,1.0,0.0,0.0,0.0,1.0,0.0,0.20202020202020202,0.26388888888888906,0.28844180225299054,0
0.7059613126314263,0.47403795200027954,0.5354656364574275,0.0,0.0,0.4285714285714286,0.5,2024,2,0.3999,0.0,1.0,0.0,1.0,0.0,0.0,1.0,0.0,0.0,0.0,0.0,1.0,0.0,0.0,0.0,0.0,1.0,0.393939393939394,0.45833333333333326,0.2436929589308451,0
0.7059613126314263,0.9038615901705227,0.12873860205784737,0.0,0.0,0.4285714285714286,0.5,2024,8,0.102,0.0,1.0,0.0,0.0,1.0,0.0,0.0,1.0,0.0,0.0,1.0,0.0,0.0,0.0,0.0,0.0,1.0,0.393939393939394,0.45833333333333326,0.2436929589308451,0
0.6596842761989657,0.15887047894710626,0.5354656364574275,0.0,0.0,0.4285714285714286,0.5,2020,11,0.1074,1.0,0.0,0.0,0.0,0.0,1.0,0.0,0.0,1.0,0.0,1.0,0.0,0.0,0.0,0.0,1.0,0.0,0.393939393939394,0.45833333333333326,0.28844180225299054,1
0.914278985733633,0.47403795200027954,0.5354656364574275,0.0,0.0,0.4285714285714286,0.5,2020,4,0.1074,0.0,0.0,1.0,1.0,0.0,0.0,0.0,0.0,1.0,0.0,1.0,0.0,0.0,0.0,0.0,0.0,1.0,0.393939393939394,0.45833333333333326,0.06269645629323647,1
0.6596842761989657,0.11050538862370107,0.9903945140699006,0.0,1.0,0.4285714285714286,0.5,2025,2,0.3999,0.0,1.0,0.0,1.0,0.0,0.0,0.0,1.0,0.0,0.0,0.0,1.0,0.0,0.0,0.0,1.0,0.0,0.393939393939394,0.45833333333333326,0.28844180225299054,1
0.38823676709842325,0.47403795200027954,0.5354656364574275,0.0,0.0,0.4285714285714286,0.5,2024,9,0.102,0.0,0.0,1.0,0.0,1.0,0.0,0.0,1.0,0.0,0.0,0.0,1.0,0.0,1.0,0.0,0.0,0.0,0.393939393939394,0.45833333333333326,0.5826050444903135,1
0.7059613126314263,0.47403795200027954,0.5354656364574275,0.0,0.0,0.9142857142857141,0.9500000000000002,2023,11,0.2057,0.0,1.0,0.0,1.0,0.0,0.0,0.0,0.0,1.0,0.0,0.0,0.0,1.0,0.0,0.0,0.0,1.0,0.5555555555555557,0.9444444444444444,0.2436929589308451,1
0.6596842761989657,0.447517537800759,0.5354656364574275,0.0,0.0,0.4285714285714286,0.5,2024,5,0.3999,1.0,0.0,0.0,0.0,1.0,0.0,0.0,0.0,1.0,0.0,1.0,0.0,0.0,0.0,0.0,0.0,1.0,0.393939393939394,0.45833333333333326,0.28844180225299054,0
0.7059613126314263,0.447517537800759,0.16865477869575418,0.0,0.0,0.4285714285714286,0.5,2022,8,0.3999,0.0,0.0,1.0,1.0,0.0,0.0,0.0,0.0,1.0,0.0,0.0,1.0,0.0,0.0,0.0,0.0,1.0,0.393939393939394,0.45833333333333326,0.2436929589308451,1
0.38823676709842325,0.447517537800759,0.5354656364574275,0.0,1.0,0.4285714285714286,0.5,2023,4,0.1074,1.0,0.0,0.0,0.0,1.0,0.0,1.0,0.0,0.0,0.0,1.0,0.0,0.0,0.0,0.0,1.0,0.0,0.393939393939394,0.45833333333333326,0.5826050444903135,0
0.38823676709842325,0.6900911776928242,0.5354656364574275,0.0,0.0,0.4285714285714286,0.5,2021,12,0.3999,0.0,1.0,0.0,0.0,1.0,0.0,0.0,0.0,1.0,0.0,0.0,0.0,1.0,0.0,0.0,1.0,0.0,0.393939393939394,0.45833333333333326,0.5826050444903135,0
0.7059613126314263,0.7751698566066048,0.5354656364574275,0.0,0.0,0.4285714285714286,0.5,2022,7,0.185,0.0,0.0,1.0,1.0,0.0,0.0,0.0,0.0,1.0,0.0,0.0,1.0,0.0,0.0,0.0,1.0,0.0,0.393939393939394,0.45833333333333326,0.2436929589308451,1
0.6596842761989657,0.47403795200027954,0.5354656364574275,0.0,0.0,0.4285714285714286,0.5,2021,11,0.3999,1.0,0.0,0.0,0.0,0.0,1.0,1.0,0.0,0.0,0.0,0.0,1.0,0.0,0.0,1.0,0.0,0.0,0.393939393939394,0.45833333333333326,0.28844180225299054,1
0.38823676709842325,0.47403795200027954,0.5354656364574275,0.0,0.0,0.12857142857142856,0.7749999999999999,2024,10,0.3999,0.0,1.0,0.0,1.0,0.0,0.0,0.0,0.0,1.0,0.0,1.0,0.0,0.0,0.0,0.0,0.0,1.0,0.07070707070707072,0.4652777777777779,0.5826050444903135,1
0.6596842761989657,0.47403795200027954,0.5354656364574275,0.0,0.0,0.4285714285714286,0.5,2025,5,0.2057,0.0,0.0,1.0,1.0,0.0,0.0,1.0,0.0,0.0,0.0,1.0,0.0,0.0,0.0,0.0,1.0,0.0,0.393939393939394,0.45833333333333326,0.28844180225299054,1
0.38823676709842325,0.447517537800759,0.5354656364574275,0.0,1.0,0.4285714285714286,0.5,2022,3,0.3999,0.0,0.0,1.0,0.0,1.0,0.0,1.0,0.0,0.0,0.0,0.0,1.0,0.0,0.0,0.0,0.0,1.0,0.393939393939394,0.45833333333333326,0.5826050444903135,1
0.5195737064824407,0.5503397132132082,0.6181761295775301,0.0,0.0,0.4285714285714286,0.5,2023,11,0.102,1.0,0.0,0.0,0.0,1.0,0.0,0.0,1.0,0.0,0.0,0.0,1.0,0.0,0.0,0.0,1.0,0.0,0.393939393939394,0.45833333333333326,0.4328924311374578,1
0.38823676709842325,0.9149213210862199,0.5354656364574275,1.0000000000000004,0.0,0.4285714285714286,0.5,2024,1,0.3999,0.0,1.0,0.0,0.0,1.0,0.0,0.0,0.0,1.0,0.0,0.0,0.0,1.0,0.0,0.0,0.0,1.0,0.393939393939394,0.45833333333333326,0.6427439125168093,1
0.38823676709842325,0.47403795200027954,0.5354656364574275,0.0,0.0,0.4285714285714286,0.5,2023,8,0.3999,1.0,0.0,0.0,1.0,0.0,0.0,0.0,0.0,1.0,0.0,0.0,1.0,0.0,0.0,0.0,1.0,0.0,0.393939393939394,0.45833333333333326,0.5826050444903135,1
0.6596842761989657,0.47403795200027954,0.5354656364574275,1.0000000000000004,0.0,0.4285714285714286,0.5,2024,6,0.2057,0.0,1.0,0.0,0.0,1.0,0.0,1.0,0.0,0.0,0.0,1.0,0.0,0.0,0.0,1.0,0.0,0.0,0.393939393939394,0.45833333333333326,0.34478095320423274,1
0.7059613126314263,0.47403795200027954,0.14886875138769273,1.0000000000000004,0.0,0.4285714285714286,0.5,2023,1,0.1074,0.0,0.0,1.0,0.0,1.0,0.0,0.0,0.0,1.0,0.0,0.0,1.0,0.0,0.0,0.0,0.0,1.0,0.393939393939394,0.45833333333333326,0.29887056355028807,1
0.6596842761989657,0.0747593573455676,0.5354656364574275,0.0,0.0,0.4285714285714286,0.5,2025,5,0.2057,0.0,1.0,0.0,1.0,0.0,0.0,0.0,0.0,1.0,0.0,0.0,0.0,1.0,0.0,0.0,1.0,0.0,0.393939393939394,0.45833333333333326,0.28844180225299054,0
0.5195737064824407,0.47403795200027954,0.5354656364574275,0.0,0.0,0.4285714285714286,0.5,2023,6,0.3999,1.0,0.0,0.0,1.0,0.0,0.0,0.0,0.0,1.0,0.0,0.0,0.0,1.0,0.0,1.0,0.0,0.0,0.393939393939394,0.45833333333333326,0.4328924311374578,1
0.6596842761989657,0.6268387629204697,0.5354656364574275,0.0,0.0,0.028571428571428692,0.25,2024,8,0.3999,0.0,1.0,0.0,0.0,1.0,0.0,1.0,0.0,0.0,0.0,0.0,1.0,0.0,1.0,0.0,0.0,0.0,0.21212121212121213,0.125,0.28844180225299054,0
0.38823676709842325,0.47403795200027954,0.16865477869575418,0.0,0.0,0.4285714285714286,0.5,2022,5,0.2057,0.0,0.0,1.0,0.0,1.0,0.0,1.0,0.0,0.0,0.0,0.0,0.0,1.0,0.0,0.0,0.0,1.0,0.393939393939394,0.45833333333333326,0.5826050444903135,1
0.6596842761989657,0.7119174418342493,0.5354656364574275,0.0,0.0,0.4285714285714286,0.5,2025,8,0.185,0.0,0.0,1.0,1.0,0.0,0.0,0.0,0.0,1.0,0.0,0.0,1.0,0.0,0.0,1.0,0.0,0.0,0.393939393939394,0.45833333333333326,0.28844180225299054,0
0.7059613126314263,0.45819424286116694,0.5354656364574275,1.0000000000000004,1.0,0.4285714285714286,0.5,2020,9,0.3999,0.0,0.0,1.0,0.0,1.0,0.0,1.0,0.0,0.0,0.0,0.0,1.0,0.0,0.0,0.0,1.0,0.0,0.393939393939394,0.45833333333333326,0.29887056355028807,1
0.6596842761989657,0.47403795200027954,0.5354656364574275,0.0,0.0,0.4285714285714286,0.5,2024,3,0.185,1.0,0.0,0.0,0.0,0.0,1.0,0.0,0.0,1.0,0.0,0.0,1.0,0.0,0.0,1.0,0.0,0.0,0.393939393939394,0.45833333333333326,0.28844180225299054,1
0.7059613126314263,0.47403795200027954,0.3991371422078265,0.0,0.0,0.4285714285714286,0.5,2023,1,0.3999,0.0,0.0,1.0,0.0,0.0,1.0,1.0,0.0,0.0,0.0,0.0,1.0,0.0,1.0,0.0,0.0,0.0,0.393939393939394,0.45833333333333326,0.2436929589308451,1
0.6596842761989657,0.47403795200027954,0.9105384105881384,0.0,0.0,0.4285714285714286,0.5,2021,3,0.2057,0.0,0.0,1.0,1.0,0.0,0.0,1.0,0.0,0.0,0.0,1.0,0.0,0.0,0.0,0.0,0.0,1.0,0.393939393939394,0.45833333333333326,0.28844180225299054,1
0.6596842761989657,0.47403795200027954,0.5354656364574275,0.0,1.0,0.4285714285714286,0.5,2022,2,0.3999,0.0,1.0,0.0,1.0,0.0,0.0,1.0,0.0,0.0,0.0,1.0,0.0,0.0,0.0,1.0,0.0,0.0,0.393939393939394,0.45833333333333326,0.28844180225299054,1
0.7059613126314263,0.47403795200027954,0.5354656364574275,0.0,0.0,0.4285714285714286,0.5,2024,1,0.2057,0.0,1.0,0.0,0.0,0.0,1.0,1.0,0.0,0.0,0.0,0.0,1.0,0.0,1.0,0.0,0.0,0.0,0.393939393939394,0.45833333333333326,0.2436929589308451,1
0.38823676709842325,0.45286744524266,0.7441104797203657,0.0,0.0,0.4285714285714286,0.5,2020,6,0.2057,0.0,1.0,0.0,0.0,0.0,1.0,1.0,0.0,0.0,0.0,0.0,1.0,0.0,0.0,0.0,0.0,1.0,0.393939393939394,0.45833333333333326,0.5826050444903135,1
0.38823676709842325,0.47403795200027954,0.5354656364574275,0.0,0.0,0.4285714285714286,0.5,2022,11,0.3999,0.0,0.0,1.0,0.0,1.0,0.0,0.0,1.0,0.0,0.0,0.0,1.0,0.0,0.0,0.0,0.0,1.0,0.393939393939394,0.45833333333333326,0.5826050444903135,0
0.9296527415680409,0.47403795200027954,0.5354656364574275,0.0,0.0,0.4285714285714286,0.5,2020,10,0.3999,0.0,0.0,1.0,0.0,1.0,0.0,0.0,0.0,1.0,0.0,1.0,0.0,0.0,0.0,0.0,0.0,1.0,0.393939393939394,0.45833333333333326,0.050881139834478756,0
0.9205599781297086,0.47403795200027954,0.5354656364574275,0.0,0.0,0.4285714285714286,0.5,2023,6,0.102,0.0,0.0,1.0,0.0,0.0,1.0,0.0,0.0,1.0,0.0,0.0,1.0,0.0,0.0,0.0,0.0,1.0,0.393939393939394,0.45833333333333326,0.05784033428027044,1
0.38823676709842325,0.28132025205531574,0.835838014569739,0.0,1.0,0.4285714285714286,0.5,2021,10,0.1074,0.0,0.0,1.0,1.0,0.0,0.0,0.0,0.0,1.0,0.0,0.0,1.0,0.0,0.0,1.0,0.0,0.0,0.393939393939394,0.45833333333333326,0.5826050444903135,0
0.38823676709842325,0.9295150030212951,0.5354656364574275,0.0,0.0,0.4285714285714286,0.5,2023,3,0.102,0.0,0.0,1.0,0.0,0.0,1.0,0.0,0.0,1.0,0.0,0.0,0.0,1.0,0.0,0.0,1.0,0.0,0.393939393939394,0.45833333333333326,0.5826050444903135,0
0.7059613126314263,0.47403795200027954,0.5354656364574275,0.0,1.0,0.4285714285714286,0.5,2024,10,0.2057,0.0,0.0,1.0,1.0,0.0,0.0,0.0,0.0,0.0,1.0,0.0,1.0,0.0,0.0,0.0,1.0,0.0,0.393939393939394,0.45833333333333326,0.2436929589308451,1
0.7059613126314263,0.47403795200027954,0.5354656364574275,0.0,1.0,0.4285714285714286,0.5,2023,7,0.1074,1.0,0.0,0.0,0.0,1.0,0.0,0.0,0.0,1.0,0.0,0.0,0.0,1.0,0.0,1.0,0.0,0.0,0.393939393939394,0.45833333333333326,0.2436929589308451,1
0.6596842761989657,0.392701769832168,0.5354656364574275,0.0,0.0,0.14285714285714302,0.2250000000000001,2024,10,0.1074,1.0,0.0,0.0,1.0,0.0,0.0,0.0,1.0,0.0,0.0,1.0,0.0,0.0,0.0,0.0,1.0,0.0,0.30303030303030304,0.16666666666666674,0.28844180225299054,1
0.38823676709842325,0.8156046833861308,0.5354656364574275,1.0000000000000004,0.0,0.4285714285714286,0.5,2023,11,0.185,0.0,1.0,0.0,0.0,1.0,0.0,0.0,0.0,1.0,0.0,0.0,0.0,1.0,0.0,0.0,0.0,1.0,0.393939393939394,0.45833333333333326,0.6427439125168093,1
0.6596842761989657,0.47403795200027954,0.5354656364574275,0.0,0.0,0.4285714285714286,0.5,2023,11,0.185,0.0,1.0,0.0,1.0,0.0,0.0,0.0,0.0,0.0,1.0,1.0,0.0,0.0,0.0,0.0,0.0,1.0,0.393939393939394,0.45833333333333326,0.28844180225299054,1
0.38823676709842325,0.43674758522764545,0.5354656364574275,1.0000000000000004,0.0,0.4285714285714286,0.5,2025,3,0.3999,0.0,1.0,0.0,1.0,0.0,0.0,0.0,0.0,1.0,0.0,0.0,0.0,1.0,0.0,0.0,1.0,0.0,0.393939393939394,0.45833333333333326,0.6427439125168093,0
0.7059613126314263,0.47403795200027954,0.5354656364574275,1.0000000000000004,0.0,0.4285714285714286,0.5,2020,10,0.185,0.0,0.0,1.0,0.0,0.0,1.0,0.0,1.0,0.0,0.0,0.0,1.0,0.0,0.0,0.0,0.0,1.0,0.393939393939394,0.45833333333333326,0.29887056355028807,0
0.6596842761989657,0.447517537800759,0.5354656364574275,0.0,1.0,0.2571428571428571,0.2250000000000001,2022,10,0.3999,0.0,1.0,0.0,0.0,0.0,1.0,1.0,0.0,0.0,0.0,1.0,0.0,0.0,0.0,0.0,1.0,0.0,0.38383838383838387,0.22222222222222232,0.28844180225299054,1
0.7059613126314263,0.447517537800759,0.5354656364574275,1.0000000000000004,0.0,0.22857142857142865,0.10000000000000009,2021,6,0.185,0.0,0.0,1.0,0.0,1.0,0.0,0.0,0.0,1.0,0.0,0.0,1.0,0.0,0.0,1.0,0.0,0.0,0.41414141414141414,0.13888888888888906,0.29887056355028807,1
0.7059613126314263,0.47403795200027954,0.5354656364574275,0.0,0.0,0.4285714285714286,0.5,2021,5,0.3999,0.0,1.0,0.0,0.0,1.0,0.0,0.0,0.0,1.0,0.0,0.0,1.0,0.0,0.0,0.0,0.0,1.0,0.393939393939394,0.45833333333333326,0.2436929589308451,0
0.6596842761989657,0.447517537800759,0.5354656364574275,0.0,0.0,0.4285714285714286,0.5,2020,11,0.3999,0.0,1.0,0.0,1.0,0.0,0.0,0.0,0.0,0.0,1.0,1.0,0.0,0.0,1.0,0.0,0.0,0.0,0.393939393939394,0.45833333333333326,0.28844180225299054,0
0.7059613126314263,0.447517537800759,0.5354656364574275,0.0,1.0,0.5,0.10000000000000009,2023,1,0.3999,1.0,0.0,0.0,0.0,1.0,0.0,0.0,1.0,0.0,0.0,1.0,0.0,0.0,0.0,0.0,0.0,1.0,0.6060606060606062,0.27083333333333326,0.2436929589308451,1
0.8476534883872682,0.447517537800759,0.12873860205784737,0.0,0.0,0.4285714285714286,0.5,2020,9,0.1074,1.0,0.0,0.0,0.0,1.0,0.0,0.0,0.0,1.0,0.0,1.0,0.0,0.0,1.0,0.0,0.0,0.0,0.393939393939394,0.45833333333333326,0.1165574008242615,1
0.9867297885250814,0.5650494510263222,0.10825214845806475,0.0,0.0,0.4285714285714286,0.5,2021,10,0.2057,0.0,0.0,1.0,0.0,0.0,1.0,1.0,0.0,0.0,0.0,0.0,0.0,1.0,0.0,1.0,0.0,0.0,0.393939393939394,0.45833333333333326,0.009184283027861478,0
0.38823676709842325,0.47403795200027954,0.5354656364574275,0.0,0.0,0.4285714285714286,0.5,2024,9,0.3999,0.0,0.0,1.0,1.0,0.0,0.0,0.0,0.0,1.0,0.0,0.0,1.0,0.0,0.0,1.0,0.0,0.0,0.393939393939394,0.45833333333333326,0.5826050444903135,0
0.6596842761989657,0.47403795200027954,0.5354656364574275,0.0,1.0,0.4285714285714286,0.5,2024,12,0.185,1.0,0.0,0.0,0.0,1.0,0.0,0.0,0.0,1.0,0.0,0.0,0.0,1.0,0.0,1.0,0.0,0.0,0.393939393939394,0.45833333333333326,0.28844180225299054,0
0.38823676709842325,0.03794612415644005,0.5354656364574275,0.0,1.0,0.5428571428571429,0.9250000000000003,2020,6,0.2057,0.0,0.0,1.0,1.0,0.0,0.0,0.0,0.0,1.0,0.0,0.0,1.0,0.0,0.0,1.0,0.0,0.0,0.30303030303030304,0.7499999999999998,0.5826050444903135,0
0.764088502509945,0.47403795200027954,0.5354656364574275,0.0,0.0,0.4285714285714286,0.5,2025,2,0.3999,0.0,1.0,0.0,0.0,0.0,1.0,0.0,0.0,0.0,1.0,0.0,0.0,1.0,1.0,0.0,0.0,0.0,0.393939393939394,0.45833333333333326,0.18964410734058876,1
0.7059613126314263,0.34702426153413235,0.5354656364574275,0.0,0.0,0.4285714285714286,0.5,2020,3,0.1074,0.0,0.0,1.0,0.0,0.0,1.0,0.0,0.0,1.0,0.0,1.0,0.0,0.0,0.0,0.0,0.0,1.0,0.393939393939394,0.45833333333333326,0.2436929589308451,1
0.7059613126314263,0.447517537800759,0.8022862621300737,1.0000000000000004,0.0,0.4285714285714286,0.5,2021,9,0.2057,1.0,0.0,0.0,1.0,0.0,0.0,0.0,1.0,0.0,0.0,1.0,0.0,0.0,1.0,0.0,0.0,0.0,0.393939393939394,0.45833333333333326,0.29887056355028807,0
0.7059613126314263,0.447517537800759,0.10825214845806475,1.0000000000000004,0.0,0.4285714285714286,0.5,2025,5,0.185,0.0,0.0,1.0,0.0,1.0,0.0,0.0,0.0,1.0,0.0,0.0,1.0,0.0,0.0,0.0,0.0,1.0,0.393939393939394,0.45833333333333326,0.29887056355028807,0
0.6596842761989657,0.447517537800759,0.12873860205784737,1.0000000000000004,0.0,0.4285714285714286,0.5,2021,4,0.3999,0.0,0.0,1.0,0.0,0.0,1.0,0.0,1.0,0.0,0.0,1.0,0.0,0.0,1.0,0.0,0.0,0.0,0.393939393939394,0.45833333333333326,0.34478095320423274,0
0.7059613126314263,0.47403795200027954,0.5354656364574275,0.0,0.0,0.4285714285714286,0.5,2020,6,0.102,0.0,0.0,1.0,0.0,0.0,1.0,0.0,0.0,0.0,1.0,1.0,0.0,0.0,0.0,1.0,0.0,0.0,0.393939393939394,0.45833333333333326,0.2436929589308451,1
0.7059613126314263,0.447517537800759,0.5354656364574275,0.0,1.0,0.4285714285714286,0.5,2020,7,0.3999,0.0,1.0,0.0,1.0,0.0,0.0,0.0,0.0,1.0,0.0,0.0,0.0,1.0,0.0,0.0,0.0,1.0,0.393939393939394,0.45833333333333326,0.2436929589308451,1
0.7059613126314263,0.47403795200027954,0.5354656364574275,0.0,1.0,0.4285714285714286,0.5,2025,7,0.3999,0.0,0.0,1.0,0.0,0.0,1.0,0.0,1.0,0.0,0.0,0.0,0.0,1.0,0.0,0.0,1.0,0.0,0.393939393939394,0.45833333333333326,0.2436929589308451,1
0.7059613126314263,0.47403795200027954,0.5354656364574275,1.0000000000000004,0.0,0.842857142857143,0.0,2021,6,0.3999,0.0,1.0,0.0,0.0,0.0,1.0,0.0,0.0,1.0,0.0,1.0,0.0,0.0,0.0,0.0,0.0,1.0,0.8888888888888891,0.38194444444444464,0.29887056355028807,0
0.38823676709842325,0.47403795200027954,0.5354656364574275,0.0,0.0,0.4285714285714286,0.5,2023,8,0.102,0.0,0.0,1.0,1.0,0.0,0.0,0.0,0.0,0.0,1.0,0.0,1.0,0.0,0.0,0.0,0.0,1.0,0.393939393939394,0.45833333333333326,0.5826050444903135,0
0.6596842761989657,0.447517537800759,0.5354656364574275,1.0000000000000004,1.0,0.37142857142857144,0.125,2020,9,0.3999,0.0,0.0,1.0,0.0,0.0,1.0,1.0,0.0,0.0,0.0,1.0,0.0,0.0,0.0,0.0,0.0,1.0,0.5050505050505052,0.22222222222222232,0.34478095320423274,0
0.38823676709842325,0.03794612415644005,0.5354656364574275,1.0000000000000004,1.0,0.4285714285714286,0.5,2022,1,0.1074,0.0,0.0,1.0,1.0,0.0,0.0,0.0,0.0,0.0,1.0,0.0,1.0,0.0,0.0,1.0,0.0,0.0,0.393939393939394,0.45833333333333326,0.6427439125168093,0
0.5195737064824407,0.47403795200027954,0.5354656364574275,0.0,0.0,0.4285714285714286,0.5,2024,8,0.3999,1.0,0.0,0.0,1.0,0.0,0.0,0.0,1.0,0.0,0.0,0.0,0.0,1.0,1.0,0.0,0.0,0.0,0.393939393939394,0.45833333333333326,0.4328924311374578,1
0.6596842761989657,0.447517537800759,0.5354656364574275,0.0,0.0,0.4285714285714286,0.5,2022,5,0.2057,0.0,0.0,1.0,0.0,1.0,0.0,0.0,0.0,1.0,0.0,0.0,0.0,1.0,0.0,0.0,0.0,1.0,0.393939393939394,0.45833333333333326,0.28844180225299054,1
0.8871587529039012,0.447517537800759,0.5354656364574275,0.0,0.0,0.17142857142857149,0.5249999999999999,2022,10,0.185,1.0,0.0,0.0,1.0,0.0,0.0,0.0,0.0,1.0,0.0,0.0,0.0,1.0,0.0,0.0,0.0,1.0,0.20202020202020202,0.3472222222222223,0.08411262040353126,0
0.38823676709842325,0.9403480307961405,0.5354656364574275,1.0000000000000004,0.0,0.4285714285714286,0.5,2021,3,0.102,1.0,0.0,0.0,0.0,1.0,0.0,0.0,1.0,0.0,0.0,0.0,1.0,0.0,0.0,0.0,0.0,1.0,0.393939393939394,0.45833333333333326,0.6427439125168093,1
0.6596842761989657,0.47403795200027954,0.5354656364574275,0.0,0.0,0.7714285714285714,0.875,2023,6,0.3999,0.0,0.0,1.0,0.0,1.0,0.0,1.0,0.0,0.0,0.0,0.0,0.0,1.0,0.0,0.0,0.0,1.0,0.48484848484848486,0.8333333333333333,0.28844180225299054,1
0.6596842761989657,0.6268387629204697,0.5354656364574275,0.0,0.0,0.4285714285714286,0.5,2020,6,0.185,0.0,0.0,1.0,1.0,0.0,0.0,0.0,0.0,0.0,1.0,0.0,1.0,0.0,0.0,1.0,0.0,0.0,0.393939393939394,0.45833333333333326,0.28844180225299054,1
0.7938171132824735,0.7248301433933961,0.5354656364574275,0.0,0.0,0.4285714285714286,0.5,2025,8,0.3999,0.0,0.0,1.0,1.0,0.0,0.0,0.0,0.0,1.0,0.0,1.0,0.0,0.0,1.0,0.0,0.0,0.0,0.393939393939394,0.45833333333333326,0.16298828743946173,1
0.8942636210657047,0.47403795200027954,0.5210871358800633,0.0,0.0,0.6714285714285715,0.15000000000000013,2023,12,0.2057,1.0,0.0,0.0,0.0,0.0,1.0,1.0,0.0,0.0,0.0,1.0,0.0,0.0,0.0,0.0,0.0,1.0,0.7070707070707072,0.38194444444444464,0.07843276345318692,1
0.8907403066013384,0.47403795200027954,0.5354656364574275,0.0,0.0,0.4285714285714286,0.5,2024,4,0.185,0.0,1.0,0.0,0.0,1.0,0.0,0.0,1.0,0.0,0.0,0.0,1.0,0.0,0.0,0.0,0.0,1.0,0.393939393939394,0.45833333333333326,0.08124334521593937,0
0.38823676709842325,0.47403795200027954,0.5354656364574275,0.0,0.0,0.4285714285714286,0.5,2021,8,0.185,1.0,0.0,0.0,0.0,1.0,0.0,0.0,0.0,1.0,0.0,1.0,0.0,0.0,1.0,0.0,0.0,0.0,0.393939393939394,0.45833333333333326,0.5826050444903135,1
0.7059613126314263,0.47403795200027954,0.5354656364574275,0.0,0.0,0.6285714285714286,0.8000000000000003,2024,12,0.1074,1.0,0.0,0.0,1.0,0.0,0.0,0.0,1.0,0.0,0.0,1.0,0.0,0.0,1.0,0.0,0.0,0.0,0.41414141414141414,0.7222222222222221,0.2436929589308451,0
0.7059613126314263,0.47403795200027954,0.022475549143011975,0.0,0.0,0.40000000000000013,0.7250000000000001,2025,9,0.185,1.0,0.0,0.0,0.0,0.0,1.0,0.0,0.0,0.0,1.0,1.0,0.0,0.0,0.0,0.0,0.0,1.0,0.2828282828282828,0.5694444444444444,0.2436929589308451,1
0.6596842761989657,0.47403795200027954,0.5354656364574275,0.0,0.0,0.4285714285714286,0.5,2020,3,0.102,1.0,0.0,0.0,1.0,0.0,0.0,0.0,0.0,1.0,0.0,0.0,1.0,0.0,0.0,0.0,0.0,1.0,0.393939393939394,0.45833333333333326,0.28844180225299054,0
0.7059613126314263,0.47403795200027954,0.5354656364574275,0.0,0.0,0.4285714285714286,0.5,2021,11,0.185,0.0,0.0,1.0,0.0,0.0,1.0,1.0,0.0,0.0,0.0,0.0,0.0,1.0,0.0,0.0,0.0,1.0,0.393939393939394,0.45833333333333326,0.2436929589308451,0
0.38823676709842325,0.447517537800759,0.5354656364574275,0.0,0.0,0.4285714285714286,0.5,2022,3,0.3999,1.0,0.0,0.0,1.0,0.0,0.0,1.0,0.0,0.0,0.0,0.0,1.0,0.0,0.0,0.0,1.0,0.0,0.393939393939394,0.45833333333333326,0.5826050444903135,0
0.7059613126314263,0.47403795200027954,0.5354656364574275,1.0000000000000004,1.0,0.4285714285714286,0.5,2025,9,0.185,0.0,0.0,1.0,0.0,0.0,1.0,0.0,0.0,1.0,0.0,0.0,1.0,0.0,0.0,0.0,0.0,1.0,0.393939393939394,0.45833333333333326,0.29887056355028807,0
0.7059613126314263,0.4948511335168124,0.5354656364574275,0.0,1.0,0.4285714285714286,0.5,2024,9,0.3999,0.0,0.0,1.0,0.0,1.0,0.0,1.0,0.0,0.0,0.0,1.0,0.0,0.0,0.0,1.0,0.0,0.0,0.393939393939394,0.45833333333333326,0.2436929589308451,1
0.7059613126314263,0.47403795200027954,1.0,0.0,0.0,0.4285714285714286,0.5,2021,10,0.2057,0.0,1.0,0.0,0.0,0.0,1.0,1.0,0.0,0.0,0.0,0.0,1.0,0.0,1.0,0.0,0.0,0.0,0.393939393939394,0.45833333333333326,0.2436929589308451,1
0.8248240703312607,0.47403795200027954,0.6702053117729241,1.0000000000000004,0.0,0.4285714285714286,0.5,2023,3,0.185,0.0,1.0,0.0,0.0,1.0,0.0,1.0,0.0,0.0,0.0,1.0,0.0,0.0,1.0,0.0,0.0,0.0,0.393939393939394,0.45833333333333326,0.18711670807330735,0
0.7059613126314263,0.447517537800759,0.5354656364574275,0.0,0.0,0.3571428571428572,0.07500000000000018,2023,12,0.102,0.0,1.0,0.0,0.0,1.0,0.0,0.0,0.0,0.0,1.0,0.0,1.0,0.0,0.0,0.0,1.0,0.0,0.5151515151515152,0.1875,0.2436929589308451,0
0.38823676709842325,0.447517537800759,0.5354656364574275,0.0,0.0,0.20000000000000018,0.17500000000000004,2023,4,0.3999,0.0,1.0,0.0,0.0,1.0,0.0,0.0,0.0,1.0,0.0,0.0,0.0,1.0,0.0,1.0,0.0,0.0,0.36363636363636365,0.16666666666666674,0.5826050444903135,0
0.38823676709842325,0.447517537800759,0.5354656364574275,0.0,0.0,0.4285714285714286,0.5,2023,12,0.3999,1.0,0.0,0.0,1.0,0.0,0.0,1.0,0.0,0.0,0.0,1.0,0.0,0.0,0.0,0.0,1.0,0.0,0.393939393939394,0.45833333333333326,0.5826050444903135,1
0.9912440990023085,0.47403795200027954,0.5354656364574275,0.0,0.0,0.5428571428571429,0.8250000000000002,2023,1,0.3999,0.0,0.0,1.0,0.0,0.0,1.0,0.0,0.0,1.0,0.0,0.0,1.0,0.0,0.0,0.0,1.0,0.0,0.3434343434343435,0.6944444444444444,0.006037758099239926,1
0.6596842761989657,0.47403795200027954,0.5354656364574275,1.0000000000000004,0.0,0.9714285714285715,0.8500000000000001,2023,7,0.2057,1.0,0.0,0.0,0.0,1.0,0.0,1.0,0.0,0.0,0.0,0.0,1.0,0.0,1.0,0.0,0.0,0.0,0.6363636363636365,0.9166666666666667,0.34478095320423274,1
0.7059613126314263,0.525426709709921,0.5354656364574275,0.0,1.0,0.4285714285714286,0.5,2020,10,0.185,0.0,1.0,0.0,0.0,1.0,0.0,0.0,0.0,0.0,1.0,0.0,1.0,0.0,0.0,0.0,0.0,1.0,0.393939393939394,0.45833333333333326,0.2436929589308451,0
0.7059613126314263,0.6588704789471067,0.5354656364574275,1.0000000000000004,0.0,0.4285714285714286,0.5,2025,2,0.1074,0.0,0.0,1.0,1.0,0.0,0.0,1.0,0.0,0.0,0.0,1.0,0.0,0.0,0.0,0.0,0.0,1.0,0.393939393939394,0.45833333333333326,0.29887056355028807,1
0.38823676709842325,0.8036128378517904,0.7908826781462572,0.0,0.0,0.4285714285714286,0.5,2023,11,0.2057,0.0,0.0,1.0,0.0,1.0,0.0,0.0,0.0,0.0,1.0,1.0,0.0,0.0,0.0,1.0,0.0,0.0,0.393939393939394,0.45833333333333326,0.5826050444903135,0
0.6596842761989657,0.47403795200027954,0.5354656364574275,0.0,0.0,0.4285714285714286,0.5,2025,6,0.3999,0.0,1.0,0.0,0.0,1.0,0.0,0.0,0.0,0.0,1.0,1.0,0.0,0.0,0.0,1.0,0.0,0.0,0.393939393939394,0.45833333333333326,0.28844180225299054,1
0.6596842761989657,0.47403795200027954,0.5210871358800633,0.0,0.0,0.4285714285714286,0.5,2024,10,0.3999,0.0,0.0,1.0,0.0,0.0,1.0,0.0,0.0,0.0,1.0,1.0,0.0,0.0,0.0,0.0,1.0,0.0,0.393939393939394,0.45833333333333326,0.28844180225299054,1
0.38823676709842325,0.447517537800759,0.5354656364574275,1.0000000000000004,0.0,0.4285714285714286,0.5,2021,10,0.102,1.0,0.0,0.0,0.0,1.0,0.0,0.0,0.0,0.0,1.0,1.0,0.0,0.0,0.0,0.0,0.0,1.0,0.393939393939394,0.45833333333333326,0.6427439125168093,1
0.6596842761989657,0.3982943042755771,0.5354656364574275,0.0,1.0,0.4285714285714286,0.5,2020,6,0.102,0.0,0.0,1.0,1.0,0.0,0.0,0.0,0.0,0.0,1.0,0.0,0.0,1.0,0.0,0.0,0.0,1.0,0.393939393939394,0.45833333333333326,0.28844180225299054,1
0.38823676709842325,0.447517537800759,0.5354656364574275,0.0,0.0,0.8999999999999999,0.050000000000000044,2020,11,0.3999,0.0,0.0,1.0,0.0,1.0,0.0,1.0,0.0,0.0,0.0,0.0,1.0,0.0,0.0,0.0,0.0,1.0,0.9090909090909092,0.4375,0.5826050444903135,1
0.7059613126314263,0.47403795200027954,0.5354656364574275,1.0000000000000004,0.0,0.4285714285714286,0.5,2025,6,0.185,1.0,0.0,0.0,1.0,0.0,0.0,0.0,1.0,0.0,0.0,0.0,1.0,0.0,0.0,1.0,0.0,0.0,0.393939393939394,0.45833333333333326,0.29887056355028807,0
0.7059613126314263,0.47403795200027954,0.5354656364574275,0.0,0.0,0.4285714285714286,0.5,2024,5,0.1074,1.0,0.0,0.0,0.0,0.0,1.0,0.0,1.0,0.0,0.0,0.0,0.0,1.0,0.0,0.0,0.0,1.0,0.393939393939394,0.45833333333333326,0.2436929589308451,1
0.9440075965061615,0.7627762675498357,0.5354656364574275,0.0,0.0,0.4285714285714286,0.5,2021,10,0.102,0.0,0.0,1.0,0.0,0.0,1.0,0.0,0.0,0.0,1.0,0.0,1.0,0.0,0.0,0.0,0.0,1.0,0.393939393939394,0.45833333333333326,0.040067883651383834,0
0.9355092890383155,0.6128520148907115,0.7559819110879777,1.0000000000000004,0.0,0.4285714285714286,0.5,2025,5,0.3999,1.0,0.0,0.0,0.0,0.0,1.0,1.0,0.0,0.0,0.0,1.0,0.0,0.0,1.0,0.0,0.0,0.0,0.393939393939394,0.45833333333333326,0.09235406731152349,1
0.6596842761989657,0.47403795200027954,0.8468092285777598,0.0,0.0,0.4285714285714286,0.5,2022,12,0.3999,0.0,0.0,1.0,0.0,0.0,1.0,0.0,0.0,1.0,0.0,0.0,1.0,0.0,0.0,0.0,1.0,0.0,0.393939393939394,0.45833333333333326,0.28844180225299054,1
0.7059613126314263,0.47403795200027954,0.5354656364574275,0.0,0.0,0.17142857142857149,0.17500000000000004,2022,7,0.1074,0.0,1.0,0.0,0.0,0.0,1.0,1.0,0.0,0.0,0.0,0.0,1.0,0.0,0.0,0.0,0.0,1.0,0.3434343434343435,0.1527777777777779,0.2436929589308451,0
0.38823676709842325,0.47403795200027954,0.5354656364574275,0.0,0.0,0.4285714285714286,0.5,2023,5,0.3999,1.0,0.0,0.0,0.0,1.0,0.0,0.0,1.0,0.0,0.0,0.0,1.0,0.0,0.0,0.0,0.0,1.0,0.393939393939394,0.45833333333333326,0.5826050444903135,0
0.9011428993421277,0.447517537800759,0.5354656364574275,0.0,1.0,0.4285714285714286,0.5,2024,3,0.1074,0.0,1.0,0.0,1.0,0.0,0.0,0.0,0.0,1.0,0.0,1.0,0.0,0.0,1.0,0.0,0.0,0.0,0.393939393939394,0.45833333333333326,0.07297978914527489,0
0.38823676709842325,0.47403795200027954,0.5354656364574275,0.0,0.0,1.0,0.25,2023,9,0.3999,0.0,0.0,1.0,1.0,0.0,0.0,1.0,0.0,0.0,0.0,0.0,0.0,1.0,1.0,0.0,0.0,0.0,0.8989898989898991,0.5972222222222221,0.5826050444903135,1
0.6596842761989657,0.47403795200027954,0.5354656364574275,0.0,0.0,0.4285714285714286,0.5,2024,4,0.2057,1.0,0.0,0.0,1.0,0.0,0.0,0.0,0.0,1.0,0.0,1.0,0.0,0.0,0.0,1.0,0.0,0.0,0.393939393939394,0.45833333333333326,0.28844180225299054,0
0.6596842761989657,0.447517537800759,0.5354656364574275,1.0000000000000004,0.0,0.4285714285714286,0.5,2025,5,0.2057,0.0,1.0,0.0,0.0,0.0,1.0,0.0,1.0,0.0,0.0,0.0,0.0,1.0,1.0,0.0,0.0,0.0,0.393939393939394,0.45833333333333326,0.34478095320423274,1
0.38823676709842325,0.47403795200027954,0.9610903055226858,0.0,0.0,0.4285714285714286,0.5,2024,5,0.185,0.0,0.0,1.0,0.0,0.0,1.0,1.0,0.0,0.0,0.0,1.0,0.0,0.0,0.0,1.0,0.0,0.0,0.393939393939394,0.45833333333333326,0.5826050444903135,1
0.9440075965061615,0.47403795200027954,0.18810825193982694,0.0,0.0,0.4285714285714286,0.5,2020,4,0.3999,0.0,1.0,0.0,1.0,0.0,0.0,1.0,0.0,0.0,0.0,0.0,1.0,0.0,0.0,0.0,0.0,1.0,0.393939393939394,0.45833333333333326,0.040067883651383834,0
0.6596842761989657,0.447517537800759,0.5354656364574275,0.0,1.0,0.4285714285714286,0.5,2023,12,0.3999,0.0,1.0,0.0,0.0,1.0,0.0,1.0,0.0,0.0,0.0,1.0,0.0,0.0,0.0,0.0,0.0,1.0,0.393939393939394,0.45833333333333326,0.28844180225299054,0
0.6886177335457992,0.47403795200027954,0.9610903055226858,0.0,1.0,0.20000000000000018,0.42500000000000004,2023,8,0.2057,0.0,1.0,0.0,0.0,1.0,0.0,0.0,0.0,0.0,1.0,1.0,0.0,0.0,1.0,0.0,0.0,0.0,0.26262626262626265,0.3055555555555556,0.26029014010964224,1
0.38823676709842325,0.447517537800759,0.5354656364574275,0.0,1.0,0.8285714285714287,0.5500000000000003,2025,7,0.185,0.0,0.0,1.0,0.0,0.0,1.0,0.0,1.0,0.0,0.0,0.0,1.0,0.0,0.0,1.0,0.0,0.0,0.6565656565656567,0.6805555555555556,0.5826050444903135,1
0.6596842761989657,0.47403795200027954,0.5354656364574275,0.0,0.0,0.4285714285714286,0.5,2022,5,0.102,0.0,1.0,0.0,0.0,0.0,1.0,0.0,0.0,1.0,0.0,0.0,1.0,0.0,0.0,0.0,0.0,1.0,0.393939393939394,0.45833333333333326,0.28844180225299054,0
0.6596842761989657,0.47403795200027954,0.5354656364574275,1.0000000000000004,0.0,0.4285714285714286,0.5,2023,9,0.1074,0.0,1.0,0.0,1.0,0.0,0.0,1.0,0.0,0.0,0.0,0.0,0.0,1.0,0.0,1.0,0.0,0.0,0.393939393939394,0.45833333333333326,0.34478095320423274,0
0.799302952252854,0.47403795200027954,0.04452296644768605,0.0,0.0,0.4285714285714286,0.5,2021,12,0.3999,0.0,0.0,1.0,1.0,0.0,0.0,0.0,0.0,1.0,0.0,1.0,0.0,0.0,0.0,0.0,1.0,0.0,0.393939393939394,0.45833333333333326,0.1581462430386212,0
0.7059613126314263,0.47403795200027954,0.20724016540637713,0.0,0.0,0.4285714285714286,0.5,2021,7,0.185,1.0,0.0,0.0,0.0,1.0,0.0,0.0,0.0,0.0,1.0,1.0,0.0,0.0,0.0,0.0,1.0,0.0,0.393939393939394,0.45833333333333326,0.2436929589308451,0
0.7059613126314263,0.8814400319160698,0.14886875138769273,1.0000000000000004,0.0,0.4285714285714286,0.5,2025,7,0.1074,0.0,0.0,1.0,0.0,0.0,1.0,1.0,0.0,0.0,0.0,1.0,0.0,0.0,0.0,0.0,0.0,1.0,0.393939393939394,0.45833333333333326,0.29887056355028807,0
0.9934664678721488,0.47403795200027954,0.5354656364574275,0.0,0.0,0.4285714285714286,0.5,2024,12,0.2057,0.0,0.0,1.0,1.0,0.0,0.0,1.0,0.0,0.0,0.0,1.0,0.0,0.0,0.0,0.0,0.0,1.0,0.393939393939394,0.45833333333333326,0.004497121634643941,0
0.7059613126314263,0.47403795200027954,0.5354656364574275,0.0,1.0,0.4285714285714286,0.5,2025,8,0.3999,0.0,1.0,0.0,0.0,1.0,0.0,1.0,0.0,0.0,0.0,1.0,0.0,0.0,0.0,0.0,1.0,0.0,0.393939393939394,0.45833333333333326,0.2436929589308451,0
0.764088502509945,0.737609032166215,0.6444830440585729,0.0,1.0,0.4285714285714286,0.5,2025,7,0.3999,0.0,1.0,0.0,0.0,0.0,1.0,1.0,0.0,0.0,0.0,1.0,0.0,0.0,1.0,0.0,0.0,0.0,0.393939393939394,0.45833333333333326,0.18964410734058876,0
0.7059613126314263,0.47403795200027954,0.5354656364574275,0.0,0.0,0.4285714285714286,0.5,2022,2,0.3999,0.0,1.0,0.0,0.0,1.0,0.0,1.0,0.0,0.0,0.0,1.0,0.0,0.0,1.0,0.0,0.0,0.0,0.393939393939394,0.45833333333333326,0.2436929589308451,0
0.38823676709842325,0.447517537800759,0.7559819110879777,0.0,0.0,0.9142857142857141,0.6000000000000001,2023,7,0.3999,1.0,0.0,0.0,0.0,1.0,0.0,0.0,0.0,1.0,0.0,0.0,1.0,0.0,0.0,0.0,0.0,1.0,0.6969696969696971,0.7499999999999998,0.5826050444903135,1
0.9750145535549487,0.447517537800759,0.5354656364574275,0.0,0.0,0.4285714285714286,0.5,2025,9,0.2057,0.0,0.0,1.0,0.0,1.0,0.0,1.0,0.0,0.0,0.0,0.0,0.0,1.0,1.0,0.0,0.0,0.0,0.393939393939394,0.45833333333333326,0.017455542501302573,0
0.6596842761989657,0.447517537800759,0.5496677092603841,0.0,0.0,0.2857142857142858,0.5750000000000002,2025,8,0.2057,1.0,0.0,0.0,1.0,0.0,0.0,0.0,1.0,0.0,0.0,1.0,0.0,0.0,0.0,1.0,0.0,0.0,0.26262626262626265,0.4305555555555556,0.28844180225299054,0
0.7059613126314263,0.8738746601432186,0.5354656364574275,0.0,0.0,0.4285714285714286,0.5,2023,12,0.2057,0.0,0.0,1.0,0.0,0.0,1.0,1.0,0.0,0.0,0.0,0.0,0.0,1.0,0.0,0.0,0.0,1.0,0.393939393939394,0.45833333333333326,0.2436929589308451,1
0.38823676709842325,0.771052484730768,0.8896828119009514,0.0,1.0,0.4285714285714286,0.5,2023,10,0.185,0.0,1.0,0.0,0.0,1.0,0.0,0.0,1.0,0.0,0.0,1.0,0.0,0.0,1.0,0.0,0.0,0.0,0.393939393939394,0.45833333333333326,0.5826050444903135,1
0.9494934354765419,0.447517537800759,0.5354656364574275,0.0,0.0,0.2571428571428571,0.6000000000000001,2025,3,0.2057,1.0,0.0,0.0,1.0,0.0,0.0,1.0,0.0,0.0,0.0,1.0,0.0,0.0,1.0,0.0,0.0,0.0,0.23232323232323232,0.4305555555555556,0.035992393836476094,1
0.8199546729298165,0.47403795200027954,0.0,0.0,1.0,0.4285714285714286,0.5,2024,3,0.1074,0.0,1.0,0.0,0.0,0.0,1.0,1.0,0.0,0.0,0.0,1.0,0.0,0.0,0.0,0.0,1.0,0.0,0.393939393939394,0.45833333333333326,0.1401398181181376,1
0.6596842761989657,0.6856791811037986,0.8684445203976638,0.0,1.0,0.4285714285714286,0.5,2023,10,0.185,0.0,0.0,1.0,0.0,1.0,0.0,0.0,0.0,1.0,0.0,1.0,0.0,0.0,0.0,0.0,0.0,1.0,0.393939393939394,0.45833333333333326,0.28844180225299054,0
0.7059613126314263,0.6081542883286875,0.5354656364574275,0.0,0.0,0.4285714285714286,0.5,2020,10,0.2057,1.0,0.0,0.0,0.0,0.0,1.0,1.0,0.0,0.0,0.0,1.0,0.0,0.0,0.0,0.0,1.0,0.0,0.393939393939394,0.45833333333333326,0.2436929589308451,0
0.6596842761989657,0.47403795200027954,0.5354656364574275,0.0,0.0,0.4285714285714286,0.5,2022,1,0.3999,1.0,0.0,0.0,1.0,0.0,0.0,1.0,0.0,0.0,0.0,0.0,1.0,0.0,0.0,1.0,0.0,0.0,0.393939393939394,0.45833333333333326,0.28844180225299054,0
0.9494934354765419,0.447517537800759,0.5354656364574275,0.0,0.0,0.4285714285714286,0.5,2022,6,0.3999,0.0,1.0,0.0,1.0,0.0,0.0,0.0,1.0,0.0,0.0,0.0,1.0,0.0,0.0,0.0,0.0,1.0,0.393939393939394,0.45833333333333326,0.035992393836476094,1
0.7059613126314263,0.47403795200027954,0.5354656364574275,0.0,0.0,0.4285714285714286,0.5,2024,5,0.1074,0.0,0.0,1.0,1.0,0.0,0.0,0.0,0.0,1.0,0.0,0.0,0.0,1.0,0.0,1.0,0.0,0.0,0.393939393939394,0.45833333333333326,0.2436929589308451,1
0.38823676709842325,0.46349812945138247,0.5354656364574275,0.0,0.0,0.4285714285714286,0.5,2022,2,0.2057,0.0,0.0,1.0,0.0,0.0,1.0,0.0,0.0,1.0,0.0,1.0,0.0,0.0,1.0,0.0,0.0,0.0,0.393939393939394,0.45833333333333326,0.5826050444903135,1
0.7059613126314263,0.47403795200027954,0.591257371862075,0.0,0.0,0.4285714285714286,0.5,2020,11,0.1074,1.0,0.0,0.0,1.0,0.0,0.0,1.0,0.0,0.0,0.0,1.0,0.0,0.0,0.0,1.0,0.0,0.0,0.393939393939394,0.45833333333333326,0.2436929589308451,1
0.38823676709842325,0.6812513424822684,0.5354656364574275,0.0,0.0,0.4285714285714286,0.5,2023,8,0.3999,1.0,0.0,0.0,0.0,0.0,1.0,1.0,0.0,0.0,0.0,0.0,0.0,1.0,0.0,0.0,0.0,1.0,0.393939393939394,0.45833333333333326,0.5826050444903135,1
0.38823676709842325,0.447517537800759,0.8684445203976638,1.0000000000000004,0.0,0.4285714285714286,0.5,2021,7,0.185,0.0,0.0,1.0,0.0,1.0,0.0,0.0,0.0,1.0,0.0,0.0,0.0,1.0,0.0,1.0,0.0,0.0,0.393939393939394,0.45833333333333326,0.6427439125168093,0
0.6596842761989657,0.47403795200027954,0.6702053117729241,0.0,0.0,0.4285714285714286,0.5,2023,9,0.2057,0.0,1.0,0.0,1.0,0.0,0.0,0.0,0.0,0.0,1.0,1.0,0.0,0.0,0.0,0.0,0.0,1.0,0.393939393939394,0.45833333333333326,0.28844180225299054,0
0.7059613126314263,0.47403795200027954,0.5354656364574275,0.0,0.0,0.4285714285714286,0.5,2023,12,0.3999,0.0,1.0,0.0,0.0,1.0,0.0,1.0,0.0,0.0,0.0,0.0,1.0,0.0,0.0,0.0,0.0,1.0,0.393939393939394,0.45833333333333326,0.2436929589308451,0
0.7059613126314263,0.47403795200027954,1.0,0.0,0.0,0.4285714285714286,0.5,2024,3,0.185,1.0,0.0,0.0,0.0,1.0,0.0,1.0,0.0,0.0,0.0,1.0,0.0,0.0,0.0,0.0,0.0,1.0,0.393939393939394,0.45833333333333326,0.2436929589308451,0
0.7059613126314263,0.47403795200027954,0.5354656364574275,0.0,0.0,0.4285714285714286,0.5,2021,12,0.1074,1.0,0.0,0.0,1.0,0.0,0.0,1.0,0.0,0.0,0.0,0.0,1.0,0.0,0.0,0.0,1.0,0.0,0.393939393939394,0.45833333333333326,0.2436929589308451,1
0.9266640174205345,0.47403795200027954,0.5354656364574275,1.0000000000000004,1.0,0.4285714285714286,0.5,2021,1,0.1074,0.0,1.0,0.0,0.0,0.0,1.0,0.0,1.0,0.0,0.0,0.0,0.0,1.0,1.0,0.0,0.0,0.0,0.393939393939394,0.45833333333333326,0.09954632860946486,1
0.6596842761989657,0.9185859648863031,0.7077476647896876,1.0000000000000004,0.0,0.4285714285714286,0.5,2022,1,0.185,1.0,0.0,0.0,0.0,1.0,0.0,1.0,0.0,0.0,0.0,0.0,0.0,1.0,0.0,1.0,0.0,0.0,0.393939393939394,0.45833333333333326,0.34478095320423274,1
0.0,0.5939527678633465,0.5354656364574275,0.0,0.0,0.4285714285714286,0.5,2020,3,0.3999,0.0,0.0,1.0,0.0,0.0,1.0,1.0,0.0,0.0,0.0,0.0,1.0,0.0,0.0,0.0,0.0,1.0,0.393939393939394,0.45833333333333326,0.9387591798167269,0
0.7059613126314263,0.47403795200027954,0.5354656364574275,0.0,0.0,0.4285714285714286,0.5,2020,2,0.185,0.0,0.0,1.0,0.0,0.0,1.0,1.0,0.0,0.0,0.0,1.0,0.0,0.0,0.0,1.0,0.0,0.0,0.393939393939394,0.45833333333333326,0.2436929589308451,1
0.38823676709842325,0.5153188520419412,0.5354656364574275,0.0,0.0,0.4285714285714286,0.5,2020,3,0.3999,0.0,0.0,1.0,0.0,0.0,1.0,0.0,1.0,0.0,0.0,1.0,0.0,0.0,0.0,0.0,0.0,1.0,0.393939393939394,0.45833333333333326,0.5826050444903135,1
0.38823676709842325,0.47403795200027954,0.7077476647896876,0.0,0.0,0.4285714285714286,0.5,2020,12,0.3999,1.0,0.0,0.0,0.0,1.0,0.0,0.0,1.0,0.0,0.0,0.0,1.0,0.0,0.0,0.0,0.0,1.0,0.393939393939394,0.45833333333333326,0.5826050444903135,0
0.6596842761989657,0.45819424286116694,0.5354656364574275,0.0,0.0,0.4285714285714286,0.5,2020,10,0.3999,1.0,0.0,0.0,1.0,0.0,0.0,0.0,0.0,1.0,0.0,1.0,0.0,0.0,1.0,0.0,0.0,0.0,0.393939393939394,0.45833333333333326,0.28844180225299054,1
0.7059613126314263,0.47403795200027954,0.5354656364574275,0.0,0.0,0.7571428571428571,0.6000000000000001,2022,3,0.3999,1.0,0.0,0.0,0.0,0.0,1.0,0.0,1.0,0.0,0.0,1.0,0.0,0.0,0.0,1.0,0.0,0.0,0.585858585858586,0.6736111111111114,0.2436929589308451,0
0.7059613126314263,0.47403795200027954,0.7199959739199215,0.0,0.0,0.6000000000000001,0.17500000000000004,2023,9,0.2057,1.0,0.0,0.0,1.0,0.0,0.0,0.0,0.0,0.0,1.0,0.0,1.0,0.0,0.0,0.0,0.0,1.0,0.6464646464646465,0.3611111111111114,0.2436929589308451,0
0.9774088217319686,0.47403795200027954,0.3829487047303832,0.0,0.0,0.4285714285714286,0.5,2025,1,0.3999,0.0,1.0,0.0,1.0,0.0,0.0,0.0,0.0,1.0,0.0,1.0,0.0,0.0,0.0,1.0,0.0,0.0,0.393939393939394,0.45833333333333326,0.015752803605833893,1
0.9383792523906672,0.7544441295584741,0.5354656364574275,0.0,1.0,0.4285714285714286,0.5,2020,12,0.1074,1.0,0.0,0.0,0.0,1.0,0.0,0.0,0.0,1.0,0.0,0.0,0.0,1.0,1.0,0.0,0.0,0.0,0.393939393939394,0.45833333333333326,0.04428208726403157,0
0.38823676709842325,0.8156046833861308,0.5354656364574275,1.0000000000000004,0.0,0.4285714285714286,0.5,2023,11,0.185,0.0,1.0,0.0,0.0,1.0,0.0,0.0,0.0,1.0,0.0,0.0,0.0,1.0,0.0,0.0,0.0,1.0,0.393939393939394,0.45833333333333326,0.6427439125168093,1
0.7059613126314263,0.47403795200027954,0.3829487047303832,0.0,0.0,0.4285714285714286,0.5,2023,12,0.2057,1.0,0.0,0.0,0.0,1.0,0.0,0.0,1.0,0.0,0.0,0.0,1.0,0.0,0.0,1.0,0.0,0.0,0.393939393939394,0.45833333333333326,0.2436929589308451,0
0.6596842761989657,0.447517537800759,0.5354656364574275,0.0,0.0,0.4285714285714286,0.5,2022,10,0.2057,1.0,0.0,0.0,0.0,1.0,0.0,1.0,0.0,0.0,0.0,1.0,0.0,0.0,0.0,0.0,0.0,1.0,0.393939393939394,0.45833333333333326,0.28844180225299054,1
0.7059613126314263,0.47403795200027954,0.5354656364574275,1.0000000000000004,0.0,0.4285714285714286,0.5,2022,11,0.3999,1.0,0.0,0.0,0.0,0.0,1.0,0.0,0.0,0.0,1.0,0.0,1.0,0.0,0.0,0.0,1.0,0.0,0.393939393939394,0.45833333333333326,0.29887056355028807,0
0.9467678767049003,0.47403795200027954,0.5354656364574275,1.0000000000000004,0.0,0.4285714285714286,0.5,2024,5,0.2057,1.0,0.0,0.0,0.0,1.0,0.0,0.0,1.0,0.0,0.0,0.0,1.0,0.0,0.0,0.0,0.0,1.0,0.393939393939394,0.45833333333333326,0.08330318764530006,0
0.6596842761989657,0.47403795200027954,0.8022862621300737,1.0000000000000004,1.0,0.4285714285714286,0.5,2023,3,0.3999,1.0,0.0,0.0,1.0,0.0,0.0,1.0,0.0,0.0,0.0,1.0,0.0,0.0,0.0,0.0,0.0,1.0,0.393939393939394,0.45833333333333326,0.34478095320423274,1
0.7059613126314263,0.47403795200027954,0.5354656364574275,0.0,0.0,0.4285714285714286,0.5,2025,6,0.3999,0.0,0.0,1.0,0.0,1.0,0.0,0.0,0.0,1.0,0.0,0.0,1.0,0.0,0.0,0.0,0.0,1.0,0.393939393939394,0.45833333333333326,0.2436929589308451,0
0.6596842761989657,0.47403795200027954,0.5354656364574275,0.0,0.0,0.4285714285714286,0.5,2020,4,0.3999,1.0,0.0,0.0,0.0,0.0,1.0,0.0,0.0,1.0,0.0,0.0,1.0,0.0,0.0,0.0,1.0,0.0,0.393939393939394,0.45833333333333326,0.28844180225299054,1
0.38823676709842325,0.47403795200027954,0.5354656364574275,0.0,0.0,0.3571428571428572,0.27500000000000013,2020,11,0.2057,0.0,0.0,1.0,0.0,0.0,1.0,0.0,0.0,0.0,1.0,0.0,1.0,0.0,0.0,0.0,0.0,1.0,0.43434343434343436,0.2986111111111114,0.5826050444903135,1
0.6596842761989657,0.47403795200027954,0.5354656364574275,1.0000000000000004,0.0,0.842857142857143,0.20000000000000018,2024,4,0.3999,0.0,1.0,0.0,0.0,1.0,0.0,0.0,0.0,1.0,0.0,0.0,1.0,0.0,0.0,0.0,0.0,1.0,0.8080808080808082,0.4930555555555556,0.34478095320423274,0
0.7296225131497025,0.7291045037602584,0.6314043239791136,0.0,0.0,0.5857142857142859,0.20000000000000018,2020,7,0.3999,0.0,1.0,0.0,0.0,1.0,0.0,0.0,0.0,1.0,0.0,0.0,1.0,0.0,0.0,0.0,0.0,1.0,0.6262626262626264,0.3680555555555556,0.2213936091504721,0
0.7059613126314263,0.447517537800759,0.5354656364574275,0.0,0.0,0.4285714285714286,0.5,2020,4,0.2057,0.0,0.0,1.0,0.0,1.0,0.0,1.0,0.0,0.0,0.0,1.0,0.0,0.0,0.0,0.0,1.0,0.0,0.393939393939394,0.45833333333333326,0.2436929589308451,0
0.6596842761989657,0.030449737963376577,0.5354656364574275,0.0,1.0,0.4285714285714286,0.5,2023,1,0.185,1.0,0.0,0.0,0.0,0.0,1.0,1.0,0.0,0.0,0.0,0.0,0.0,1.0,1.0,0.0,0.0,0.0,0.393939393939394,0.45833333333333326,0.28844180225299054,0
0.7059613126314263,0.447517537800759,0.5354656364574275,0.0,0.0,0.028571428571428692,0.3500000000000001,2022,3,0.102,1.0,0.0,0.0,0.0,1.0,0.0,0.0,0.0,1.0,0.0,1.0,0.0,0.0,0.0,0.0,1.0,0.0,0.1717171717171717,0.18055555555555558,0.2436929589308451,0
0.38823676709842325,0.47403795200027954,0.5354656364574275,0.0,0.0,0.028571428571428692,0.15000000000000013,2022,8,0.3999,1.0,0.0,0.0,0.0,1.0,0.0,0.0,0.0,1.0,0.0,1.0,0.0,0.0,0.0,0.0,0.0,1.0,0.25252525252525254,0.06944444444444464,0.5826050444903135,0
0.6596842761989657,0.47403795200027954,0.6574156301296643,0.0,0.0,0.4285714285714286,0.5,2023,1,0.185,0.0,0.0,1.0,0.0,1.0,0.0,0.0,0.0,0.0,1.0,0.0,0.0,1.0,0.0,0.0,0.0,1.0,0.393939393939394,0.45833333333333326,0.28844180225299054,1
0.6596842761989657,0.447517537800759,0.5354656364574275,1.0000000000000004,0.0,0.18571428571428572,0.9750000000000001,2024,10,0.3999,1.0,0.0,0.0,0.0,0.0,1.0,0.0,0.0,0.0,1.0,0.0,1.0,0.0,0.0,0.0,0.0,1.0,0.030303030303030304,0.6041666666666667,0.34478095320423274,0
0.6596842761989657,0.47403795200027954,0.5354656364574275,0.0,0.0,0.7285714285714286,0.0,2022,3,0.102,0.0,0.0,1.0,1.0,0.0,0.0,0.0,0.0,1.0,0.0,0.0,1.0,0.0,0.0,1.0,0.0,0.0,0.8080808080808082,0.32638888888888906,0.28844180225299054,0
0.38823676709842325,0.447517537800759,0.5354656364574275,1.0000000000000004,0.0,0.4285714285714286,0.5,2023,8,0.185,0.0,1.0,0.0,0.0,0.0,1.0,0.0,1.0,0.0,0.0,1.0,0.0,0.0,1.0,0.0,0.0,0.0,0.393939393939394,0.45833333333333326,0.6427439125168093,0
0.7059613126314263,0.6221941181407362,0.5354656364574275,0.0,1.0,0.4285714285714286,0.5,2020,8,0.3999,0.0,1.0,0.0,1.0,0.0,0.0,1.0,0.0,0.0,0.0,0.0,1.0,0.0,0.0,0.0,1.0,0.0,0.393939393939394,0.45833333333333326,0.2436929589308451,1
0.7059613126314263,0.5795857890691232,0.5354656364574275,0.0,0.0,0.4285714285714286,0.5,2021,2,0.102,1.0,0.0,0.0,1.0,0.0,0.0,1.0,0.0,0.0,0.0,0.0,1.0,0.0,0.0,0.0,1.0,0.0,0.393939393939394,0.45833333333333326,0.2436929589308451,1
0.6596842761989657,0.32353494693000995,0.5354656364574275,0.0,0.0,0.4285714285714286,0.5,2024,3,0.185,0.0,1.0,0.0,0.0,1.0,0.0,0.0,0.0,1.0,0.0,0.0,1.0,0.0,0.0,0.0,1.0,0.0,0.393939393939394,0.45833333333333326,0.28844180225299054,0
0.6596842761989657,0.47403795200027954,0.9903945140699006,0.0,0.0,0.8142857142857145,0.9250000000000003,2025,6,0.3999,0.0,1.0,0.0,1.0,0.0,0.0,0.0,0.0,1.0,0.0,0.0,0.0,1.0,1.0,0.0,0.0,0.0,0.494949494949495,0.8819444444444444,0.28844180225299054,0
0.7059613126314263,0.447517537800759,0.5354656364574275,1.0000000000000004,0.0,0.4285714285714286,0.5,2022,12,0.3999,0.0,1.0,0.0,1.0,0.0,0.0,0.0,0.0,1.0,0.0,0.0,1.0,0.0,1.0,0.0,0.0,0.0,0.393939393939394,0.45833333333333326,0.29887056355028807,1
0.7059613126314263,0.9757858640309682,0.5354656364574275,0.0,0.0,0.22857142857142865,0.4500000000000002,2023,10,0.3999,0.0,1.0,0.0,1.0,0.0,0.0,1.0,0.0,0.0,0.0,1.0,0.0,0.0,0.0,0.0,0.0,1.0,0.27272727272727276,0.33333333333333326,0.2436929589308451,1
0.6596842761989657,0.447517537800759,0.5210871358800633,0.0,0.0,0.4285714285714286,0.5,2023,1,0.3999,0.0,1.0,0.0,1.0,0.0,0.0,1.0,0.0,0.0,0.0,0.0,0.0,1.0,1.0,0.0,0.0,0.0,0.393939393939394,0.45833333333333326,0.28844180225299054,1
0.38823676709842325,0.447517537800759,0.5354656364574275,0.0,1.0,0.8285714285714287,0.5500000000000003,2025,7,0.185,0.0,0.0,1.0,0.0,0.0,1.0,0.0,1.0,0.0,0.0,0.0,1.0,0.0,0.0,1.0,0.0,0.0,0.6565656565656567,0.6805555555555556,0.5826050444903135,1
0.6596842761989657,0.6812513424822684,0.5354656364574275,0.0,0.0,0.4285714285714286,0.5,2024,5,0.3999,0.0,0.0,1.0,0.0,1.0,0.0,0.0,0.0,0.0,1.0,0.0,0.0,1.0,0.0,0.0,1.0,0.0,0.393939393939394,0.45833333333333326,0.28844180225299054,1
0.38823676709842325,0.447517537800759,0.5354656364574275,0.0,1.0,0.4285714285714286,0.5,2025,1,0.2057,0.0,0.0,1.0,0.0,1.0,0.0,0.0,0.0,1.0,0.0,1.0,0.0,0.0,1.0,0.0,0.0,0.0,0.393939393939394,0.45833333333333326,0.5826050444903135,1
0.6007619328947518,0.447517537800759,0.3665306363799026,0.0,0.0,0.9285714285714288,0.625,2022,3,0.3999,1.0,0.0,0.0,0.0,1.0,0.0,1.0,0.0,0.0,0.0,0.0,0.0,1.0,0.0,0.0,0.0,1.0,0.6969696969696971,0.7708333333333333,0.34753163729127323,0
0.6596842761989657,0.8076230909183875,0.5354656364574275,0.0,0.0,0.4285714285714286,0.5,2024,8,0.185,0.0,1.0,0.0,0.0,1.0,0.0,0.0,1.0,0.0,0.0,1.0,0.0,0.0,0.0,1.0,0.0,0.0,0.393939393939394,0.45833333333333326,0.28844180225299054,1
0.38823676709842325,0.933136596611694,0.5354656364574275,0.0,1.0,0.4285714285714286,0.5,2021,7,0.3999,0.0,1.0,0.0,0.0,1.0,0.0,0.0,0.0,1.0,0.0,0.0,0.0,1.0,0.0,0.0,0.0,1.0,0.393939393939394,0.45833333333333326,0.5826050444903135,0
0.38823676709842325,0.47403795200027954,0.5354656364574275,0.0,0.0,0.4285714285714286,0.5,2025,6,0.185,1.0,0.0,0.0,1.0,0.0,0.0,1.0,0.0,0.0,0.0,1.0,0.0,0.0,0.0,0.0,0.0,1.0,0.393939393939394,0.45833333333333326,0.5826050444903135,1
0.6596842761989657,0.45819424286116694,0.5354656364574275,0.0,0.0,0.4285714285714286,0.5,2020,10,0.3999,1.0,0.0,0.0,1.0,0.0,0.0,0.0,0.0,1.0,0.0,1.0,0.0,0.0,1.0,0.0,0.0,0.0,0.393939393939394,0.45833333333333326,0.28844180225299054,1
0.9600652426463415,0.47403795200027954,0.5354656364574275,0.0,0.0,0.4285714285714286,0.5,2021,9,0.3999,0.0,1.0,0.0,0.0,0.0,1.0,0.0,1.0,0.0,0.0,0.0,1.0,0.0,1.0,0.0,0.0,0.0,0.393939393939394,0.45833333333333326,0.028228587237241004,1
0.764088502509945,0.47403795200027954,0.5354656364574275,0.0,0.0,0.4285714285714286,0.5,2025,2,0.3999,0.0,1.0,0.0,0.0,0.0,1.0,0.0,0.0,0.0,1.0,0.0,0.0,1.0,1.0,0.0,0.0,0.0,0.393939393939394,0.45833333333333326,0.18964410734058876,1
0.954843807693316,0.5304497379633766,0.3329788839402372,0.0,0.0,0.4285714285714286,0.5,2024,6,0.102,1.0,0.0,0.0,1.0,0.0,0.0,1.0,0.0,0.0,0.0,1.0,0.0,0.0,1.0,0.0,0.0,0.0,0.393939393939394,0.45833333333333326,0.03204823832820272,0
0.38823676709842325,0.47403795200027954,0.5354656364574275,0.0,0.0,0.4285714285714286,0.5,2022,12,0.1074,0.0,1.0,0.0,1.0,0.0,0.0,0.0,0.0,1.0,0.0,1.0,0.0,0.0,0.0,0.0,1.0,0.0,0.393939393939394,0.45833333333333326,0.5826050444903135,1
0.7059613126314263,0.447517537800759,0.5354656364574275,0.0,0.0,0.4285714285714286,0.5,2020,2,0.3999,1.0,0.0,0.0,1.0,0.0,0.0,0.0,0.0,0.0,1.0,0.0,1.0,0.0,1.0,0.0,0.0,0.0,0.393939393939394,0.45833333333333326,0.2436929589308451,0
0.7059613126314263,0.447517537800759,0.5354656364574275,0.0,1.0,0.4285714285714286,0.5,2022,4,0.2057,0.0,0.0,1.0,0.0,1.0,0.0,1.0,0.0,0.0,0.0,0.0,1.0,0.0,0.0,0.0,0.0,1.0,0.393939393939394,0.45833333333333326,0.2436929589308451,1
0.7059613126314263,0.47403795200027954,0.5354656364574275,0.0,0.0,0.4285714285714286,0.5,2025,6,0.3999,1.0,0.0,0.0,1.0,0.0,0.0,0.0,0.0,0.0,1.0,0.0,1.0,0.0,0.0,0.0,0.0,1.0,0.393939393939394,0.45833333333333326,0.2436929589308451,1
0.6596842761989657,0.47403795200027954,0.5354656364574275,0.0,0.0,0.4285714285714286,0.5,2020,4,0.3999,1.0,0.0,0.0,0.0,1.0,0.0,0.0,0.0,1.0,0.0,0.0,1.0,0.0,0.0,0.0,1.0,0.0,0.393939393939394,0.45833333333333326,0.28844180225299054,0
0.7220189587716063,0.447517537800759,0.5354656364574275,0.0,0.0,0.4285714285714286,0.5,2021,6,0.3999,0.0,1.0,0.0,0.0,1.0,0.0,0.0,0.0,0.0,1.0,1.0,0.0,0.0,0.0,0.0,1.0,0.0,0.393939393939394,0.45833333333333326,0.2285157277313237,1
0.7059613126314263,0.47403795200027954,0.5354656364574275,0.0,0.0,0.4285714285714286,0.5,2020,3,0.2057,0.0,0.0,1.0,1.0,0.0,0.0,0.0,0.0,1.0,0.0,0.0,0.0,1.0,0.0,0.0,0.0,1.0,0.393939393939394,0.45833333333333326,0.2436929589308451,1
0.38823676709842325,0.447517537800759,0.5354656364574275,0.0,0.0,0.8999999999999999,0.050000000000000044,2020,11,0.3999,0.0,0.0,1.0,0.0,1.0,0.0,1.0,0.0,0.0,0.0,0.0,1.0,0.0,0.0,0.0,0.0,1.0,0.9090909090909092,0.4375,0.5826050444903135,1
0.6596842761989657,0.47403795200027954,0.5354656364574275,0.0,0.0,0.4285714285714286,0.5,2025,5,0.2057,0.0,0.0,1.0,0.0,1.0,0.0,1.0,0.0,0.0,0.0,1.0,0.0,0.0,0.0,1.0,0.0,0.0,0.393939393939394,0.45833333333333326,0.28844180225299054,1
0.38823676709842325,0.7544441295584741,0.5354656364574275,1.0000000000000004,0.0,0.4285714285714286,0.5,2023,1,0.185,0.0,0.0,1.0,1.0,0.0,0.0,0.0,0.0,0.0,1.0,0.0,1.0,0.0,0.0,1.0,0.0,0.0,0.393939393939394,0.45833333333333326,0.6427439125168093,1
0.7059613126314263,0.2935297748782637,0.5354656364574275,1.0000000000000004,0.0,0.4285714285714286,0.5,2023,1,0.3999,0.0,0.0,1.0,0.0,1.0,0.0,1.0,0.0,0.0,0.0,1.0,0.0,0.0,1.0,0.0,0.0,0.0,0.393939393939394,0.45833333333333326,0.29887056355028807,0
0.8561517958551143,0.3982943042755771,0.5354656364574275,1.0000000000000004,0.0,0.4285714285714286,0.5,2020,2,0.3999,0.0,0.0,1.0,1.0,0.0,0.0,0.0,1.0,0.0,0.0,0.0,0.0,1.0,0.0,0.0,0.0,1.0,0.393939393939394,0.45833333333333326,0.1592949923650224,1
0.7059613126314263,0.447517537800759,0.5354656364574275,0.0,0.0,0.4285714285714286,0.5,2020,6,0.185,0.0,0.0,1.0,1.0,0.0,0.0,0.0,1.0,0.0,0.0,0.0,1.0,0.0,0.0,1.0,0.0,0.0,0.393939393939394,0.45833333333333326,0.2436929589308451,1
0.7059613126314263,0.47403795200027954,0.7441104797203657,0.0,1.0,0.4285714285714286,0.5,2022,9,0.3999,0.0,0.0,1.0,0.0,0.0,1.0,1.0,0.0,0.0,0.0,1.0,0.0,0.0,0.0,1.0,0.0,0.0,0.393939393939394,0.45833333333333326,0.2436929589308451,1
0.6596842761989657,0.447517537800759,0.5354656364574275,0.0,0.0,0.4285714285714286,0.5,2022,6,0.185,0.0,1.0,0.0,0.0,1.0,0.0,1.0,0.0,0.0,0.0,1.0,0.0,0.0,0.0,0.0,1.0,0.0,0.393939393939394,0.45833333333333326,0.28844180225299054,0
0.7059613126314263,0.447517537800759,0.5354656364574275,1.0000000000000004,0.0,0.4285714285714286,0.5,2021,3,0.3999,0.0,0.0,1.0,0.0,0.0,1.0,0.0,0.0,0.0,1.0,1.0,0.0,0.0,0.0,0.0,0.0,1.0,0.393939393939394,0.45833333333333326,0.29887056355028807,1
0.6596842761989657,0.47403795200027954,1.0,1.0000000000000004,0.0,0.4285714285714286,0.5,2022,5,0.3999,1.0,0.0,0.0,0.0,0.0,1.0,1.0,0.0,0.0,0.0,1.0,0.0,0.0,1.0,0.0,0.0,0.0,0.393939393939394,0.45833333333333326,0.34478095320423274,0
0.7440731378420168,0.47403795200027954,0.8896828119009514,0.0,0.0,0.4285714285714286,0.5,2025,7,0.3999,1.0,0.0,0.0,1.0,0.0,0.0,1.0,0.0,0.0,0.0,0.0,0.0,1.0,0.0,0.0,0.0,1.0,0.393939393939394,0.45833333333333326,0.20797423066790252,0
0.6596842761989657,0.47403795200027954,0.8576774249708521,0.0,0.0,0.08571428571428585,0.875,2024,1,0.3999,1.0,0.0,0.0,0.0,0.0,1.0,1.0,0.0,0.0,0.0,1.0,0.0,0.0,0.0,1.0,0.0,0.0,0.0,0.5,0.28844180225299054,1
0.6596842761989657,0.7915032309033729,0.5354656364574275,0.0,0.0,0.4285714285714286,0.5,2025,1,0.2057,0.0,0.0,1.0,1.0,0.0,0.0,0.0,1.0,0.0,0.0,0.0,1.0,0.0,0.0,0.0,1.0,0.0,0.393939393939394,0.45833333333333326,0.28844180225299054,1
0.9821194217167522,0.06748410479089628,0.5354656364574275,0.0,0.0,0.4285714285714286,0.5,2024,9,0.3999,1.0,0.0,0.0,0.0,1.0,0.0,0.0,0.0,1.0,0.0,0.0,1.0,0.0,1.0,0.0,0.0,0.0,0.393939393939394,0.45833333333333326,0.012421196829099784,0
0.764088502509945,0.8076230909183875,0.6314043239791136,0.0,1.0,0.4285714285714286,0.5,2022,11,0.185,0.0,1.0,0.0,1.0,0.0,0.0,0.0,0.0,1.0,0.0,1.0,0.0,0.0,0.0,1.0,0.0,0.0,0.393939393939394,0.45833333333333326,0.18964410734058876,1
0.7059613126314263,0.47403795200027954,0.5354656364574275,0.0,0.0,0.4285714285714286,0.5,2024,1,0.185,0.0,0.0,1.0,1.0,0.0,0.0,0.0,1.0,0.0,0.0,0.0,0.0,1.0,0.0,0.0,1.0,0.0,0.393939393939394,0.45833333333333326,0.2436929589308451,1
0.6596842761989657,0.47403795200027954,0.5354656364574275,1.0000000000000004,1.0,0.4285714285714286,0.5,2025,8,0.185,1.0,0.0,0.0,0.0,1.0,0.0,0.0,0.0,0.0,1.0,0.0,0.0,1.0,0.0,1.0,0.0,0.0,0.393939393939394,0.45833333333333326,0.34478095320423274,0
0.7059613126314263,0.447517537800759,0.5354656364574275,0.0,1.0,0.4285714285714286,0.5,2025,6,0.185,0.0,1.0,0.0,1.0,0.0,0.0,1.0,0.0,0.0,0.0,1.0,0.0,0.0,0.0,0.0,0.0,1.0,0.393939393939394,0.45833333333333326,0.2436929589308451,1
0.7059613126314263,0.47403795200027954,0.7559819110879777,0.0,1.0,0.4285714285714286,0.5,2020,10,0.3999,0.0,0.0,1.0,0.0,0.0,1.0,0.0,0.0,0.0,1.0,0.0,0.0,1.0,0.0,1.0,0.0,0.0,0.393939393939394,0.45833333333333326,0.2436929589308451,0
0.7059613126314263,0.47403795200027954,0.5354656364574275,0.0,0.0,0.4285714285714286,0.5,2023,3,0.3999,1.0,0.0,0.0,0.0,0.0,1.0,0.0,1.0,0.0,0.0,0.0,1.0,0.0,0.0,0.0,0.0,1.0,0.393939393939394,0.45833333333333326,0.2436929589308451,1
0.6974630051635802,0.47403795200027954,0.5354656364574275,0.0,1.0,0.4285714285714286,0.5,2022,7,0.1074,0.0,1.0,0.0,1.0,0.0,0.0,0.0,1.0,0.0,0.0,1.0,0.0,0.0,0.0,1.0,0.0,0.0,0.393939393939394,0.45833333333333326,0.25179922909303964,1
0.6596842761989657,0.47403795200027954,0.5354656364574275,0.0,0.0,0.8714285714285714,0.8500000000000001,2022,8,0.2057,0.0,1.0,0.0,1.0,0.0,0.0,0.0,0.0,0.0,1.0,0.0,1.0,0.0,0.0,0.0,0.0,1.0,0.5656565656565657,0.8680555555555556,0.28844180225299054,0
0.38823676709842325,0.03794612415644005,0.5354656364574275,0.0,0.0,0.4285714285714286,0.5,2024,1,0.1074,0.0,1.0,0.0,0.0,1.0,0.0,0.0,1.0,0.0,0.0,0.0,1.0,0.0,0.0,1.0,0.0,0.0,0.393939393939394,0.45833333333333326,0.5826050444903135,1
0.6596842761989657,0.47403795200027954,0.5354656364574275,0.0,1.0,0.4285714285714286,0.5,2025,3,0.3999,0.0,0.0,1.0,0.0,0.0,1.0,1.0,0.0,0.0,0.0,0.0,0.0,1.0,0.0,0.0,0.0,1.0,0.393939393939394,0.45833333333333326,0.28844180225299054,0
0.8871587529039012,0.447517537800759,0.5354656364574275,0.0,0.0,0.4285714285714286,0.5,2024,5,0.3999,0.0,0.0,1.0,1.0,0.0,0.0,0.0,1.0,0.0,0.0,0.0,1.0,0.0,0.0,0.0,0.0,1.0,0.393939393939394,0.45833333333333326,0.08411262040353126,0
0.7059613126314263,0.47403795200027954,0.24458064270766489,0.0,0.0,0.6142857142857143,0.8000000000000003,2021,6,0.102,1.0,0.0,0.0,0.0,1.0,0.0,0.0,0.0,1.0,0.0,1.0,0.0,0.0,0.0,0.0,0.0,1.0,0.4040404040404041,0.7152777777777779,0.2436929589308451,0
0.7059613126314263,0.47403795200027954,0.4617174859980837,1.0000000000000004,0.0,0.4285714285714286,0.5,2022,8,0.185,1.0,0.0,0.0,1.0,0.0,0.0,0.0,0.0,1.0,0.0,0.0,0.0,1.0,0.0,0.0,1.0,0.0,0.393939393939394,0.45833333333333326,0.29887056355028807,0
0.6596842761989657,0.447517537800759,0.5354656364574275,0.0,0.0,0.4285714285714286,0.5,2021,2,0.3999,0.0,0.0,1.0,0.0,0.0,1.0,0.0,1.0,0.0,0.0,1.0,0.0,0.0,0.0,0.0,0.0,1.0,0.393939393939394,0.45833333333333326,0.28844180225299054,0
0.7059613126314263,0.47403795200027954,0.3665306363799026,0.0,0.0,0.642857142857143,0.0,2023,10,0.185,1.0,0.0,0.0,0.0,0.0,1.0,0.0,1.0,0.0,0.0,1.0,0.0,0.0,1.0,0.0,0.0,0.0,0.7474747474747476,0.2847222222222223,0.2436929589308451,1
0.6596842761989657,0.47403795200027954,0.5354656364574275,0.0,0.0,0.4285714285714286,0.5,2025,7,0.1074,0.0,0.0,1.0,1.0,0.0,0.0,1.0,0.0,0.0,0.0,0.0,1.0,0.0,0.0,1.0,0.0,0.0,0.393939393939394,0.45833333333333326,0.28844180225299054,1
0.38823676709842325,0.8156046833861308,0.5354656364574275,0.0,0.0,0.5714285714285714,0.9000000000000004,2021,8,0.1074,0.0,1.0,0.0,1.0,0.0,0.0,1.0,0.0,0.0,0.0,1.0,0.0,0.0,0.0,1.0,0.0,0.0,0.33333333333333337,0.7499999999999998,0.5826050444903135,0
0.7059613126314263,0.47403795200027954,0.5354656364574275,0.0,0.0,0.4285714285714286,0.5,2025,6,0.3999,1.0,0.0,0.0,1.0,0.0,0.0,0.0,0.0,0.0,1.0,0.0,1.0,0.0,0.0,0.0,0.0,1.0,0.393939393939394,0.45833333333333326,0.2436929589308451,1
0.38823676709842325,0.47403795200027954,0.5354656364574275,0.0,1.0,0.4285714285714286,0.5,2022,5,0.2057,1.0,0.0,0.0,1.0,0.0,0.0,0.0,0.0,1.0,0.0,1.0,0.0,0.0,0.0,1.0,0.0,0.0,0.393939393939394,0.45833333333333326,0.5826050444903135,0
0.7059613126314263,0.47403795200027954,0.5354656364574275,0.0,0.0,0.4285714285714286,0.5,2024,8,0.3999,1.0,0.0,0.0,0.0,1.0,0.0,0.0,0.0,0.0,1.0,0.0,1.0,0.0,0.0,0.0,1.0,0.0,0.393939393939394,0.45833333333333326,0.2436929589308451,1
0.7059613126314263,0.447517537800759,0.5354656364574275,1.0000000000000004,0.0,0.4285714285714286,0.5,2023,3,0.1074,1.0,0.0,0.0,0.0,1.0,0.0,0.0,0.0,1.0,0.0,1.0,0.0,0.0,0.0,0.0,1.0,0.0,0.393939393939394,0.45833333333333326,0.29887056355028807,1
0.9205599781297086,0.47403795200027954,0.5354656364574275,0.0,0.0,0.6000000000000001,0.7000000000000002,2020,2,0.2057,1.0,0.0,0.0,1.0,0.0,0.0,1.0,0.0,0.0,0.0,1.0,0.0,0.0,0.0,1.0,0.0,0.0,0.43434343434343436,0.6527777777777779,0.05784033428027044,0
0.6596842761989657,0.47403795200027954,0.5354656364574275,1.0000000000000004,0.0,0.4285714285714286,0.5,2024,5,0.1074,0.0,1.0,0.0,1.0,0.0,0.0,0.0,1.0,0.0,0.0,0.0,0.0,1.0,0.0,0.0,1.0,0.0,0.393939393939394,0.45833333333333326,0.34478095320423274,1
0.7059613126314263,0.47403795200027954,0.5354656364574275,0.0,0.0,0.4285714285714286,0.5,2022,2,0.3999,0.0,0.0,1.0,1.0,0.0,0.0,0.0,0.0,1.0,0.0,1.0,0.0,0.0,0.0,0.0,0.0,1.0,0.393939393939394,0.45833333333333326,0.2436929589308451,0
0.5195737064824407,0.47403795200027954,0.5354656364574275,0.0,1.0,0.4285714285714286,0.5,2020,6,0.185,0.0,0.0,1.0,0.0,1.0,0.0,0.0,0.0,1.0,0.0,0.0,0.0,1.0,0.0,0.0,0.0,1.0,0.393939393939394,0.45833333333333326,0.4328924311374578,1
0.7059613126314263,0.185679181103799,0.6953683552165835,1.0000000000000004,0.0,0.4285714285714286,0.5,2021,11,0.2057,0.0,0.0,1.0,0.0,0.0,1.0,1.0,0.0,0.0,0.0,0.0,1.0,0.0,0.0,0.0,0.0,1.0,0.393939393939394,0.45833333333333326,0.29887056355028807,1
0.7059613126314263,0.447517537800759,0.5354656364574275,0.0,0.0,0.9857142857142858,0.3250000000000002,2025,7,0.3999,1.0,0.0,0.0,0.0,0.0,1.0,1.0,0.0,0.0,0.0,0.0,1.0,0.0,0.0,0.0,0.0,1.0,0.8585858585858587,0.6319444444444444,0.2436929589308451,1
0.8432759846484608,0.47403795200027954,0.5354656364574275,0.0,1.0,0.4285714285714286,0.5,2021,12,0.102,0.0,0.0,1.0,1.0,0.0,0.0,0.0,1.0,0.0,0.0,0.0,1.0,0.0,0.0,0.0,1.0,0.0,0.393939393939394,0.45833333333333326,0.12023983935093127,0
0.38823676709842325,0.47403795200027954,0.7199959739199215,1.0000000000000004,0.0,0.4285714285714286,0.5,2020,5,0.3999,0.0,1.0,0.0,1.0,0.0,0.0,1.0,0.0,0.0,0.0,0.0,0.0,1.0,0.0,0.0,0.0,1.0,0.393939393939394,0.45833333333333326,0.6427439125168093,1
0.9867297885250814,0.447517537800759,0.5354656364574275,0.0,0.0,0.4285714285714286,0.17500000000000004,2022,12,0.3999,1.0,0.0,0.0,0.0,1.0,0.0,0.0,0.0,1.0,0.0,0.0,1.0,0.0,0.0,0.0,1.0,0.0,0.5252525252525253,0.2777777777777779,0.009184283027861478,0
0.9266640174205345,0.7995895007389637,0.5354656364574275,1.0000000000000004,0.0,0.4285714285714286,0.5,2020,12,0.1074,0.0,1.0,0.0,1.0,0.0,0.0,0.0,0.0,1.0,0.0,0.0,1.0,0.0,0.0,0.0,0.0,1.0,0.393939393939394,0.45833333333333326,0.09954632860946486,0
0.6596842761989657,0.4094038544714014,0.3498763287364808,0.0,0.0,0.4285714285714286,0.5,2024,11,0.2057,0.0,1.0,0.0,0.0,1.0,0.0,0.0,1.0,0.0,0.0,1.0,0.0,0.0,0.0,1.0,0.0,0.0,0.393939393939394,0.45833333333333326,0.28844180225299054,1
0.38823676709842325,0.447517537800759,0.06615825826759014,1.0000000000000004,0.0,0.4285714285714286,0.5,2023,7,0.2057,1.0,0.0,0.0,0.0,1.0,0.0,0.0,0.0,0.0,1.0,1.0,0.0,0.0,0.0,0.0,1.0,0.0,0.393939393939394,0.45833333333333326,0.6427439125168093,1
0.6596842761989657,0.447517537800759,0.5354656364574275,1.0000000000000004,0.0,0.4285714285714286,0.5,2025,5,0.2057,0.0,1.0,0.0,0.0,0.0,1.0,0.0,1.0,0.0,0.0,0.0,0.0,1.0,1.0,0.0,0.0,0.0,0.393939393939394,0.45833333333333326,0.34478095320423274,1
0.38823676709842325,0.447517537800759,0.5354656364574275,0.0,1.0,0.4285714285714286,0.5,2023,4,0.2057,0.0,1.0,0.0,1.0,0.0,0.0,0.0,1.0,0.0,0.0,1.0,0.0,0.0,0.0,0.0,0.0,1.0,0.393939393939394,0.45833333333333326,0.5826050444903135,1
0.8722094419952944,0.47403795200027954,0.5354656364574275,0.0,0.0,0.15714285714285725,0.5249999999999999,2020,5,0.2057,0.0,1.0,0.0,1.0,0.0,0.0,0.0,0.0,1.0,0.0,0.0,0.0,1.0,1.0,0.0,0.0,0.0,0.19191919191919193,0.3402777777777779,0.09622037519092183,1
0.7059613126314263,0.47403795200027954,0.24458064270766489,0.0,0.0,0.4285714285714286,0.5,2023,3,0.185,1.0,0.0,0.0,0.0,0.0,1.0,1.0,0.0,0.0,0.0,0.0,0.0,1.0,0.0,0.0,1.0,0.0,0.393939393939394,0.45833333333333326,0.2436929589308451,1
0.7059613126314263,0.2689886319792474,0.26280864795822545,0.0,1.0,0.4285714285714286,0.5,2023,11,0.2057,0.0,0.0,1.0,1.0,0.0,0.0,0.0,0.0,1.0,0.0,1.0,0.0,0.0,0.0,1.0,0.0,0.0,0.393939393939394,0.45833333333333326,0.2436929589308451,1
0.9467678767049003,0.185679181103799,0.5354656364574275,0.0,0.0,0.7714285714285714,0.9000000000000004,2020,3,0.2057,0.0,0.0,1.0,1.0,0.0,0.0,0.0,0.0,1.0,0.0,0.0,1.0,0.0,0.0,1.0,0.0,0.0,0.47474747474747475,0.8472222222222221,0.038013274281466586,1
0.7059613126314263,0.47403795200027954,0.5354656364574275,1.0000000000000004,1.0,0.9857142857142858,0.375,2024,3,0.3999,0.0,1.0,0.0,0.0,0.0,1.0,0.0,0.0,1.0,0.0,0.0,1.0,0.0,1.0,0.0,0.0,0.0,0.8383838383838385,0.6597222222222221,0.29887056355028807,1
0.38823676709842325,0.447517537800759,0.5354656364574275,0.0,0.0,0.4285714285714286,0.5,2024,2,0.3999,0.0,0.0,1.0,0.0,1.0,0.0,0.0,1.0,0.0,0.0,0.0,1.0,0.0,0.0,0.0,0.0,1.0,0.393939393939394,0.45833333333333326,0.5826050444903135,1
0.38823676709842325,0.47403795200027954,0.5354656364574275,0.0,0.0,0.2142857142857144,0.8500000000000001,2021,1,0.185,0.0,0.0,1.0,0.0,0.0,1.0,0.0,0.0,1.0,0.0,0.0,1.0,0.0,0.0,1.0,0.0,0.0,0.10101010101010102,0.5486111111111114,0.5826050444903135,0
0.9296527415680409,0.030449737963376577,0.20724016540637713,0.0,1.0,0.4285714285714286,0.5,2023,4,0.3999,0.0,1.0,0.0,1.0,0.0,0.0,1.0,0.0,0.0,0.0,0.0,0.0,1.0,0.0,0.0,0.0,1.0,0.393939393939394,0.45833333333333326,0.050881139834478756,0
0.7059613126314263,0.47403795200027954,0.3991371422078265,0.0,0.0,0.4285714285714286,0.5,2023,1,0.3999,0.0,0.0,1.0,0.0,0.0,1.0,1.0,0.0,0.0,0.0,0.0,1.0,0.0,1.0,0.0,0.0,0.0,0.393939393939394,0.45833333333333326,0.2436929589308451,1
0.5195737064824407,0.47403795200027954,0.5354656364574275,0.0,0.0,0.4285714285714286,0.5,2023,2,0.185,1.0,0.0,0.0,1.0,0.0,0.0,1.0,0.0,0.0,0.0,0.0,1.0,0.0,0.0,0.0,0.0,1.0,0.393939393939394,0.45833333333333326,0.4328924311374578,1
0.6596842761989657,0.5552624811526794,0.2984254400388755,0.0,0.0,0.4285714285714286,0.5,2025,7,0.1074,1.0,0.0,0.0,0.0,1.0,0.0,0.0,0.0,1.0,0.0,0.0,1.0,0.0,0.0,0.0,0.0,1.0,0.393939393939394,0.45833333333333326,0.28844180225299054,0
0.38823676709842325,0.47403795200027954,0.5354656364574275,0.0,0.0,0.4285714285714286,0.5,2021,3,0.3999,1.0,0.0,0.0,1.0,0.0,0.0,1.0,0.0,0.0,0.0,0.0,1.0,0.0,1.0,0.0,0.0,0.0,0.393939393939394,0.45833333333333326,0.5826050444903135,1
0.9797769225198698,0.47403795200027954,0.9610903055226858,0.0,0.0,0.4285714285714286,0.5,2022,1,0.3999,0.0,1.0,0.0,0.0,0.0,1.0,0.0,0.0,0.0,1.0,0.0,1.0,0.0,0.0,0.0,0.0,1.0,0.393939393939394,0.45833333333333326,0.014074883277127331,0
0.6596842761989657,0.47403795200027954,0.6574156301296643,0.0,0.0,0.4285714285714286,0.5,2024,5,0.102,0.0,1.0,0.0,0.0,0.0,1.0,1.0,0.0,0.0,0.0,0.0,1.0,0.0,0.0,0.0,0.0,1.0,0.393939393939394,0.45833333333333326,0.28844180225299054,0
0.38823676709842325,0.8076230909183875,0.5354656364574275,1.0000000000000004,0.0,0.4285714285714286,0.5,2020,8,0.3999,1.0,0.0,0.0,0.0,0.0,1.0,0.0,1.0,0.0,0.0,0.0,0.0,1.0,0.0,0.0,0.0,1.0,0.393939393939394,0.45833333333333326,0.6427439125168093,1
0.38823676709842325,0.2995895007389633,0.5354656364574275,0.0,0.0,0.3857142857142859,0.5249999999999999,2020,7,0.185,1.0,0.0,0.0,0.0,0.0,1.0,0.0,1.0,0.0,0.0,0.0,1.0,0.0,0.0,0.0,0.0,1.0,0.35353535353535354,0.45138888888888906,0.5826050444903135,0
0.7059613126314263,0.447517537800759,0.5354656364574275,0.0,1.0,0.32857142857142874,0.9750000000000001,2024,12,0.102,0.0,0.0,1.0,0.0,0.0,1.0,0.0,0.0,1.0,0.0,1.0,0.0,0.0,0.0,0.0,0.0,1.0,0.13131313131313133,0.6736111111111114,0.2436929589308451,0
0.7059613126314263,0.447517537800759,0.5354656364574275,1.0000000000000004,1.0,0.4285714285714286,0.5,2025,8,0.3999,0.0,1.0,0.0,0.0,1.0,0.0,1.0,0.0,0.0,0.0,0.0,0.0,1.0,1.0,0.0,0.0,0.0,0.393939393939394,0.45833333333333326,0.29887056355028807,1
0.9774088217319686,0.8889592730864986,0.5354656364574275,0.0,0.0,0.4285714285714286,0.5,2021,12,0.2057,0.0,1.0,0.0,1.0,0.0,0.0,1.0,0.0,0.0,0.0,1.0,0.0,0.0,0.0,0.0,0.0,1.0,0.393939393939394,0.45833333333333326,0.015752803605833893,0
0.7059613126314263,0.47403795200027954,0.7199959739199215,1.0000000000000004,1.0,0.028571428571428692,0.5500000000000003,2023,4,0.3999,0.0,1.0,0.0,0.0,1.0,0.0,0.0,0.0,0.0,1.0,0.0,1.0,0.0,1.0,0.0,0.0,0.0,0.09090909090909093,0.29166666666666674,0.29887056355028807,1
0.6596842761989657,0.47403795200027954,0.591257371862075,0.0,1.0,0.4285714285714286,0.5,2024,8,0.185,0.0,0.0,1.0,0.0,0.0,1.0,1.0,0.0,0.0,0.0,0.0,1.0,0.0,0.0,1.0,0.0,0.0,0.393939393939394,0.45833333333333326,0.28844180225299054,1
0.6596842761989657,0.47403795200027954,0.2807540370648489,0.0,1.0,0.4285714285714286,0.5,2020,7,0.3999,1.0,0.0,0.0,1.0,0.0,0.0,1.0,0.0,0.0,0.0,0.0,1.0,0.0,0.0,0.0,0.0,1.0,0.393939393939394,0.45833333333333326,0.28844180225299054,0
0.7059613126314263,0.47403795200027954,0.5354656364574275,0.0,0.0,0.4285714285714286,0.5,2022,8,0.185,1.0,0.0,0.0,0.0,1.0,0.0,1.0,0.0,0.0,0.0,1.0,0.0,0.0,0.0,0.0,1.0,0.0,0.393939393939394,0.45833333333333326,0.2436929589308451,1
0.799302952252854,0.47403795200027954,0.5354656364574275,1.0000000000000004,0.0,0.4285714285714286,0.5,2022,8,0.3999,1.0,0.0,0.0,0.0,1.0,0.0,1.0,0.0,0.0,0.0,1.0,0.0,0.0,0.0,0.0,1.0,0.0,0.393939393939394,0.45833333333333326,0.21031349996877693,0
0.9078104735808639,0.47403795200027954,0.941133700598555,0.0,0.0,0.4285714285714286,0.5,2024,6,0.3999,0.0,1.0,0.0,0.0,1.0,0.0,1.0,0.0,0.0,0.0,0.0,1.0,0.0,0.0,0.0,0.0,1.0,0.393939393939394,0.45833333333333326,0.06773884806107897,0
0.38823676709842325,0.36435220563419746,0.5354656364574275,1.0000000000000004,1.0,0.4285714285714286,0.5,2024,2,0.185,0.0,1.0,0.0,0.0,0.0,1.0,0.0,0.0,1.0,0.0,0.0,0.0,1.0,0.0,0.0,0.0,1.0,0.393939393939394,0.45833333333333326,0.6427439125168093,1
0.6596842761989657,0.47403795200027954,0.5354656364574275,0.0,0.0,0.4285714285714286,0.5,2024,1,0.2057,0.0,0.0,1.0,1.0,0.0,0.0,0.0,0.0,1.0,0.0,1.0,0.0,0.0,1.0,0.0,0.0,0.0,0.393939393939394,0.45833333333333326,0.28844180225299054,0
0.38823676709842325,0.47403795200027954,0.5354656364574275,0.0,0.0,0.4285714285714286,0.5,2025,2,0.185,0.0,1.0,0.0,0.0,0.0,1.0,1.0,0.0,0.0,0.0,1.0,0.0,0.0,0.0,0.0,1.0,0.0,0.393939393939394,0.45833333333333326,0.5826050444903135,1
0.7059613126314263,0.47403795200027954,0.5354656364574275,1.0000000000000004,1.0,0.7285714285714286,0.8250000000000002,2023,7,0.3999,0.0,1.0,0.0,0.0,0.0,1.0,0.0,0.0,1.0,0.0,0.0,0.0,1.0,0.0,0.0,0.0,1.0,0.47474747474747475,0.7847222222222221,0.29887056355028807,1
0.38823676709842325,0.447517537800759,0.5354656364574275,0.0,0.0,0.4285714285714286,0.5,2024,9,0.185,0.0,1.0,0.0,1.0,0.0,0.0,0.0,1.0,0.0,0.0,0.0,1.0,0.0,0.0,1.0,0.0,0.0,0.393939393939394,0.45833333333333326,0.5826050444903135,1
0.6596842761989657,0.47403795200027954,0.591257371862075,0.0,1.0,0.5428571428571429,0.07500000000000018,2023,9,0.2057,1.0,0.0,0.0,0.0,0.0,1.0,0.0,0.0,0.0,1.0,1.0,0.0,0.0,0.0,0.0,0.0,1.0,0.6464646464646465,0.2777777777777779,0.28844180225299054,0
0.5195737064824407,0.47403795200027954,0.5065277689203116,1.0000000000000004,0.0,0.4285714285714286,0.5,2020,5,0.2057,0.0,0.0,1.0,0.0,1.0,0.0,0.0,1.0,0.0,0.0,0.0,1.0,0.0,1.0,0.0,0.0,0.0,0.393939393939394,0.45833333333333326,0.49170871160792795,1
0.38823676709842325,0.447517537800759,0.5354656364574275,0.0,1.0,0.4285714285714286,0.5,2025,3,0.3999,0.0,0.0,1.0,0.0,1.0,0.0,0.0,0.0,0.0,1.0,1.0,0.0,0.0,0.0,0.0,1.0,0.0,0.393939393939394,0.45833333333333326,0.5826050444903135,1
0.38823676709842325,0.447517537800759,0.49178292733284845,0.0,1.0,0.4285714285714286,0.5,2022,8,0.3999,0.0,0.0,1.0,0.0,0.0,1.0,0.0,0.0,1.0,0.0,0.0,1.0,0.0,1.0,0.0,0.0,0.0,0.393939393939394,0.45833333333333326,0.5826050444903135,0
0.7059613126314263,0.447517537800759,0.92082696199203,0.0,0.0,0.4285714285714286,0.5,2024,12,0.3999,0.0,0.0,1.0,1.0,0.0,0.0,0.0,1.0,0.0,0.0,0.0,1.0,0.0,1.0,0.0,0.0,0.0,0.393939393939394,0.45833333333333326,0.2436929589308451,1
0.7059613126314263,0.447517537800759,0.5354656364574275,1.0000000000000004,0.0,0.4285714285714286,0.5,2022,10,0.3999,0.0,0.0,1.0,1.0,0.0,0.0,1.0,0.0,0.0,0.0,0.0,1.0,0.0,0.0,0.0,0.0,1.0,0.393939393939394,0.45833333333333326,0.29887056355028807,1
0.6596842761989657,0.47403795200027954,0.5354656364574275,1.0000000000000004,0.0,0.4285714285714286,0.5,2020,3,0.2057,0.0,0.0,1.0,0.0,1.0,0.0,0.0,1.0,0.0,0.0,0.0,0.0,1.0,1.0,0.0,0.0,0.0,0.393939393939394,0.45833333333333326,0.34478095320423274,1
0.6596842761989657,0.447517537800759,0.5354656364574275,0.0,1.0,0.4285714285714286,0.5,2021,9,0.1074,0.0,1.0,0.0,1.0,0.0,0.0,0.0,0.0,1.0,0.0,0.0,1.0,0.0,0.0,1.0,0.0,0.0,0.393939393939394,0.45833333333333326,0.28844180225299054,1
0.4216379923242304,0.47403795200027954,0.5354656364574275,0.0,0.0,0.9857142857142858,0.20000000000000018,2020,3,0.3999,1.0,0.0,0.0,1.0,0.0,0.0,0.0,1.0,0.0,0.0,1.0,0.0,0.0,0.0,0.0,0.0,1.0,0.9090909090909092,0.5624999999999998,0.5428792661115055,0
0.7059613126314263,0.47403795200027954,0.3158310975377949,0.0,0.0,0.4285714285714286,0.5,2022,11,0.3999,1.0,0.0,0.0,0.0,1.0,0.0,0.0,0.0,1.0,0.0,0.0,1.0,0.0,0.0,0.0,0.0,1.0,0.393939393939394,0.45833333333333326,0.2436929589308451,1
0.38823676709842325,0.447517537800759,0.5065277689203116,0.0,0.0,0.6142857142857143,0.07500000000000018,2021,3,0.3999,1.0,0.0,0.0,0.0,1.0,0.0,0.0,0.0,0.0,1.0,0.0,1.0,0.0,0.0,0.0,0.0,1.0,0.6969696969696971,0.3125,0.5826050444903135,0
0.7059613126314263,0.47403795200027954,0.8576774249708521,0.0,0.0,0.4285714285714286,0.5,2024,3,0.3999,0.0,0.0,1.0,0.0,1.0,0.0,0.0,0.0,0.0,1.0,0.0,0.0,1.0,0.0,0.0,0.0,1.0,0.393939393939394,0.45833333333333326,0.2436929589308451,0
0.38823676709842325,0.447517537800759,0.5354656364574275,0.0,0.0,0.4285714285714286,0.5,2023,12,0.3999,1.0,0.0,0.0,1.0,0.0,0.0,1.0,0.0,0.0,0.0,1.0,0.0,0.0,0.0,0.0,1.0,0.0,0.393939393939394,0.45833333333333326,0.5826050444903135,1
0.7059613126314263,0.25653244797659136,0.7908826781462572,0.0,1.0,0.4285714285714286,0.5,2021,11,0.102,0.0,0.0,1.0,1.0,0.0,0.0,0.0,0.0,1.0,0.0,1.0,0.0,0.0,1.0,0.0,0.0,0.0,0.393939393939394,0.45833333333333326,0.2436929589308451,1
0.6596842761989657,0.2751698566066043,0.8468092285777598,0.0,0.0,0.17142857142857149,0.7000000000000002,2025,8,0.102,0.0,1.0,0.0,1.0,0.0,0.0,0.0,1.0,0.0,0.0,1.0,0.0,0.0,0.0,1.0,0.0,0.0,0.13131313131313133,0.44444444444444464,0.28844180225299054,1
0.7059613126314263,0.45819424286116694,0.5354656364574275,1.0000000000000004,1.0,0.4285714285714286,0.5,2020,9,0.3999,0.0,0.0,1.0,0.0,1.0,0.0,1.0,0.0,0.0,0.0,0.0,1.0,0.0,0.0,0.0,1.0,0.0,0.393939393939394,0.45833333333333326,0.29887056355028807,1
0.38823676709842325,0.47403795200027954,0.8896828119009514,1.0000000000000004,0.0,0.4285714285714286,0.5,2021,11,0.185,0.0,1.0,0.0,0.0,0.0,1.0,1.0,0.0,0.0,0.0,0.0,1.0,0.0,0.0,0.0,1.0,0.0,0.393939393939394,0.45833333333333326,0.6427439125168093,1
0.8760445698180266,0.447517537800759,0.7441104797203657,0.0,1.0,0.4285714285714286,0.5,2025,11,0.2057,0.0,1.0,0.0,0.0,0.0,1.0,0.0,1.0,0.0,0.0,0.0,1.0,0.0,0.0,0.0,0.0,1.0,0.393939393939394,0.45833333333333326,0.09309417343275825,1
0.38823676709842325,0.9439379947033202,0.5496677092603841,0.0,0.0,0.4285714285714286,0.5,2020,7,0.3999,1.0,0.0,0.0,0.0,1.0,0.0,1.0,0.0,0.0,0.0,1.0,0.0,0.0,0.0,0.0,0.0,1.0,0.393939393939394,0.45833333333333326,0.5826050444903135,1
0.6596842761989657,0.447517537800759,0.5354656364574275,0.0,0.0,0.4285714285714286,0.5,2021,10,0.102,0.0,0.0,1.0,1.0,0.0,0.0,1.0,0.0,0.0,0.0,0.0,0.0,1.0,0.0,0.0,0.0,1.0,0.393939393939394,0.45833333333333326,0.28844180225299054,0
0.6596842761989657,0.47403795200027954,0.5354656364574275,1.0000000000000004,0.0,0.4285714285714286,0.5,2023,12,0.185,0.0,1.0,0.0,0.0,0.0,1.0,0.0,1.0,0.0,0.0,1.0,0.0,0.0,0.0,0.0,0.0,1.0,0.393939393939394,0.45833333333333326,0.34478095320423274,0
0.7059613126314263,0.47403795200027954,0.5354656364574275,1.0000000000000004,0.0,0.4285714285714286,0.5,2020,6,0.3999,0.0,0.0,1.0,1.0,0.0,0.0,0.0,0.0,1.0,0.0,0.0,1.0,0.0,0.0,0.0,1.0,0.0,0.393939393939394,0.45833333333333326,0.29887056355028807,1
0.897730560073701,0.447517537800759,0.5354656364574275,0.0,1.0,0.4285714285714286,0.5,2023,11,0.1074,1.0,0.0,0.0,0.0,0.0,1.0,0.0,1.0,0.0,0.0,0.0,1.0,0.0,1.0,0.0,0.0,0.0,0.393939393939394,0.45833333333333326,0.07567887812750071,0
0.7059613126314263,0.447517537800759,0.5354656364574275,0.0,0.0,0.4285714285714286,0.5,2025,8,0.2057,0.0,0.0,1.0,0.0,1.0,0.0,0.0,0.0,1.0,0.0,0.0,0.0,1.0,0.0,0.0,0.0,1.0,0.393939393939394,0.45833333333333326,0.2436929589308451,0
0.38823676709842325,0.447517537800759,0.5354656364574275,0.0,0.0,0.4285714285714286,0.5,2020,3,0.3999,0.0,0.0,1.0,1.0,0.0,0.0,1.0,0.0,0.0,0.0,0.0,1.0,0.0,1.0,0.0,0.0,0.0,0.393939393939394,0.45833333333333326,0.5826050444903135,1
0.757619990357176,0.47403795200027954,0.5354656364574275,0.0,0.0,0.4285714285714286,0.5,2023,11,0.3999,0.0,1.0,0.0,1.0,0.0,0.0,0.0,0.0,1.0,0.0,1.0,0.0,0.0,0.0,0.0,1.0,0.0,0.393939393939394,0.45833333333333326,0.19553489140479943,1
0.6596842761989657,0.9439379947033202,0.5354656364574275,1.0000000000000004,0.0,0.4285714285714286,0.5,2020,2,0.185,0.0,0.0,1.0,1.0,0.0,0.0,1.0,0.0,0.0,0.0,1.0,0.0,0.0,1.0,0.0,0.0,0.0,0.393939393939394,0.45833333333333326,0.34478095320423274,1
0.49892198580547814,0.47403795200027954,0.5354656364574275,0.0,0.0,0.8000000000000003,0.9500000000000002,2025,6,0.2057,1.0,0.0,0.0,0.0,0.0,1.0,1.0,0.0,0.0,0.0,0.0,1.0,0.0,1.0,0.0,0.0,0.0,0.47474747474747475,0.8888888888888891,0.4553882332454916,1
0.9494934354765419,0.8274810358371432,0.5354656364574275,0.0,0.0,0.4285714285714286,0.5,2020,5,0.185,1.0,0.0,0.0,0.0,0.0,1.0,1.0,0.0,0.0,0.0,0.0,1.0,0.0,0.0,0.0,1.0,0.0,0.393939393939394,0.45833333333333326,0.035992393836476094,0
0.9797769225198698,0.47403795200027954,0.5354656364574275,1.0000000000000004,0.0,0.4285714285714286,0.5,2021,6,0.2057,1.0,0.0,0.0,1.0,0.0,0.0,0.0,1.0,0.0,0.0,0.0,1.0,0.0,0.0,0.0,0.0,1.0,0.393939393939394,0.45833333333333326,0.057459548693782864,1
0.7059613126314263,0.447517537800759,0.5354656364574275,0.0,0.0,0.5428571428571429,0.050000000000000044,2025,9,0.3999,1.0,0.0,0.0,1.0,0.0,0.0,1.0,0.0,0.0,0.0,1.0,0.0,0.0,0.0,0.0,0.0,1.0,0.6565656565656567,0.26388888888888906,0.2436929589308451,0
0.6596842761989657,0.447517537800759,0.5354656364574275,0.0,0.0,0.6285714285714286,0.6000000000000001,2023,11,0.185,0.0,1.0,0.0,1.0,0.0,0.0,1.0,0.0,0.0,0.0,0.0,0.0,1.0,0.0,0.0,0.0,1.0,0.494949494949495,0.6111111111111114,0.28844180225299054,1
0.7059613126314263,0.47403795200027954,0.4617174859980837,0.0,0.0,0.37142857142857144,0.20000000000000018,2024,12,0.3999,0.0,0.0,1.0,0.0,0.0,1.0,1.0,0.0,0.0,0.0,0.0,1.0,0.0,1.0,0.0,0.0,0.0,0.47474747474747475,0.26388888888888906,0.2436929589308451,1
0.38823676709842325,0.447517537800759,0.3498763287364808,0.0,0.0,0.4285714285714286,0.5,2022,11,0.3999,0.0,0.0,1.0,1.0,0.0,0.0,1.0,0.0,0.0,0.0,0.0,1.0,0.0,0.0,1.0,0.0,0.0,0.393939393939394,0.45833333333333326,0.5826050444903135,0
0.38823676709842325,0.47403795200027954,0.5354656364574275,0.0,1.0,0.4285714285714286,0.5,2023,10,0.185,0.0,1.0,0.0,0.0,0.0,1.0,1.0,0.0,0.0,0.0,1.0,0.0,0.0,0.0,0.0,0.0,1.0,0.393939393939394,0.45833333333333326,0.5826050444903135,1
0.38823676709842325,0.447517537800759,1.0,0.0,0.0,0.8857142857142857,0.6750000000000003,2020,6,0.3999,0.0,1.0,0.0,0.0,1.0,0.0,0.0,1.0,0.0,0.0,0.0,1.0,0.0,1.0,0.0,0.0,0.0,0.6464646464646465,0.7777777777777779,0.5826050444903135,0
0.7059613126314263,0.47403795200027954,0.5354656364574275,0.0,0.0,0.4285714285714286,0.5,2024,1,0.2057,0.0,1.0,0.0,0.0,0.0,1.0,1.0,0.0,0.0,0.0,0.0,1.0,0.0,1.0,0.0,0.0,0.0,0.393939393939394,0.45833333333333326,0.2436929589308451,1
0.6596842761989657,0.447517537800759,0.5354656364574275,0.0,1.0,0.4285714285714286,0.5,2021,6,0.2057,0.0,0.0,1.0,1.0,0.0,0.0,0.0,0.0,0.0,1.0,0.0,0.0,1.0,0.0,0.0,1.0,0.0,0.393939393939394,0.45833333333333326,0.28844180225299054,1
0.6596842761989657,0.447517537800759,0.5354656364574275,1.0000000000000004,0.0,0.4285714285714286,0.5,2021,6,0.3999,1.0,0.0,0.0,1.0,0.0,0.0,1.0,0.0,0.0,0.0,1.0,0.0,0.0,1.0,0.0,0.0,0.0,0.393939393939394,0.45833333333333326,0.34478095320423274,1
0.38823676709842325,0.47403795200027954,0.5354656364574275,0.0,0.0,0.4285714285714286,0.5,2025,9,0.1074,0.0,0.0,1.0,1.0,0.0,0.0,0.0,0.0,1.0,0.0,0.0,1.0,0.0,0.0,0.0,0.0,1.0,0.393939393939394,0.45833333333333326,0.5826050444903135,0
0.6596842761989657,0.447517537800759,0.5354656364574275,0.0,0.0,0.4285714285714286,0.5,2023,9,0.3999,0.0,1.0,0.0,1.0,0.0,0.0,0.0,1.0,0.0,0.0,0.0,1.0,0.0,0.0,1.0,0.0,0.0,0.393939393939394,0.45833333333333326,0.28844180225299054,0
0.6596842761989657,0.47403795200027954,0.5354656364574275,0.0,0.0,0.4285714285714286,0.5,2020,4,0.3999,1.0,0.0,0.0,0.0,0.0,1.0,0.0,0.0,1.0,0.0,0.0,1.0,0.0,0.0,0.0,1.0,0.0,0.393939393939394,0.45833333333333326,0.28844180225299054,1
0.38823676709842325,0.47403795200027954,0.5354656364574275,1.0000000000000004,1.0,0.4285714285714286,0.5,2022,1,0.1074,1.0,0.0,0.0,1.0,0.0,0.0,1.0,0.0,0.0,0.0,0.0,1.0,0.0,0.0,0.0,1.0,0.0,0.393939393939394,0.45833333333333326,0.6427439125168093,1
0.9236334915818912,0.45819424286116694,0.5354656364574275,0.0,0.0,0.4285714285714286,0.5,2020,12,0.102,0.0,0.0,1.0,0.0,1.0,0.0,0.0,1.0,0.0,0.0,1.0,0.0,0.0,1.0,0.0,0.0,0.0,0.393939393939394,0.45833333333333326,0.05547858198464192,1
0.7059613126314263,0.47403795200027954,0.5354656364574275,1.0000000000000004,0.0,0.4285714285714286,0.5,2024,3,0.3999,0.0,1.0,0.0,0.0,1.0,0.0,0.0,0.0,0.0,1.0,0.0,0.0,1.0,0.0,0.0,0.0,1.0,0.393939393939394,0.45833333333333326,0.29887056355028807,1
0.7059613126314263,0.47403795200027954,0.022475549143011975,0.0,0.0,0.40000000000000013,0.7250000000000001,2025,9,0.185,1.0,0.0,0.0,0.0,0.0,1.0,0.0,0.0,0.0,1.0,1.0,0.0,0.0,0.0,0.0,0.0,1.0,0.2828282828282828,0.5694444444444444,0.2436929589308451,1
0.9045023319895283,0.47403795200027954,0.022475549143011975,0.0,0.0,0.4285714285714286,0.5,2025,12,0.2057,1.0,0.0,0.0,0.0,1.0,0.0,1.0,0.0,0.0,0.0,0.0,1.0,0.0,1.0,0.0,0.0,0.0,0.393939393939394,0.45833333333333326,0.07033368718684699,0
0.7059613126314263,0.21191744183424932,0.5354656364574275,0.0,0.0,0.4285714285714286,0.5,2024,9,0.1074,0.0,0.0,1.0,1.0,0.0,0.0,0.0,0.0,0.0,1.0,0.0,1.0,0.0,0.0,0.0,0.0,1.0,0.393939393939394,0.45833333333333326,0.2436929589308451,0
0.38823676709842325,0.47403795200027954,0.5354656364574275,0.0,1.0,0.4285714285714286,0.5,2020,1,0.2057,1.0,0.0,0.0,0.0,0.0,1.0,0.0,1.0,0.0,0.0,1.0,0.0,0.0,0.0,1.0,0.0,0.0,0.393939393939394,0.45833333333333326,0.5826050444903135,0
0.7059613126314263,0.447517537800759,0.5354656364574275,0.0,0.0,0.4285714285714286,0.5,2024,2,0.102,1.0,0.0,0.0,0.0,0.0,1.0,0.0,0.0,1.0,0.0,0.0,1.0,0.0,0.0,0.0,0.0,1.0,0.393939393939394,0.45833333333333326,0.2436929589308451,1
0.7059613126314263,0.47403795200027954,0.5354656364574275,0.0,1.0,0.4285714285714286,0.5,2020,12,0.2057,1.0,0.0,0.0,0.0,1.0,0.0,0.0,1.0,0.0,0.0,1.0,0.0,0.0,0.0,1.0,0.0,0.0,0.393939393939394,0.45833333333333326,0.2436929589308451,1
0.38823676709842325,0.47403795200027954,0.9610903055226858,0.0,1.0,0.4285714285714286,0.5,2025,1,0.2057,0.0,1.0,0.0,0.0,1.0,0.0,0.0,0.0,1.0,0.0,1.0,0.0,0.0,0.0,0.0,1.0,0.0,0.393939393939394,0.45833333333333326,0.5826050444903135,1
0.7059613126314263,0.47403795200027954,0.779365623801902,1.0000000000000004,0.0,0.4285714285714286,0.5,2025,5,0.102,0.0,0.0,1.0,0.0,0.0,1.0,0.0,0.0,0.0,1.0,0.0,1.0,0.0,0.0,0.0,0.0,1.0,0.393939393939394,0.45833333333333326,0.29887056355028807,0
0.5384272503221113,0.47403795200027954,0.5354656364574275,0.0,1.0,0.4285714285714286,0.5,2022,6,0.185,0.0,0.0,1.0,0.0,0.0,1.0,1.0,0.0,0.0,0.0,1.0,0.0,0.0,0.0,1.0,0.0,0.0,0.393939393939394,0.45833333333333326,0.41264408810387754,1
0.6596842761989657,0.33533553201709676,0.5354656364574275,0.0,0.0,0.04285714285714293,0.7749999999999999,2024,9,0.2057,0.0,0.0,1.0,0.0,1.0,0.0,0.0,0.0,1.0,0.0,1.0,0.0,0.0,0.0,0.0,0.0,1.0,0.010101010101010102,0.4236111111111114,0.28844180225299054,0
0.38823676709842325,0.47403795200027954,0.8684445203976638,0.0,0.0,0.3142857142857143,0.9500000000000002,2023,8,0.2057,0.0,0.0,1.0,1.0,0.0,0.0,0.0,0.0,1.0,0.0,0.0,1.0,0.0,0.0,0.0,0.0,1.0,0.13131313131313133,0.6527777777777779,0.5826050444903135,1
0.38823676709842325,0.47403795200027954,0.5354656364574275,0.0,0.0,0.4285714285714286,0.5,2020,9,0.3999,0.0,1.0,0.0,0.0,0.0,1.0,1.0,0.0,0.0,0.0,1.0,0.0,0.0,0.0,1.0,0.0,0.0,0.393939393939394,0.45833333333333326,0.5826050444903135,1
0.7059613126314263,0.447517537800759,0.5354656364574275,0.0,0.0,0.4285714285714286,0.5,2020,11,0.1074,0.0,1.0,0.0,1.0,0.0,0.0,0.0,1.0,0.0,0.0,0.0,1.0,0.0,0.0,0.0,0.0,1.0,0.393939393939394,0.45833333333333326,0.2436929589308451,0
0.6596842761989657,0.7874401243240841,0.5354656364574275,0.0,0.0,0.4285714285714286,0.5,2025,2,0.185,0.0,0.0,1.0,1.0,0.0,0.0,1.0,0.0,0.0,0.0,0.0,0.0,1.0,0.0,1.0,0.0,0.0,0.393939393939394,0.45833333333333326,0.28844180225299054,0
0.38823676709842325,0.447517537800759,0.5354656364574275,0.0,0.0,0.4285714285714286,0.5,2022,1,0.185,0.0,1.0,0.0,1.0,0.0,0.0,1.0,0.0,0.0,0.0,1.0,0.0,0.0,0.0,0.0,1.0,0.0,0.393939393939394,0.45833333333333326,0.5826050444903135,1
0.9205599781297086,0.9295150030212951,0.5354656364574275,0.0,0.0,0.4285714285714286,0.5,2020,5,0.1074,0.0,1.0,0.0,1.0,0.0,0.0,0.0,0.0,1.0,0.0,1.0,0.0,0.0,0.0,0.0,1.0,0.0,0.393939393939394,0.45833333333333326,0.05784033428027044,1
0.6596842761989657,0.447517537800759,0.5354656364574275,0.0,0.0,0.5714285714285714,0.5500000000000003,2023,3,0.185,0.0,0.0,1.0,0.0,1.0,0.0,0.0,0.0,1.0,0.0,0.0,1.0,0.0,1.0,0.0,0.0,0.0,0.47474747474747475,0.5555555555555556,0.28844180225299054,0
0.38823676709842325,0.47927427295186975,0.08739654977087685,0.0,1.0,0.5857142857142859,0.8500000000000001,2021,10,0.2057,0.0,0.0,1.0,0.0,1.0,0.0,0.0,0.0,0.0,1.0,0.0,0.0,1.0,0.0,0.0,1.0,0.0,0.36363636363636365,0.7291666666666667,0.5826050444903135,1
0.38823676709842325,0.3982943042755771,0.022475549143011975,0.0,0.0,0.4285714285714286,0.5,2022,12,0.3999,0.0,0.0,1.0,0.0,1.0,0.0,0.0,1.0,0.0,0.0,1.0,0.0,0.0,1.0,0.0,0.0,0.0,0.393939393939394,0.45833333333333326,0.5826050444903135,1
0.6596842761989657,0.447517537800759,0.5636976314849393,1.0000000000000004,0.0,0.4285714285714286,0.5,2020,5,0.102,0.0,1.0,0.0,1.0,0.0,0.0,1.0,0.0,0.0,0.0,0.0,1.0,0.0,0.0,0.0,1.0,0.0,0.393939393939394,0.45833333333333326,0.34478095320423274,0
0.38823676709842325,0.5601656754104924,0.5354656364574275,0.0,0.0,0.05714285714285716,0.0,2022,10,0.2057,1.0,0.0,0.0,0.0,1.0,0.0,0.0,0.0,1.0,0.0,1.0,0.0,0.0,1.0,0.0,0.0,0.0,0.33333333333333337,0.0,0.5826050444903135,0
0.38823676709842325,0.447517537800759,0.5354656364574275,0.0,0.0,0.7857142857142856,0.125,2020,8,0.185,1.0,0.0,0.0,0.0,1.0,0.0,0.0,0.0,1.0,0.0,1.0,0.0,0.0,0.0,0.0,1.0,0.0,0.7979797979797981,0.4236111111111114,0.5826050444903135,0
0.38823676709842325,0.47403795200027954,0.5354656364574275,0.0,0.0,0.4285714285714286,0.5,2024,12,0.185,0.0,1.0,0.0,1.0,0.0,0.0,0.0,0.0,1.0,0.0,0.0,0.0,1.0,0.0,0.0,0.0,1.0,0.393939393939394,0.45833333333333326,0.5826050444903135,1
0.7059613126314263,0.7915032309033729,0.5354656364574275,0.0,1.0,0.7571428571428571,0.5750000000000002,2024,7,0.3999,0.0,1.0,0.0,0.0,1.0,0.0,1.0,0.0,0.0,0.0,0.0,1.0,0.0,0.0,0.0,1.0,0.0,0.595959595959596,0.6597222222222221,0.2436929589308451,1
0.38823676709842325,0.447517537800759,0.5354656364574275,0.0,0.0,0.4285714285714286,0.5,2022,10,0.3999,0.0,1.0,0.0,0.0,1.0,0.0,0.0,0.0,0.0,1.0,0.0,1.0,0.0,1.0,0.0,0.0,0.0,0.393939393939394,0.45833333333333326,0.5826050444903135,0
0.7059613126314263,0.447517537800759,0.5354656364574275,0.0,1.0,0.5,0.10000000000000009,2023,1,0.3999,1.0,0.0,0.0,0.0,1.0,0.0,0.0,1.0,0.0,0.0,1.0,0.0,0.0,0.0,0.0,0.0,1.0,0.6060606060606062,0.27083333333333326,0.2436929589308451,1
0.7059613126314263,0.6900911776928242,0.5354656364574275,0.0,0.0,0.4285714285714286,0.5,2020,10,0.185,1.0,0.0,0.0,0.0,1.0,0.0,0.0,1.0,0.0,0.0,0.0,0.0,1.0,1.0,0.0,0.0,0.0,0.393939393939394,0.45833333333333326,0.2436929589308451,0
0.6596842761989657,0.447517537800759,0.5354656364574275,0.0,0.0,0.9142857142857141,0.4500000000000002,2023,1,0.1074,0.0,1.0,0.0,0.0,0.0,1.0,0.0,0.0,1.0,0.0,1.0,0.0,0.0,0.0,0.0,0.0,1.0,0.7575757575757577,0.6666666666666667,0.28844180225299054,0
0.6596842761989657,0.47403795200027954,0.44638673986166477,0.0,0.0,0.37142857142857144,0.0,2022,2,0.185,0.0,0.0,1.0,0.0,1.0,0.0,0.0,0.0,0.0,1.0,1.0,0.0,0.0,0.0,0.0,0.0,1.0,0.5555555555555557,0.1527777777777779,0.28844180225299054,0
0.9626295218680472,0.47403795200027954,0.5354656364574275,0.0,0.0,0.24285714285714288,0.5249999999999999,2023,3,0.185,0.0,1.0,0.0,0.0,1.0,0.0,0.0,0.0,0.0,1.0,1.0,0.0,0.0,1.0,0.0,0.0,0.0,0.25252525252525254,0.38194444444444464,0.02636345370865137,0
0.38823676709842325,0.447517537800759,0.5354656364574275,0.0,1.0,0.4285714285714286,0.5,2022,11,0.3999,0.0,0.0,1.0,1.0,0.0,0.0,1.0,0.0,0.0,0.0,1.0,0.0,0.0,0.0,0.0,1.0,0.0,0.393939393939394,0.45833333333333326,0.5826050444903135,1
0.7059613126314263,0.7291045037602584,0.5354656364574275,0.0,0.0,0.6000000000000001,0.4500000000000002,2025,6,0.185,0.0,0.0,1.0,1.0,0.0,0.0,1.0,0.0,0.0,0.0,0.0,0.0,1.0,0.0,1.0,0.0,0.0,0.5353535353535355,0.5138888888888891,0.2436929589308451,1
0.38823676709842325,0.47403795200027954,0.5354656364574275,0.0,0.0,0.4285714285714286,0.5,2020,10,0.3999,1.0,0.0,0.0,0.0,1.0,0.0,1.0,0.0,0.0,0.0,1.0,0.0,0.0,0.0,0.0,1.0,0.0,0.393939393939394,0.45833333333333326,0.5826050444903135,0
0.6596842761989657,0.34702426153413235,0.5210871358800633,1.0000000000000004,0.0,0.4285714285714286,0.5,2020,7,0.3999,0.0,0.0,1.0,1.0,0.0,0.0,1.0,0.0,0.0,0.0,0.0,0.0,1.0,0.0,1.0,0.0,0.0,0.393939393939394,0.45833333333333326,0.34478095320423274,1
0.38823676709842325,0.47403795200027954,0.5354656364574275,0.0,1.0,0.4285714285714286,0.5,2023,6,0.2057,0.0,1.0,0.0,1.0,0.0,0.0,1.0,0.0,0.0,0.0,0.0,1.0,0.0,0.0,0.0,0.0,1.0,0.393939393939394,0.45833333333333326,0.5826050444903135,1
0.7059613126314263,0.447517537800759,0.5354656364574275,0.0,0.0,0.4285714285714286,0.5,2021,2,0.1074,1.0,0.0,0.0,1.0,0.0,0.0,0.0,0.0,1.0,0.0,0.0,0.0,1.0,0.0,0.0,0.0,1.0,0.393939393939394,0.45833333333333326,0.2436929589308451,1
0.38823676709842325,0.447517537800759,0.5354656364574275,0.0,1.0,0.4285714285714286,0.5,2020,5,0.1074,0.0,1.0,0.0,0.0,1.0,0.0,0.0,1.0,0.0,0.0,1.0,0.0,0.0,0.0,0.0,0.0,1.0,0.393939393939394,0.45833333333333326,0.5826050444903135,0
0.6596842761989657,0.47403795200027954,0.5354656364574275,0.0,0.0,0.4285714285714286,0.5,2022,2,0.3999,0.0,1.0,0.0,0.0,0.0,1.0,0.0,1.0,0.0,0.0,1.0,0.0,0.0,0.0,0.0,0.0,1.0,0.393939393939394,0.45833333333333326,0.28844180225299054,1
0.6596842761989657,0.6723476811941551,0.5354656364574275,0.0,0.0,0.47142857142857153,0.6499999999999999,2023,12,0.102,1.0,0.0,0.0,1.0,0.0,0.0,0.0,1.0,0.0,0.0,1.0,0.0,0.0,0.0,0.0,1.0,0.0,0.36363636363636365,0.5624999999999998,0.28844180225299054,0
0.7059613126314263,0.447517537800759,0.5354656364574275,0.0,0.0,0.4285714285714286,0.5,2023,10,0.3999,0.0,0.0,1.0,0.0,0.0,1.0,1.0,0.0,0.0,0.0,0.0,1.0,0.0,0.0,0.0,0.0,1.0,0.393939393939394,0.45833333333333326,0.2436929589308451,0
0.6596842761989657,0.47403795200027954,0.5636976314849393,0.0,0.0,0.4285714285714286,0.5,2023,7,0.3999,1.0,0.0,0.0,0.0,1.0,0.0,0.0,0.0,1.0,0.0,0.0,1.0,0.0,0.0,0.0,0.0,1.0,0.393939393939394,0.45833333333333326,0.28844180225299054,0
0.38823676709842325,0.47403795200027954,0.5354656364574275,0.0,0.0,0.4285714285714286,0.5,2024,12,0.2057,1.0,0.0,0.0,1.0,0.0,0.0,0.0,0.0,0.0,1.0,0.0,0.0,1.0,0.0,0.0,0.0,1.0,0.393939393939394,0.45833333333333326,0.5826050444903135,0
0.7059613126314263,0.47403795200027954,0.5354656364574275,0.0,1.0,0.4285714285714286,0.5,2021,4,0.102,0.0,0.0,1.0,0.0,0.0,1.0,0.0,0.0,1.0,0.0,1.0,0.0,0.0,0.0,1.0,0.0,0.0,0.393939393939394,0.45833333333333326,0.2436929589308451,1
0.38823676709842325,0.32944935505981254,0.5354656364574275,0.0,0.0,0.4285714285714286,0.5,2021,2,0.2057,1.0,0.0,0.0,0.0,0.0,1.0,1.0,0.0,0.0,0.0,0.0,0.0,1.0,0.0,1.0,0.0,0.0,0.393939393939394,0.45833333333333326,0.5826050444903135,0
0.38823676709842325,0.6768075476510531,0.5354656364574275,0.0,0.0,0.4285714285714286,0.5,2022,10,0.3999,1.0,0.0,0.0,0.0,0.0,1.0,1.0,0.0,0.0,0.0,1.0,0.0,0.0,0.0,0.0,0.0,1.0,0.393939393939394,0.45833333333333326,0.5826050444903135,0
0.9797769225198698,0.9403480307961405,0.5636976314849393,1.0000000000000004,1.0,0.4285714285714286,0.5,2024,9,0.3999,0.0,0.0,1.0,0.0,1.0,0.0,0.0,1.0,0.0,0.0,1.0,0.0,0.0,0.0,1.0,0.0,0.0,0.393939393939394,0.45833333333333326,0.057459548693782864,0
0.8683052090642308,0.447517537800759,0.5354656364574275,0.0,0.0,0.4571428571428573,0.20000000000000018,2022,5,0.3999,0.0,1.0,0.0,0.0,0.0,1.0,0.0,1.0,0.0,0.0,0.0,0.0,1.0,0.0,0.0,1.0,0.0,0.5353535353535355,0.3055555555555556,0.09941696283721821,1
0.9750145535549487,0.47403795200027954,0.5354656364574275,1.0000000000000004,0.0,0.4285714285714286,0.5,2023,3,0.3999,0.0,1.0,0.0,1.0,0.0,0.0,1.0,0.0,0.0,0.0,0.0,0.0,1.0,0.0,0.0,1.0,0.0,0.393939393939394,0.45833333333333326,0.06112278815958447,0
0.9467678767049003,0.47403795200027954,0.5354656364574275,0.0,0.0,0.4285714285714286,0.5,2020,9,0.3999,0.0,0.0,1.0,1.0,0.0,0.0,1.0,0.0,0.0,0.0,1.0,0.0,0.0,1.0,0.0,0.0,0.0,0.393939393939394,0.45833333333333326,0.038013274281466586,0
0.7059613126314263,0.5000000000000004,0.2984254400388755,0.0,0.0,0.6714285714285715,0.7749999999999999,2022,1,0.3999,1.0,0.0,0.0,0.0,0.0,1.0,0.0,1.0,0.0,0.0,1.0,0.0,0.0,0.0,0.0,1.0,0.0,0.4545454545454546,0.7291666666666667,0.2436929589308451,0
0.6596842761989657,0.47403795200027954,0.5354656364574275,1.0000000000000004,0.0,0.4285714285714286,0.5,2022,9,0.102,1.0,0.0,0.0,0.0,0.0,1.0,0.0,0.0,1.0,0.0,0.0,0.0,1.0,1.0,0.0,0.0,0.0,0.393939393939394,0.45833333333333326,0.34478095320423274,0
0.7059613126314263,0.831414537517452,0.5354656364574275,0.0,0.0,0.4285714285714286,0.5,2024,11,0.102,0.0,1.0,0.0,0.0,1.0,0.0,0.0,0.0,1.0,0.0,1.0,0.0,0.0,0.0,0.0,0.0,1.0,0.393939393939394,0.45833333333333326,0.2436929589308451,0
0.7059613126314263,0.47403795200027954,0.5354656364574275,0.0,1.0,0.4285714285714286,0.5,2021,12,0.102,1.0,0.0,0.0,0.0,0.0,1.0,0.0,1.0,0.0,0.0,0.0,0.0,1.0,0.0,1.0,0.0,0.0,0.393939393939394,0.45833333333333326,0.2436929589308451,0
0.7059613126314263,0.447517537800759,0.5354656364574275,0.0,0.0,0.4285714285714286,0.5,2024,9,0.102,1.0,0.0,0.0,1.0,0.0,0.0,1.0,0.0,0.0,0.0,0.0,1.0,0.0,0.0,1.0,0.0,0.0,0.393939393939394,0.45833333333333326,0.2436929589308451,0
0.5195737064824407,0.447517537800759,0.5354656364574275,0.0,1.0,0.05714285714285716,0.625,2021,1,0.2057,0.0,0.0,1.0,0.0,1.0,0.0,1.0,0.0,0.0,0.0,0.0,1.0,0.0,0.0,0.0,0.0,1.0,0.08080808080808081,0.3472222222222223,0.4328924311374578,0
0.649112469029166,0.13837441047700905,0.5354656364574275,0.0,0.0,0.4285714285714286,0.5,2022,8,0.102,0.0,0.0,1.0,0.0,1.0,0.0,0.0,0.0,0.0,1.0,0.0,1.0,0.0,0.0,0.0,1.0,0.0,0.393939393939394,0.45833333333333326,0.29887056355028807,0
0.7764735341968465,0.447517537800759,0.5354656364574275,1.0000000000000004,0.0,0.4285714285714286,0.5,2024,8,0.3999,0.0,1.0,0.0,1.0,0.0,0.0,1.0,0.0,0.0,0.0,0.0,0.0,1.0,0.0,0.0,0.0,1.0,0.393939393939394,0.45833333333333326,0.23144811670391055,0
0.9774088217319686,0.47403795200027954,0.5354656364574275,0.0,1.0,0.20000000000000018,0.15000000000000013,2020,7,0.3999,0.0,1.0,0.0,1.0,0.0,0.0,0.0,0.0,1.0,0.0,0.0,1.0,0.0,1.0,0.0,0.0,0.0,0.37373737373737376,0.1527777777777779,0.015752803605833893,1
0.7059613126314263,0.19886809539367523,0.6444830440585729,0.0,0.0,0.4285714285714286,0.5,2025,9,0.3999,1.0,0.0,0.0,0.0,0.0,1.0,0.0,0.0,1.0,0.0,1.0,0.0,0.0,0.0,0.0,1.0,0.0,0.393939393939394,0.45833333333333326,0.2436929589308451,0
0.7059613126314263,0.47403795200027954,0.5354656364574275,1.0000000000000004,0.0,0.4285714285714286,0.5,2025,4,0.185,1.0,0.0,0.0,1.0,0.0,0.0,1.0,0.0,0.0,0.0,0.0,1.0,0.0,1.0,0.0,0.0,0.0,0.393939393939394,0.45833333333333326,0.29887056355028807,1
0.6596842761989657,0.47403795200027954,0.5354656364574275,0.0,0.0,0.4285714285714286,0.5,2025,7,0.1074,0.0,0.0,1.0,1.0,0.0,0.0,1.0,0.0,0.0,0.0,0.0,1.0,0.0,0.0,1.0,0.0,0.0,0.393939393939394,0.45833333333333326,0.28844180225299054,1
0.38823676709842325,0.47403795200027954,0.8022862621300737,0.0,0.0,0.4285714285714286,0.5,2020,3,0.3999,0.0,1.0,0.0,0.0,1.0,0.0,1.0,0.0,0.0,0.0,0.0,1.0,0.0,1.0,0.0,0.0,0.0,0.393939393939394,0.45833333333333326,0.5826050444903135,0
0.7059613126314263,0.7075829848894277,0.5354656364574275,0.0,1.0,0.4285714285714286,0.5,2024,7,0.102,0.0,1.0,0.0,0.0,1.0,0.0,1.0,0.0,0.0,0.0,0.0,0.0,1.0,1.0,0.0,0.0,0.0,0.393939393939394,0.45833333333333326,0.2436929589308451,0
0.7059613126314263,0.447517537800759,0.5354656364574275,1.0000000000000004,0.0,0.4285714285714286,0.5,2021,3,0.3999,0.0,0.0,1.0,0.0,0.0,1.0,0.0,0.0,0.0,1.0,1.0,0.0,0.0,0.0,0.0,0.0,1.0,0.393939393939394,0.45833333333333326,0.29887056355028807,1
0.6596842761989657,0.47403795200027954,0.5354656364574275,0.0,0.0,0.4285714285714286,0.5,2020,8,0.3999,1.0,0.0,0.0,0.0,0.0,1.0,1.0,0.0,0.0,0.0,0.0,1.0,0.0,0.0,1.0,0.0,0.0,0.393939393939394,0.45833333333333326,0.28844180225299054,1
0.7059613126314263,0.6944874452053731,0.5354656364574275,0.0,0.0,0.4285714285714286,0.5,2024,3,0.185,1.0,0.0,0.0,1.0,0.0,0.0,0.0,0.0,0.0,1.0,0.0,1.0,0.0,1.0,0.0,0.0,0.0,0.393939393939394,0.45833333333333326,0.2436929589308451,1
0.3487315025817901,0.7544441295584741,0.5354656364574275,0.0,1.0,0.5857142857142859,0.9000000000000004,2021,12,0.102,1.0,0.0,0.0,0.0,0.0,1.0,0.0,0.0,1.0,0.0,1.0,0.0,0.0,0.0,0.0,0.0,1.0,0.3434343434343435,0.7569444444444444,0.6314763179096198,1
0.23804628387473534,0.447517537800759,0.5354656364574275,0.0,0.0,0.4285714285714286,0.5,2025,9,0.102,0.0,0.0,1.0,1.0,0.0,0.0,0.0,0.0,1.0,0.0,0.0,0.0,1.0,1.0,0.0,0.0,0.0,0.393939393939394,0.45833333333333326,0.7845415170589761,1
0.4216379923242304,0.47403795200027954,0.5354656364574275,0.0,0.0,0.5857142857142859,0.4750000000000001,2020,6,0.3999,0.0,1.0,0.0,1.0,0.0,0.0,1.0,0.0,0.0,0.0,1.0,0.0,0.0,0.0,0.0,1.0,0.0,0.5151515151515152,0.5208333333333333,0.5428792661115055,1
0.38823676709842325,0.7955529939230721,0.5354656364574275,0.0,0.0,0.4285714285714286,0.5,2022,6,0.2057,1.0,0.0,0.0,0.0,0.0,1.0,1.0,0.0,0.0,0.0,0.0,0.0,1.0,0.0,1.0,0.0,0.0,0.393939393939394,0.45833333333333326,0.5826050444903135,1
0.38823676709842325,0.9112457543376471,0.5354656364574275,0.0,0.0,0.4285714285714286,0.5,2023,4,0.102,0.0,1.0,0.0,1.0,0.0,0.0,0.0,1.0,0.0,0.0,0.0,1.0,0.0,1.0,0.0,0.0,0.0,0.393939393939394,0.45833333333333326,0.5826050444903135,1
0.38823676709842325,0.447517537800759,0.5354656364574275,0.0,0.0,0.4285714285714286,0.5,2022,1,0.185,0.0,1.0,0.0,1.0,0.0,0.0,1.0,0.0,0.0,0.0,1.0,0.0,0.0,0.0,0.0,1.0,0.0,0.393939393939394,0.45833333333333326,0.5826050444903135,1
0.6596842761989657,0.47403795200027954,0.6181761295775301,0.0,0.0,0.9428571428571431,0.3250000000000002,2020,6,0.185,1.0,0.0,0.0,0.0,1.0,0.0,0.0,0.0,1.0,0.0,0.0,1.0,0.0,1.0,0.0,0.0,0.0,0.8282828282828284,0.6111111111111114,0.28844180225299054,0
0.6596842761989657,0.47403795200027954,0.5354656364574275,0.0,0.0,0.4285714285714286,0.5,2020,7,0.3999,0.0,0.0,1.0,0.0,1.0,0.0,0.0,0.0,1.0,0.0,0.0,1.0,0.0,1.0,0.0,0.0,0.0,0.393939393939394,0.45833333333333326,0.28844180225299054,0
0.7059613126314263,0.185679181103799,0.6953683552165835,1.0000000000000004,0.0,0.4285714285714286,0.5,2021,11,0.2057,0.0,0.0,1.0,0.0,0.0,1.0,1.0,0.0,0.0,0.0,0.0,1.0,0.0,0.0,0.0,0.0,1.0,0.393939393939394,0.45833333333333326,0.29887056355028807,1
0.6596842761989657,0.11753191322556367,0.5354656364574275,0.0,0.0,0.9285714285714288,0.9250000000000003,2020,1,0.3999,0.0,1.0,0.0,1.0,0.0,0.0,0.0,0.0,1.0,0.0,0.0,0.0,1.0,0.0,0.0,1.0,0.0,0.5757575757575758,0.9374999999999998,0.28844180225299054,0
0.6596842761989657,0.968779301254282,0.5354656364574275,0.0,1.0,0.4285714285714286,0.5,2023,7,0.185,0.0,0.0,1.0,1.0,0.0,0.0,0.0,0.0,0.0,1.0,0.0,0.0,1.0,0.0,0.0,1.0,0.0,0.393939393939394,0.45833333333333326,0.28844180225299054,1
0.38823676709842325,0.13837441047700905,0.5354656364574275,0.0,0.0,0.11428571428571432,0.8000000000000003,2021,10,0.3999,0.0,1.0,0.0,0.0,1.0,0.0,0.0,0.0,0.0,1.0,1.0,0.0,0.0,0.0,0.0,0.0,1.0,0.050505050505050504,0.4722222222222223,0.5826050444903135,0
0.38823676709842325,0.447517537800759,0.5354656364574275,0.0,1.0,0.4285714285714286,0.5,2024,2,0.185,0.0,1.0,0.0,0.0,1.0,0.0,0.0,0.0,1.0,0.0,0.0,1.0,0.0,0.0,0.0,1.0,0.0,0.393939393939394,0.45833333333333326,0.5826050444903135,0
0.38823676709842325,0.47403795200027954,0.8684445203976638,1.0000000000000004,0.0,0.6857142857142857,0.10000000000000009,2023,4,0.102,1.0,0.0,0.0,1.0,0.0,0.0,0.0,0.0,1.0,0.0,0.0,1.0,0.0,0.0,0.0,0.0,1.0,0.7373737373737375,0.3611111111111114,0.6427439125168093,1
0.45057144967106383,0.447517537800759,0.5354656364574275,0.0,0.0,0.4285714285714286,0.5,2025,7,0.1074,1.0,0.0,0.0,0.0,1.0,0.0,0.0,0.0,0.0,1.0,0.0,0.0,1.0,0.0,0.0,0.0,1.0,0.393939393939394,0.45833333333333326,0.5094629413016346,1
0.38823676709842325,0.447517537800759,0.5354656364574275,0.0,0.0,0.11428571428571432,0.025000000000000133,2022,4,0.3999,1.0,0.0,0.0,0.0,1.0,0.0,0.0,1.0,0.0,0.0,1.0,0.0,0.0,1.0,0.0,0.0,0.0,0.36363636363636365,0.04166666666666674,0.5826050444903135,0
0.9797769225198698,0.447517537800759,0.5354656364574275,0.0,0.0,0.8857142857142857,0.050000000000000044,2021,11,0.3999,1.0,0.0,0.0,1.0,0.0,0.0,0.0,0.0,1.0,0.0,0.0,0.0,1.0,1.0,0.0,0.0,0.0,0.8989898989898991,0.4305555555555556,0.014074883277127331,1
0.8798129963733904,0.47403795200027954,0.5354656364574275,1.0000000000000004,0.0,0.4285714285714286,0.5,2022,7,0.3999,0.0,0.0,1.0,0.0,0.0,1.0,0.0,1.0,0.0,0.0,0.0,0.0,1.0,0.0,0.0,0.0,1.0,0.393939393939394,0.45833333333333326,0.13878536680808576,0
0.6596842761989657,0.447517537800759,0.5354656364574275,1.0000000000000004,0.0,0.4285714285714286,0.5,2023,8,0.185,1.0,0.0,0.0,0.0,0.0,1.0,0.0,1.0,0.0,0.0,1.0,0.0,0.0,0.0,0.0,0.0,1.0,0.393939393939394,0.45833333333333326,0.34478095320423274,0
0.7059613126314263,0.47403795200027954,0.5354656364574275,0.0,0.0,0.4285714285714286,0.5,2023,11,0.1074,0.0,0.0,1.0,0.0,1.0,0.0,1.0,0.0,0.0,0.0,0.0,1.0,0.0,1.0,0.0,0.0,0.0,0.393939393939394,0.45833333333333326,0.2436929589308451,1
0.7059613126314263,0.47403795200027954,0.5354656364574275,0.0,0.0,0.4285714285714286,0.5,2022,2,0.3999,0.0,0.0,1.0,1.0,0.0,0.0,0.0,0.0,1.0,0.0,1.0,0.0,0.0,0.0,0.0,0.0,1.0,0.393939393939394,0.45833333333333326,0.2436929589308451,1
0.6596842761989657,0.47403795200027954,0.591257371862075,0.0,1.0,0.4285714285714286,0.5,2024,8,0.185,0.0,0.0,1.0,0.0,0.0,1.0,1.0,0.0,0.0,0.0,0.0,1.0,0.0,0.0,1.0,0.0,0.0,0.393939393939394,0.45833333333333326,0.28844180225299054,1
0.38823676709842325,0.7792735267204169,0.5354656364574275,0.0,0.0,0.4285714285714286,0.5,2020,11,0.3999,1.0,0.0,0.0,0.0,0.0,1.0,1.0,0.0,0.0,0.0,0.0,1.0,0.0,0.0,0.0,0.0,1.0,0.393939393939394,0.45833333333333326,0.5826050444903135,0
0.6596842761989657,0.47403795200027954,0.3498763287364808,0.0,1.0,0.3857142857142859,0.10000000000000009,2022,4,0.3999,0.0,0.0,1.0,0.0,1.0,0.0,0.0,0.0,0.0,1.0,0.0,0.0,1.0,1.0,0.0,0.0,0.0,0.5252525252525253,0.2152777777777779,0.28844180225299054,0
0.7059613126314263,0.7248301433933961,0.5354656364574275,0.0,0.0,0.4285714285714286,0.5,2020,4,0.102,1.0,0.0,0.0,0.0,1.0,0.0,1.0,0.0,0.0,0.0,0.0,1.0,0.0,0.0,1.0,0.0,0.0,0.393939393939394,0.45833333333333326,0.2436929589308451,1
0.5718284755479183,0.17234768119415467,0.92082696199203,0.0,1.0,0.4285714285714286,0.5,2020,1,0.3999,0.0,0.0,1.0,1.0,0.0,0.0,0.0,0.0,1.0,0.0,1.0,0.0,0.0,0.0,0.0,0.0,1.0,0.393939393939394,0.45833333333333326,0.37741384915281584,0
0.764088502509945,0.8076230909183875,0.6314043239791136,0.0,1.0,0.4285714285714286,0.5,2022,11,0.185,0.0,1.0,0.0,1.0,0.0,0.0,0.0,0.0,1.0,0.0,1.0,0.0,0.0,0.0,1.0,0.0,0.0,0.393939393939394,0.45833333333333326,0.18964410734058876,1
0.38823676709842325,0.447517537800759,0.18810825193982694,0.0,0.0,0.4285714285714286,0.5,2020,5,0.185,0.0,1.0,0.0,1.0,0.0,0.0,0.0,1.0,0.0,0.0,0.0,1.0,0.0,0.0,1.0,0.0,0.0,0.393939393939394,0.45833333333333326,0.5826050444903135,1
0.38823676709842325,0.47403795200027954,0.6047950046859647,0.0,0.0,0.4285714285714286,0.5,2024,3,0.102,1.0,0.0,0.0,0.0,1.0,0.0,0.0,1.0,0.0,0.0,0.0,1.0,0.0,0.0,0.0,0.0,1.0,0.393939393939394,0.45833333333333326,0.5826050444903135,1
0.7059613126314263,0.447517537800759,0.8247618112730857,0.0,0.0,0.4285714285714286,0.5,2025,1,0.3999,0.0,1.0,0.0,0.0,1.0,0.0,1.0,0.0,0.0,0.0,0.0,1.0,0.0,0.0,0.0,1.0,0.0,0.393939393939394,0.45833333333333326,0.2436929589308451,1
0.6596842761989657,0.47403795200027954,0.5354656364574275,0.0,0.0,0.4285714285714286,0.5,2021,1,0.3999,0.0,1.0,0.0,0.0,0.0,1.0,0.0,0.0,0.0,1.0,1.0,0.0,0.0,0.0,0.0,1.0,0.0,0.393939393939394,0.45833333333333326,0.28844180225299054,1
0.9045023319895283,0.447517537800759,0.5354656364574275,0.0,0.0,0.4285714285714286,0.5,2024,3,0.185,0.0,1.0,0.0,0.0,1.0,0.0,0.0,1.0,0.0,0.0,0.0,1.0,0.0,0.0,0.0,0.0,1.0,0.393939393939394,0.45833333333333326,0.07033368718684699,0
0.38823676709842325,0.447517537800759,0.5354656364574275,1.0000000000000004,1.0,0.4285714285714286,0.5,2024,1,0.3999,0.0,1.0,0.0,0.0,1.0,0.0,0.0,0.0,1.0,0.0,0.0,1.0,0.0,0.0,0.0,0.0,1.0,0.393939393939394,0.45833333333333326,0.6427439125168093,0
0.7059613126314263,0.47403795200027954,0.5354656364574275,1.0000000000000004,0.0,0.4285714285714286,0.5,2023,11,0.3999,0.0,1.0,0.0,0.0,1.0,0.0,0.0,0.0,0.0,1.0,1.0,0.0,0.0,1.0,0.0,0.0,0.0,0.393939393939394,0.45833333333333326,0.29887056355028807,1
0.6596842761989657,0.47403795200027954,0.5354656364574275,0.0,0.0,0.4285714285714286,0.5,2023,3,0.3999,0.0,1.0,0.0,1.0,0.0,0.0,0.0,0.0,1.0,0.0,0.0,1.0,0.0,0.0,0.0,0.0,1.0,0.393939393939394,0.45833333333333326,0.28844180225299054,1
0.4216379923242304,0.47403795200027954,0.5354656364574275,0.0,0.0,0.4285714285714286,0.5,2023,6,0.2057,0.0,1.0,0.0,1.0,0.0,0.0,1.0,0.0,0.0,0.0,1.0,0.0,0.0,0.0,0.0,0.0,1.0,0.393939393939394,0.45833333333333326,0.5428792661115055,1
0.7059613126314263,0.47403795200027954,0.5354656364574275,0.0,1.0,0.4285714285714286,0.5,2025,7,0.3999,0.0,0.0,1.0,0.0,0.0,1.0,0.0,1.0,0.0,0.0,0.0,0.0,1.0,0.0,0.0,1.0,0.0,0.393939393939394,0.45833333333333326,0.2436929589308451,1
0.7059613126314263,0.447517537800759,0.7321160261480628,0.0,1.0,0.4285714285714286,0.5,2022,2,0.3999,0.0,0.0,1.0,0.0,1.0,0.0,0.0,1.0,0.0,0.0,1.0,0.0,0.0,1.0,0.0,0.0,0.0,0.393939393939394,0.45833333333333326,0.2436929589308451,1
0.7059613126314263,0.4948511335168124,0.5354656364574275,1.0000000000000004,1.0,0.4285714285714286,0.5,2022,7,0.2057,0.0,1.0,0.0,0.0,0.0,1.0,1.0,0.0,0.0,0.0,1.0,0.0,0.0,0.0,0.0,0.0,1.0,0.393939393939394,0.45833333333333326,0.29887056355028807,0
0.7296225131497025,0.47403795200027954,0.14886875138769273,0.0,0.0,0.4285714285714286,0.5,2020,9,0.2057,0.0,1.0,0.0,0.0,1.0,0.0,0.0,0.0,1.0,0.0,1.0,0.0,0.0,0.0,1.0,0.0,0.0,0.393939393939394,0.45833333333333326,0.2213936091504721,0
0.6596842761989657,0.47403795200027954,0.5354656364574275,0.0,0.0,0.4285714285714286,0.5,2024,1,0.3999,0.0,1.0,0.0,1.0,0.0,0.0,0.0,0.0,1.0,0.0,1.0,0.0,0.0,1.0,0.0,0.0,0.0,0.393939393939394,0.45833333333333326,0.28844180225299054,0
0.38823676709842325,0.8274810358371432,0.16865477869575418,0.0,0.0,0.8285714285714287,0.6499999999999999,2023,6,0.3999,1.0,0.0,0.0,0.0,1.0,0.0,0.0,0.0,1.0,0.0,0.0,0.0,1.0,0.0,0.0,0.0,1.0,0.6161616161616162,0.7361111111111114,0.5826050444903135,0
0.9821194217167522,0.7162367167621775,0.5354656364574275,0.0,0.0,0.37142857142857144,0.75,2021,8,0.1074,0.0,1.0,0.0,0.0,0.0,1.0,0.0,0.0,0.0,1.0,1.0,0.0,0.0,0.0,0.0,0.0,1.0,0.25252525252525254,0.5694444444444444,0.012421196829099784,0
0.954843807693316,0.447517537800759,0.5354656364574275,0.0,0.0,0.07142857142857162,0.6000000000000001,2022,10,0.2057,0.0,0.0,1.0,1.0,0.0,0.0,0.0,0.0,0.0,1.0,0.0,1.0,0.0,0.0,1.0,0.0,0.0,0.10101010101010102,0.3402777777777779,0.03204823832820272,0
0.38823676709842325,0.47403795200027954,0.5354656364574275,0.0,0.0,0.47142857142857153,0.8500000000000001,2020,12,0.2057,0.0,1.0,0.0,1.0,0.0,0.0,0.0,1.0,0.0,0.0,1.0,0.0,0.0,1.0,0.0,0.0,0.0,0.2828282828282828,0.6736111111111114,0.5826050444903135,1
0.7059613126314263,0.47403795200027954,0.5354656364574275,0.0,0.0,0.4285714285714286,0.5,2023,1,0.185,0.0,0.0,1.0,0.0,1.0,0.0,1.0,0.0,0.0,0.0,0.0,1.0,0.0,0.0,0.0,0.0,1.0,0.393939393939394,0.45833333333333326,0.2436929589308451,0
0.8722094419952944,0.47403795200027954,0.5354656364574275,0.0,0.0,0.15714285714285725,0.5249999999999999,2020,5,0.2057,0.0,1.0,0.0,1.0,0.0,0.0,0.0,0.0,1.0,0.0,0.0,0.0,1.0,1.0,0.0,0.0,0.0,0.19191919191919193,0.3402777777777779,0.09622037519092183,1
0.613898019286257,0.447517537800759,0.5354656364574275,0.0,0.0,0.47142857142857153,0.40000000000000013,2024,11,0.2057,1.0,0.0,0.0,0.0,0.0,1.0,0.0,0.0,0.0,1.0,0.0,1.0,0.0,0.0,0.0,0.0,1.0,0.4646464646464647,0.4236111111111114,0.3341544169135119,0
0.38823676709842325,0.47403795200027954,0.5354656364574275,0.0,0.0,0.4285714285714286,0.5,2023,2,0.3999,0.0,0.0,1.0,0.0,1.0,0.0,0.0,0.0,1.0,0.0,1.0,0.0,0.0,1.0,0.0,0.0,0.0,0.393939393939394,0.45833333333333326,0.5826050444903135,0
0.7059613126314263,0.47403795200027954,0.5354656364574275,0.0,0.0,0.4285714285714286,0.5,2021,4,0.185,0.0,0.0,1.0,0.0,1.0,0.0,0.0,1.0,0.0,0.0,0.0,0.0,1.0,1.0,0.0,0.0,0.0,0.393939393939394,0.45833333333333326,0.2436929589308451,0
0.6596842761989657,0.47403795200027954,0.5354656364574275,0.0,0.0,0.4285714285714286,0.5,2024,9,0.1074,0.0,1.0,0.0,1.0,0.0,0.0,0.0,1.0,0.0,0.0,1.0,0.0,0.0,0.0,0.0,0.0,1.0,0.393939393939394,0.45833333333333326,0.28844180225299054,0
0.6596842761989657,0.47403795200027954,0.5354656364574275,0.0,0.0,0.6285714285714286,0.30000000000000004,2024,4,0.3999,1.0,0.0,0.0,1.0,0.0,0.0,0.0,0.0,1.0,0.0,1.0,0.0,0.0,0.0,0.0,0.0,1.0,0.6161616161616162,0.44444444444444464,0.28844180225299054,0
0.6596842761989657,0.9510867204116491,0.5354656364574275,0.0,0.0,0.9285714285714288,0.125,2022,12,0.185,1.0,0.0,0.0,1.0,0.0,0.0,0.0,0.0,1.0,0.0,0.0,1.0,0.0,0.0,0.0,0.0,1.0,0.8989898989898991,0.4930555555555556,0.28844180225299054,0
0.6596842761989657,0.47403795200027954,0.5354656364574275,0.0,0.0,0.4285714285714286,0.5,2023,4,0.1074,0.0,1.0,0.0,0.0,0.0,1.0,0.0,0.0,1.0,0.0,0.0,0.0,1.0,0.0,1.0,0.0,0.0,0.393939393939394,0.45833333333333326,0.28844180225299054,0
0.613898019286257,0.447517537800759,0.24458064270766489,0.0,1.0,0.4285714285714286,0.5,2021,1,0.3999,1.0,0.0,0.0,0.0,0.0,1.0,1.0,0.0,0.0,0.0,0.0,1.0,0.0,1.0,0.0,0.0,0.0,0.393939393939394,0.45833333333333326,0.3341544169135119,1
0.38823676709842325,0.47403795200027954,0.5354656364574275,0.0,0.0,0.4285714285714286,0.5,2021,5,0.185,0.0,1.0,0.0,0.0,0.0,1.0,0.0,0.0,1.0,0.0,1.0,0.0,0.0,1.0,0.0,0.0,0.0,0.393939393939394,0.45833333333333326,0.5826050444903135,0
0.7059613126314263,0.36435220563419746,0.10825214845806475,0.0,1.0,0.4285714285714286,0.5,2024,6,0.3999,1.0,0.0,0.0,0.0,1.0,0.0,1.0,0.0,0.0,0.0,1.0,0.0,0.0,0.0,0.0,0.0,1.0,0.393939393939394,0.45833333333333326,0.2436929589308451,1
0.6379982859432912,0.447517537800759,0.5354656364574275,0.0,1.0,0.4285714285714286,0.5,2025,2,0.2057,0.0,1.0,0.0,0.0,1.0,0.0,0.0,1.0,0.0,0.0,0.0,1.0,0.0,0.0,1.0,0.0,0.0,0.393939393939394,0.45833333333333326,0.3099160458431569,0
0.4760925677494707,0.47403795200027954,0.5354656364574275,0.0,0.0,0.4285714285714286,0.5,2020,9,0.3999,1.0,0.0,0.0,1.0,0.0,0.0,1.0,0.0,0.0,0.0,0.0,1.0,0.0,0.0,0.0,0.0,1.0,0.393939393939394,0.45833333333333326,0.4806632293150592,1
0.38823676709842325,0.47403795200027954,0.5354656364574275,0.0,0.0,0.4285714285714286,0.5,2021,1,0.2057,0.0,1.0,0.0,0.0,1.0,0.0,0.0,0.0,1.0,0.0,1.0,0.0,0.0,0.0,1.0,0.0,0.0,0.393939393939394,0.45833333333333326,0.5826050444903135,0
0.7059613126314263,0.47403795200027954,0.5354656364574275,1.0000000000000004,1.0,0.4285714285714286,0.5,2025,9,0.102,0.0,0.0,1.0,0.0,1.0,0.0,1.0,0.0,0.0,0.0,0.0,1.0,0.0,0.0,1.0,0.0,0.0,0.393939393939394,0.45833333333333326,0.29887056355028807,0
0.9296527415680409,0.47403795200027954,0.5354656364574275,1.0000000000000004,0.0,0.4285714285714286,0.5,2022,11,0.3999,0.0,1.0,0.0,1.0,0.0,0.0,0.0,0.0,1.0,0.0,0.0,0.0,1.0,1.0,0.0,0.0,0.0,0.393939393939394,0.45833333333333326,0.09710820977912057,0
0.3003809664473759,0.47403795200027954,0.8135785898623755,0.0,1.0,0.4285714285714286,0.5,2024,11,0.3999,1.0,0.0,0.0,0.0,1.0,0.0,1.0,0.0,0.0,0.0,1.0,0.0,0.0,0.0,0.0,0.0,1.0,0.393939393939394,0.45833333333333326,0.694809747525401,0
0.38823676709842325,0.447517537800759,0.5354656364574275,0.0,0.0,0.0,0.3250000000000002,2020,4,0.185,0.0,0.0,1.0,1.0,0.0,0.0,1.0,0.0,0.0,0.0,1.0,0.0,0.0,0.0,0.0,0.0,1.0,0.16161616161616163,0.1527777777777779,0.5826050444903135,0
0.7440731378420168,0.05280355365560263,0.5354656364574275,0.0,0.0,0.4285714285714286,0.5,2024,5,0.3999,0.0,1.0,0.0,0.0,0.0,1.0,1.0,0.0,0.0,0.0,0.0,1.0,0.0,1.0,0.0,0.0,0.0,0.393939393939394,0.45833333333333326,0.20797423066790252,1
0.6596842761989657,0.447517537800759,0.5354656364574275,0.0,0.0,0.4285714285714286,0.5,2024,10,0.2057,0.0,0.0,1.0,0.0,1.0,0.0,0.0,1.0,0.0,0.0,1.0,0.0,0.0,0.0,0.0,0.0,1.0,0.393939393939394,0.45833333333333326,0.28844180225299054,0
0.7059613126314263,0.2689886319792474,0.5775595266479012,1.0000000000000004,0.0,0.4285714285714286,0.5,2023,8,0.2057,0.0,1.0,0.0,0.0,1.0,0.0,0.0,1.0,0.0,0.0,1.0,0.0,0.0,0.0,0.0,0.0,1.0,0.393939393939394,0.45833333333333326,0.29887056355028807,1
0.38823676709842325,0.47403795200027954,0.9709410408258288,0.0,0.0,0.4285714285714286,0.5,2025,3,0.3999,0.0,0.0,1.0,0.0,1.0,0.0,0.0,0.0,1.0,0.0,1.0,0.0,0.0,0.0,0.0,0.0,1.0,0.393939393939394,0.45833333333333326,0.5826050444903135,1
0.6596842761989657,0.47403795200027954,0.5354656364574275,0.0,1.0,0.4285714285714286,0.5,2025,5,0.3999,1.0,0.0,0.0,0.0,1.0,0.0,1.0,0.0,0.0,0.0,0.0,0.0,1.0,0.0,1.0,0.0,0.0,0.393939393939394,0.45833333333333326,0.28844180225299054,0
0.6596842761989657,0.47403795200027954,0.9105384105881384,0.0,0.0,0.4285714285714286,0.5,2021,3,0.2057,0.0,0.0,1.0,1.0,0.0,0.0,1.0,0.0,0.0,0.0,1.0,0.0,0.0,0.0,0.0,0.0,1.0,0.393939393939394,0.45833333333333326,0.28844180225299054,1
0.6596842761989657,0.47403795200027954,0.08739654977087685,0.0,0.0,0.4285714285714286,0.5,2020,8,0.3999,0.0,1.0,0.0,1.0,0.0,0.0,0.0,0.0,1.0,0.0,0.0,1.0,0.0,0.0,0.0,1.0,0.0,0.393939393939394,0.45833333333333326,0.28844180225299054,1
0.7059613126314263,0.47403795200027954,0.835838014569739,0.0,0.0,0.4285714285714286,0.5,2022,7,0.1074,0.0,0.0,1.0,1.0,0.0,0.0,1.0,0.0,0.0,0.0,1.0,0.0,0.0,0.0,0.0,0.0,1.0,0.393939393939394,0.45833333333333326,0.2436929589308451,1
0.38823676709842325,0.447517537800759,0.5354656364574275,0.0,0.0,0.4285714285714286,0.5,2022,11,0.3999,1.0,0.0,0.0,1.0,0.0,0.0,0.0,0.0,1.0,0.0,1.0,0.0,0.0,0.0,0.0,1.0,0.0,0.393939393939394,0.45833333333333326,0.5826050444903135,0
0.7059613126314263,0.47403795200027954,0.5354656364574275,0.0,0.0,0.4285714285714286,0.5,2022,6,0.3999,0.0,0.0,1.0,0.0,1.0,0.0,0.0,0.0,0.0,1.0,0.0,0.0,1.0,0.0,0.0,1.0,0.0,0.393939393939394,0.45833333333333326,0.2436929589308451,0
0.7059613126314263,0.47403795200027954,0.9903945140699006,0.0,0.0,0.4285714285714286,0.5,2023,5,0.102,1.0,0.0,0.0,0.0,0.0,1.0,1.0,0.0,0.0,0.0,1.0,0.0,0.0,0.0,0.0,0.0,1.0,0.393939393939394,0.45833333333333326,0.2436929589308451,1
0.6596842761989657,0.47403795200027954,0.5354656364574275,0.0,0.0,0.4285714285714286,0.5,2025,1,0.102,1.0,0.0,0.0,0.0,1.0,0.0,1.0,0.0,0.0,0.0,1.0,0.0,0.0,0.0,0.0,0.0,1.0,0.393939393939394,0.45833333333333326,0.28844180225299054,1
0.7059613126314263,0.47403795200027954,0.5354656364574275,0.0,0.0,0.4285714285714286,0.5,2020,5,0.3999,0.0,0.0,1.0,0.0,1.0,0.0,0.0,0.0,1.0,0.0,1.0,0.0,0.0,0.0,0.0,0.0,1.0,0.393939393939394,0.45833333333333326,0.2436929589308451,1
0.7059613126314263,0.9546456023369028,0.5354656364574275,0.0,0.0,0.4285714285714286,0.5,2020,4,0.2057,0.0,1.0,0.0,1.0,0.0,0.0,1.0,0.0,0.0,0.0,0.0,1.0,0.0,0.0,0.0,1.0,0.0,0.393939393939394,0.45833333333333326,0.2436929589308451,0
0.9626295218680472,0.447517537800759,0.5354656364574275,0.0,0.0,0.4285714285714286,0.5,2022,9,0.2057,0.0,1.0,0.0,0.0,0.0,1.0,0.0,0.0,1.0,0.0,0.0,0.0,1.0,0.0,0.0,1.0,0.0,0.393939393939394,0.45833333333333326,0.02636345370865137,1
0.7059613126314263,0.47403795200027954,0.5354656364574275,0.0,0.0,0.4285714285714286,0.5,2025,12,0.2057,0.0,0.0,1.0,1.0,0.0,0.0,1.0,0.0,0.0,0.0,1.0,0.0,0.0,0.0,0.0,1.0,0.0,0.393939393939394,0.45833333333333326,0.2436929589308451,0
0.38823676709842325,0.47403795200027954,0.5354656364574275,0.0,0.0,0.4285714285714286,0.5,2024,1,0.102,0.0,1.0,0.0,0.0,1.0,0.0,0.0,0.0,1.0,0.0,0.0,1.0,0.0,0.0,0.0,0.0,1.0,0.393939393939394,0.45833333333333326,0.5826050444903135,1
0.714138851624206,0.447517537800759,0.5354656364574275,0.0,0.0,0.4285714285714286,0.5,2022,3,0.2057,0.0,1.0,0.0,1.0,0.0,0.0,1.0,0.0,0.0,0.0,1.0,0.0,0.0,0.0,0.0,0.0,1.0,0.393939393939394,0.45833333333333326,0.2359408109631382,1
0.7059613126314263,0.47403795200027954,0.5354656364574275,0.0,0.0,0.10000000000000009,0.5,2021,12,0.2057,0.0,0.0,1.0,1.0,0.0,0.0,1.0,0.0,0.0,0.0,0.0,1.0,0.0,0.0,0.0,0.0,1.0,0.16161616161616163,0.2986111111111114,0.2436929589308451,0
0.7509524161184398,0.447517537800759,0.5354656364574275,0.0,0.0,0.4285714285714286,0.5,2021,11,0.3999,0.0,1.0,0.0,1.0,0.0,0.0,1.0,0.0,0.0,0.0,0.0,1.0,0.0,0.0,0.0,0.0,1.0,0.393939393939394,0.45833333333333326,0.20164015746276445,0
0.38823676709842325,0.447517537800759,0.5354656364574275,0.0,0.0,0.4285714285714286,0.5,2022,1,0.102,0.0,0.0,1.0,0.0,0.0,1.0,1.0,0.0,0.0,0.0,1.0,0.0,0.0,0.0,0.0,1.0,0.0,0.393939393939394,0.45833333333333326,0.5826050444903135,1
0.7059613126314263,0.447517537800759,0.5354656364574275,0.0,0.0,0.4285714285714286,0.5,2021,5,0.185,1.0,0.0,0.0,1.0,0.0,0.0,0.0,0.0,1.0,0.0,0.0,1.0,0.0,1.0,0.0,0.0,0.0,0.393939393939394,0.45833333333333326,0.2436929589308451,0
0.38823676709842325,0.47403795200027954,0.5354656364574275,0.0,0.0,0.4285714285714286,0.5,2021,3,0.3999,1.0,0.0,0.0,1.0,0.0,0.0,1.0,0.0,0.0,0.0,0.0,1.0,0.0,1.0,0.0,0.0,0.0,0.393939393939394,0.45833333333333326,0.5826050444903135,1
0.6596842761989657,0.47403795200027954,0.5354656364574275,0.0,1.0,1.0,0.20000000000000018,2023,2,0.3999,0.0,1.0,0.0,0.0,1.0,0.0,0.0,1.0,0.0,0.0,1.0,0.0,0.0,0.0,0.0,0.0,1.0,0.9191919191919193,0.5694444444444444,0.28844180225299054,0
0.7059613126314263,0.5699139612050423,0.5354656364574275,1.0000000000000004,0.0,0.9142857142857141,0.4750000000000001,2024,7,0.3999,0.0,1.0,0.0,0.0,0.0,1.0,0.0,0.0,1.0,0.0,1.0,0.0,0.0,0.0,1.0,0.0,0.0,0.7474747474747476,0.6805555555555556,0.29887056355028807,0
0.38823676709842325,0.48968067843178753,0.5354656364574275,1.0000000000000004,0.0,0.9571428571428573,0.625,2024,5,0.3999,0.0,1.0,0.0,1.0,0.0,0.0,1.0,0.0,0.0,0.0,1.0,0.0,0.0,0.0,0.0,1.0,0.0,0.7171717171717172,0.7847222222222221,0.6427439125168093,0
0.7059613126314263,0.447517537800759,0.5354656364574275,0.0,0.0,0.4285714285714286,0.5,2020,6,0.185,0.0,0.0,1.0,1.0,0.0,0.0,0.0,1.0,0.0,0.0,0.0,1.0,0.0,0.0,1.0,0.0,0.0,0.393939393939394,0.45833333333333326,0.2436929589308451,1
0.6596842761989657,0.447517537800759,0.5354656364574275,0.0,0.0,0.4285714285714286,0.5,2022,6,0.2057,1.0,0.0,0.0,1.0,0.0,0.0,0.0,0.0,1.0,0.0,0.0,0.0,1.0,0.0,0.0,1.0,0.0,0.393939393939394,0.45833333333333326,0.28844180225299054,0
0.7059613126314263,0.0747593573455676,0.5354656364574275,0.0,0.0,0.4285714285714286,0.5,2021,9,0.3999,1.0,0.0,0.0,1.0,0.0,0.0,0.0,0.0,1.0,0.0,1.0,0.0,0.0,0.0,1.0,0.0,0.0,0.393939393939394,0.45833333333333326,0.2436929589308451,0
0.6596842761989657,0.7586172358462506,0.5775595266479012,1.0000000000000004,0.0,0.4285714285714286,0.5,2023,11,0.185,1.0,0.0,0.0,0.0,0.0,1.0,0.0,0.0,1.0,0.0,0.0,1.0,0.0,0.0,0.0,0.0,1.0,0.393939393939394,0.45833333333333326,0.34478095320423274,0
0.6974630051635802,0.47403795200027954,0.5354656364574275,0.0,0.0,0.3571428571428572,0.5249999999999999,2022,8,0.2057,1.0,0.0,0.0,1.0,0.0,0.0,1.0,0.0,0.0,0.0,1.0,0.0,0.0,0.0,0.0,1.0,0.0,0.33333333333333337,0.4375,0.25179922909303964,0
0.6596842761989657,0.2627762675498362,0.92082696199203,0.0,0.0,0.4285714285714286,0.5,2021,10,0.1074,0.0,1.0,0.0,1.0,0.0,0.0,0.0,1.0,0.0,0.0,0.0,1.0,0.0,0.0,0.0,1.0,0.0,0.393939393939394,0.45833333333333326,0.28844180225299054,1
0.7059613126314263,0.447517537800759,0.5354656364574275,0.0,0.0,0.7857142857142856,0.0,2024,5,0.3999,1.0,0.0,0.0,0.0,0.0,1.0,0.0,0.0,1.0,0.0,0.0,0.0,1.0,0.0,0.0,0.0,1.0,0.8484848484848486,0.35416666666666674,0.2436929589308451,1
0.5557708294077383,0.05280355365560263,0.5354656364574275,0.0,0.0,0.4285714285714286,0.5,2021,11,0.3999,0.0,0.0,1.0,1.0,0.0,0.0,0.0,0.0,1.0,0.0,1.0,0.0,0.0,0.0,0.0,0.0,1.0,0.393939393939394,0.45833333333333326,0.39425060470370465,1
0.7059613126314263,0.447517537800759,0.5354656364574275,0.0,0.0,0.4285714285714286,0.5,2021,11,0.3999,1.0,0.0,0.0,0.0,0.0,1.0,0.0,1.0,0.0,0.0,0.0,1.0,0.0,0.0,0.0,0.0,1.0,0.393939393939394,0.45833333333333326,0.2436929589308451,0
0.38823676709842325,0.47403795200027954,0.5354656364574275,0.0,1.0,0.4285714285714286,0.5,2025,7,0.1074,1.0,0.0,0.0,0.0,1.0,0.0,1.0,0.0,0.0,0.0,0.0,1.0,0.0,0.0,0.0,0.0,1.0,0.393939393939394,0.45833333333333326,0.5826050444903135,1
0.38823676709842325,0.47403795200027954,0.5354656364574275,0.0,0.0,0.4285714285714286,0.5,2021,6,0.102,0.0,1.0,0.0,0.0,1.0,0.0,1.0,0.0,0.0,0.0,0.0,1.0,0.0,0.0,1.0,0.0,0.0,0.393939393939394,0.45833333333333326,0.5826050444903135,1
0.4216379923242304,0.47403795200027954,0.5354656364574275,1.0000000000000004,0.0,0.4285714285714286,0.5,2022,5,0.3999,0.0,0.0,1.0,1.0,0.0,0.0,0.0,1.0,0.0,0.0,1.0,0.0,0.0,0.0,0.0,0.0,1.0,0.393939393939394,0.45833333333333326,0.602748851294205,0
0.6596842761989657,0.447517537800759,0.5354656364574275,0.0,0.0,0.4285714285714286,0.5,2021,4,0.3999,0.0,0.0,1.0,0.0,1.0,0.0,0.0,0.0,1.0,0.0,0.0,1.0,0.0,1.0,0.0,0.0,0.0,0.393939393939394,0.45833333333333326,0.28844180225299054,1
0.9296527415680409,0.7291045037602584,0.5354656364574275,0.0,0.0,0.4285714285714286,0.5,2020,1,0.3999,0.0,0.0,1.0,0.0,1.0,0.0,0.0,0.0,1.0,0.0,0.0,1.0,0.0,0.0,1.0,0.0,0.0,0.393939393939394,0.45833333333333326,0.050881139834478756,0
0.6596842761989657,0.447517537800759,0.4151022837625655,0.0,1.0,0.4285714285714286,0.5,2024,10,0.2057,0.0,0.0,1.0,0.0,0.0,1.0,0.0,1.0,0.0,0.0,0.0,1.0,0.0,0.0,1.0,0.0,0.0,0.393939393939394,0.45833333333333326,0.28844180225299054,0
0.7059613126314263,0.47403795200027954,0.5354656364574275,0.0,0.0,0.40000000000000013,0.7250000000000001,2021,5,0.2057,0.0,0.0,1.0,1.0,0.0,0.0,1.0,0.0,0.0,0.0,0.0,1.0,0.0,0.0,0.0,1.0,0.0,0.2828282828282828,0.5694444444444444,0.2436929589308451,1
0.7059613126314263,0.47403795200027954,0.5354656364574275,0.0,0.0,0.17142857142857149,0.625,2021,3,0.185,1.0,0.0,0.0,1.0,0.0,0.0,0.0,0.0,1.0,0.0,1.0,0.0,0.0,0.0,0.0,1.0,0.0,0.16161616161616163,0.4027777777777779,0.2436929589308451,1
0.7059613126314263,0.17234768119415467,0.5354656364574275,1.0000000000000004,0.0,0.4285714285714286,0.5,2022,6,0.1074,0.0,0.0,1.0,0.0,1.0,0.0,1.0,0.0,0.0,0.0,0.0,0.0,1.0,0.0,0.0,1.0,0.0,0.393939393939394,0.45833333333333326,0.29887056355028807,0
0.38823676709842325,0.47403795200027954,0.5354656364574275,0.0,0.0,0.4285714285714286,0.5,2025,2,0.3999,0.0,0.0,1.0,1.0,0.0,0.0,0.0,0.0,1.0,0.0,1.0,0.0,0.0,0.0,0.0,1.0,0.0,0.393939393939394,0.45833333333333326,0.5826050444903135,1
0.7059613126314263,0.447517537800759,0.5354656364574275,0.0,0.0,0.9571428571428573,0.07500000000000018,2022,1,0.102,0.0,0.0,1.0,0.0,1.0,0.0,0.0,0.0,1.0,0.0,0.0,0.0,1.0,1.0,0.0,0.0,0.0,0.9393939393939396,0.47916666666666674,0.2436929589308451,1
0.5718284755479183,0.47403795200027954,0.5354656364574275,1.0000000000000004,0.0,0.4285714285714286,0.5,2025,4,0.2057,1.0,0.0,0.0,1.0,0.0,0.0,0.0,0.0,1.0,0.0,1.0,0.0,0.0,0.0,0.0,0.0,1.0,0.393939393939394,0.45833333333333326,0.4354642904026569,1
0.38823676709842325,0.030449737963376577,0.5354656364574275,0.0,0.0,0.4285714285714286,0.5,2020,1,0.2057,1.0,0.0,0.0,0.0,1.0,0.0,1.0,0.0,0.0,0.0,1.0,0.0,0.0,0.0,0.0,0.0,1.0,0.393939393939394,0.45833333333333326,0.5826050444903135,0
0.8476534883872682,0.47403795200027954,0.3665306363799026,0.0,0.0,0.0,0.25,2024,9,0.3999,0.0,1.0,0.0,0.0,1.0,0.0,0.0,0.0,1.0,0.0,1.0,0.0,0.0,1.0,0.0,0.0,0.0,0.19191919191919193,0.11111111111111138,0.1165574008242615,0
0.38823676709842325,0.8547556456757275,0.5354656364574275,0.0,1.0,0.4285714285714286,0.5,2022,9,0.102,0.0,0.0,1.0,0.0,0.0,1.0,0.0,0.0,0.0,1.0,0.0,1.0,0.0,1.0,0.0,0.0,0.0,0.393939393939394,0.45833333333333326,0.5826050444903135,1
0.7059613126314263,0.11050538862370107,0.5354656364574275,0.0,0.0,0.4285714285714286,0.5,2021,5,0.185,0.0,1.0,0.0,0.0,0.0,1.0,0.0,0.0,1.0,0.0,1.0,0.0,0.0,0.0,1.0,0.0,0.0,0.393939393939394,0.45833333333333326,0.2436929589308451,1
0.38823676709842325,0.9792742729518698,0.5354656364574275,1.0000000000000004,0.0,0.4285714285714286,0.5,2025,8,0.3999,1.0,0.0,0.0,0.0,1.0,0.0,0.0,0.0,1.0,0.0,1.0,0.0,0.0,1.0,0.0,0.0,0.0,0.393939393939394,0.45833333333333326,0.6427439125168093,0
0.9266640174205345,0.47403795200027954,0.5354656364574275,0.0,0.0,0.4285714285714286,0.5,2022,8,0.2057,0.0,1.0,0.0,1.0,0.0,0.0,0.0,0.0,1.0,0.0,0.0,1.0,0.0,0.0,0.0,1.0,0.0,0.393939393939394,0.45833333333333326,0.053159268691928246,0
0.7059613126314263,0.47403795200027954,0.5354656364574275,1.0000000000000004,0.0,0.4285714285714286,0.5,2023,8,0.102,1.0,0.0,0.0,1.0,0.0,0.0,1.0,0.0,0.0,0.0,0.0,0.0,1.0,0.0,0.0,0.0,1.0,0.393939393939394,0.45833333333333326,0.29887056355028807,0
0.8683052090642308,0.8547556456757275,0.5354656364574275,0.0,0.0,0.4285714285714286,0.5,2024,11,0.3999,0.0,1.0,0.0,1.0,0.0,0.0,1.0,0.0,0.0,0.0,0.0,1.0,0.0,0.0,0.0,0.0,1.0,0.393939393939394,0.45833333333333326,0.09941696283721821,1
0.7059613126314263,0.447517537800759,0.5354656364574275,0.0,0.0,0.4285714285714286,0.5,2021,7,0.3999,0.0,0.0,1.0,1.0,0.0,0.0,0.0,0.0,1.0,0.0,1.0,0.0,0.0,0.0,0.0,1.0,0.0,0.393939393939394,0.45833333333333326,0.2436929589308451,0
0.38823676709842325,0.47403795200027954,0.5354656364574275,0.0,1.0,0.4285714285714286,0.5,2022,5,0.185,1.0,0.0,0.0,1.0,0.0,0.0,0.0,0.0,1.0,0.0,1.0,0.0,0.0,0.0,0.0,0.0,1.0,0.393939393939394,0.45833333333333326,0.5826050444903135,0
0.7059613126314263,0.47403795200027954,0.2807540370648489,0.0,0.0,0.4285714285714286,0.5,2024,7,0.185,1.0,0.0,0.0,0.0,1.0,0.0,0.0,0.0,1.0,0.0,0.0,0.0,1.0,0.0,0.0,0.0,1.0,0.393939393939394,0.45833333333333326,0.2436929589308451,0
0.38823676709842325,0.447517537800759,0.5354656364574275,1.0000000000000004,1.0,0.4285714285714286,0.5,2024,6,0.185,1.0,0.0,0.0,0.0,0.0,1.0,1.0,0.0,0.0,0.0,0.0,0.0,1.0,1.0,0.0,0.0,0.0,0.393939393939394,0.45833333333333326,0.6427439125168093,1
0.7059613126314263,0.47403795200027954,0.5354656364574275,0.0,0.0,0.4285714285714286,0.5,2023,12,0.185,0.0,1.0,0.0,1.0,0.0,0.0,1.0,0.0,0.0,0.0,1.0,0.0,0.0,0.0,1.0,0.0,0.0,0.393939393939394,0.45833333333333326,0.2436929589308451,0
0.38823676709842325,0.447517537800759,0.5354656364574275,0.0,1.0,0.4285714285714286,0.5,2025,3,0.3999,0.0,0.0,1.0,0.0,1.0,0.0,0.0,0.0,0.0,1.0,1.0,0.0,0.0,0.0,0.0,1.0,0.0,0.393939393939394,0.45833333333333326,0.5826050444903135,1
0.7059613126314263,0.47403795200027954,0.5354656364574275,0.0,1.0,0.4285714285714286,0.5,2025,8,0.3999,1.0,0.0,0.0,0.0,0.0,1.0,1.0,0.0,0.0,0.0,0.0,1.0,0.0,1.0,0.0,0.0,0.0,0.393939393939394,0.45833333333333326,0.2436929589308451,0
0.7059613126314263,0.47403795200027954,0.2984254400388755,1.0000000000000004,0.0,0.2857142857142858,0.375,2025,7,0.3999,1.0,0.0,0.0,0.0,0.0,1.0,1.0,0.0,0.0,0.0,0.0,1.0,0.0,0.0,0.0,1.0,0.0,0.3434343434343435,0.31944444444444464,0.29887056355028807,1
0.8871587529039012,0.447517537800759,0.5354656364574275,0.0,0.0,0.4285714285714286,0.5,2020,1,0.2057,1.0,0.0,0.0,0.0,0.0,1.0,0.0,0.0,1.0,0.0,0.0,0.0,1.0,0.0,1.0,0.0,0.0,0.393939393939394,0.45833333333333326,0.08411262040353126,0
0.9174422399472292,0.47403795200027954,0.5354656364574275,1.0000000000000004,0.0,0.4285714285714286,0.5,2023,9,0.185,1.0,0.0,0.0,0.0,1.0,0.0,1.0,0.0,0.0,0.0,0.0,0.0,1.0,1.0,0.0,0.0,0.0,0.393939393939394,0.45833333333333326,0.10711960453183664,1
0.7059613126314263,0.447517537800759,0.8896828119009514,0.0,0.0,0.30000000000000004,0.0,2025,7,0.102,0.0,0.0,1.0,0.0,0.0,1.0,0.0,1.0,0.0,0.0,0.0,0.0,1.0,0.0,0.0,1.0,0.0,0.5050505050505052,0.11805555555555558,0.2436929589308451,1
0.7059613126314263,0.47403795200027954,0.5354656364574275,0.0,0.0,0.4285714285714286,0.5,2024,6,0.3999,0.0,1.0,0.0,0.0,1.0,0.0,1.0,0.0,0.0,0.0,1.0,0.0,0.0,1.0,0.0,0.0,0.0,0.393939393939394,0.45833333333333326,0.2436929589308451,0
0.6596842761989657,0.447517537800759,0.5354656364574275,0.0,0.0,0.4285714285714286,0.5,2022,5,0.2057,0.0,0.0,1.0,0.0,1.0,0.0,0.0,0.0,1.0,0.0,0.0,0.0,1.0,0.0,0.0,0.0,1.0,0.393939393939394,0.45833333333333326,0.28844180225299054,1
0.7703694949060205,0.9222397504666229,0.2807540370648489,0.0,1.0,0.4285714285714286,0.5,2024,9,0.2057,0.0,0.0,1.0,1.0,0.0,0.0,0.0,0.0,1.0,0.0,1.0,0.0,0.0,0.0,0.0,1.0,0.0,0.393939393939394,0.45833333333333326,0.18395476650789314,0
0.38823676709842325,0.447517537800759,0.5354656364574275,0.0,1.0,0.4285714285714286,0.5,2023,4,0.2057,0.0,1.0,0.0,1.0,0.0,0.0,0.0,1.0,0.0,0.0,1.0,0.0,0.0,0.0,0.0,0.0,1.0,0.393939393939394,0.45833333333333326,0.5826050444903135,1
0.6596842761989657,0.5891823490275931,0.022475549143011975,1.0000000000000004,0.0,0.4285714285714286,0.5,2024,1,0.185,0.0,0.0,1.0,0.0,0.0,1.0,0.0,0.0,0.0,1.0,1.0,0.0,0.0,0.0,0.0,0.0,1.0,0.393939393939394,0.45833333333333326,0.34478095320423274,1
0.5195737064824407,0.47403795200027954,0.5354656364574275,0.0,0.0,0.4285714285714286,0.7000000000000002,2024,11,0.2057,0.0,1.0,0.0,0.0,1.0,0.0,0.0,0.0,1.0,0.0,1.0,0.0,0.0,0.0,1.0,0.0,0.0,0.31313131313131315,0.5694444444444444,0.4328924311374578,1
0.7059613126314263,0.47403795200027954,0.5354656364574275,0.0,1.0,0.15714285714285725,0.3500000000000001,2022,11,0.2057,0.0,1.0,0.0,0.0,0.0,1.0,1.0,0.0,0.0,0.0,1.0,0.0,0.0,1.0,0.0,0.0,0.0,0.26262626262626265,0.24305555555555558,0.2436929589308451,1
0.6596842761989657,0.447517537800759,0.5354656364574275,0.0,1.0,0.11428571428571432,0.75,2020,5,0.1074,0.0,0.0,1.0,0.0,0.0,1.0,0.0,0.0,1.0,0.0,0.0,1.0,0.0,0.0,0.0,0.0,1.0,0.07070707070707072,0.44444444444444464,0.28844180225299054,0
0.8871587529039012,0.447517537800759,0.4617174859980837,1.0000000000000004,0.0,0.4285714285714286,0.5,2024,6,0.2057,0.0,1.0,0.0,1.0,0.0,0.0,0.0,0.0,1.0,0.0,1.0,0.0,0.0,0.0,0.0,0.0,1.0,0.393939393939394,0.45833333333333326,0.1325100329080017,0
0.7059613126314263,0.47403795200027954,0.6314043239791136,1.0000000000000004,0.0,0.4285714285714286,0.5,2024,6,0.2057,0.0,1.0,0.0,1.0,0.0,0.0,0.0,0.0,1.0,0.0,0.0,0.0,1.0,0.0,0.0,1.0,0.0,0.393939393939394,0.45833333333333326,0.29887056355028807,0
0.38823676709842325,0.447517537800759,0.18810825193982694,0.0,0.0,0.4285714285714286,0.5,2020,5,0.185,0.0,1.0,0.0,1.0,0.0,0.0,0.0,1.0,0.0,0.0,0.0,1.0,0.0,0.0,1.0,0.0,0.0,0.393939393939394,0.45833333333333326,0.5826050444903135,1
0.6596842761989657,0.6900911776928242,0.5210871358800633,0.0,0.0,0.4285714285714286,0.5,2024,4,0.3999,0.0,0.0,1.0,1.0,0.0,0.0,1.0,0.0,0.0,0.0,0.0,1.0,0.0,0.0,1.0,0.0,0.0,0.393939393939394,0.45833333333333326,0.28844180225299054,1
0.7059613126314263,0.47403795200027954,0.5354656364574275,0.0,0.0,0.7857142857142856,0.27500000000000013,2025,7,0.2057,1.0,0.0,0.0,0.0,0.0,1.0,0.0,1.0,0.0,0.0,0.0,1.0,0.0,0.0,0.0,0.0,1.0,0.7373737373737375,0.5069444444444446,0.2436929589308451,0
0.7059613126314263,0.47403795200027954,0.5354656364574275,0.0,0.0,0.4285714285714286,0.5,2021,1,0.3999,1.0,0.0,0.0,0.0,0.0,1.0,1.0,0.0,0.0,0.0,0.0,1.0,0.0,0.0,0.0,0.0,1.0,0.393939393939394,0.45833333333333326,0.2436929589308451,0
0.6596842761989657,0.6128520148907115,0.5354656364574275,0.0,0.0,0.4285714285714286,0.5,2024,6,0.185,0.0,1.0,0.0,0.0,0.0,1.0,1.0,0.0,0.0,0.0,0.0,1.0,0.0,0.0,0.0,0.0,1.0,0.393939393939394,0.45833333333333326,0.28844180225299054,1
0.7059613126314263,0.447517537800759,0.5354656364574275,0.0,0.0,0.4285714285714286,0.5,2022,4,0.102,1.0,0.0,0.0,0.0,0.0,1.0,0.0,1.0,0.0,0.0,1.0,0.0,0.0,0.0,1.0,0.0,0.0,0.393939393939394,0.45833333333333326,0.2436929589308451,0
0.38823676709842325,0.447517537800759,0.5354656364574275,0.0,0.0,0.4285714285714286,0.5,2021,7,0.1074,0.0,0.0,1.0,1.0,0.0,0.0,0.0,1.0,0.0,0.0,1.0,0.0,0.0,0.0,0.0,1.0,0.0,0.393939393939394,0.45833333333333326,0.5826050444903135,0
0.8561517958551143,0.47403795200027954,0.5354656364574275,1.0000000000000004,0.0,0.4285714285714286,0.5,2023,9,0.185,0.0,1.0,0.0,0.0,1.0,0.0,0.0,1.0,0.0,0.0,1.0,0.0,0.0,0.0,0.0,1.0,0.0,0.393939393939394,0.45833333333333326,0.1592949923650224,0
0.764088502509945,0.8076230909183875,0.5354656364574275,0.0,1.0,0.11428571428571432,0.75,2023,2,0.3999,0.0,1.0,0.0,1.0,0.0,0.0,1.0,0.0,0.0,0.0,1.0,0.0,0.0,0.0,0.0,0.0,1.0,0.07070707070707072,0.44444444444444464,0.18964410734058876,1
0.7059613126314263,0.6498031459531934,0.5354656364574275,0.0,0.0,0.4285714285714286,0.5,2020,6,0.3999,0.0,0.0,1.0,0.0,1.0,0.0,0.0,0.0,1.0,0.0,0.0,1.0,0.0,1.0,0.0,0.0,0.0,0.393939393939394,0.45833333333333326,0.2436929589308451,0
0.6596842761989657,0.47403795200027954,0.7321160261480628,0.0,0.0,0.4285714285714286,0.5,2022,6,0.185,1.0,0.0,0.0,0.0,0.0,1.0,1.0,0.0,0.0,0.0,0.0,1.0,0.0,0.0,0.0,0.0,1.0,0.393939393939394,0.45833333333333326,0.28844180225299054,1
0.7059613126314263,0.14524435432427252,0.5354656364574275,1.0000000000000004,0.0,0.04285714285714293,0.4500000000000002,2025,3,0.1074,0.0,0.0,1.0,0.0,0.0,1.0,0.0,1.0,0.0,0.0,0.0,1.0,0.0,0.0,0.0,1.0,0.0,0.1414141414141414,0.24305555555555558,0.29887056355028807,1
0.38823676709842325,0.447517537800759,0.5354656364574275,0.0,0.0,0.4285714285714286,0.5,2024,10,0.3999,1.0,0.0,0.0,0.0,1.0,0.0,1.0,0.0,0.0,0.0,0.0,0.0,1.0,0.0,0.0,0.0,1.0,0.393939393939394,0.45833333333333326,0.5826050444903135,1
0.7059613126314263,0.447517537800759,0.5354656364574275,0.0,0.0,0.4285714285714286,0.5,2025,7,0.185,1.0,0.0,0.0,1.0,0.0,0.0,1.0,0.0,0.0,0.0,1.0,0.0,0.0,0.0,0.0,1.0,0.0,0.393939393939394,0.45833333333333326,0.2436929589308451,1
0.7059613126314263,0.47403795200027954,0.5354656364574275,0.0,0.0,0.4285714285714286,0.5,2024,3,0.3999,0.0,1.0,0.0,0.0,0.0,1.0,0.0,0.0,1.0,0.0,0.0,0.0,1.0,0.0,0.0,0.0,1.0,0.393939393939394,0.45833333333333326,0.2436929589308451,1
0.6596842761989657,0.47403795200027954,0.7321160261480628,0.0,0.0,0.4285714285714286,0.5,2023,2,0.185,0.0,0.0,1.0,1.0,0.0,0.0,0.0,0.0,1.0,0.0,0.0,1.0,0.0,0.0,0.0,0.0,1.0,0.393939393939394,0.45833333333333326,0.28844180225299054,0
0.38823676709842325,0.47403795200027954,0.5354656364574275,0.0,0.0,0.4285714285714286,0.5,2025,3,0.3999,0.0,1.0,0.0,1.0,0.0,0.0,1.0,0.0,0.0,0.0,1.0,0.0,0.0,0.0,1.0,0.0,0.0,0.393939393939394,0.45833333333333326,0.5826050444903135,0
0.38823676709842325,0.47403795200027954,0.5354656364574275,0.0,0.0,0.4285714285714286,0.5,2023,6,0.102,0.0,0.0,1.0,0.0,1.0,0.0,0.0,0.0,0.0,1.0,0.0,0.0,1.0,0.0,1.0,0.0,0.0,0.393939393939394,0.45833333333333326,0.5826050444903135,0
0.45057144967106383,0.447517537800759,0.5354656364574275,1.0000000000000004,1.0,0.4285714285714286,0.5,2024,7,0.3999,1.0,0.0,0.0,0.0,0.0,1.0,1.0,0.0,0.0,0.0,1.0,0.0,0.0,0.0,1.0,0.0,0.0,0.393939393939394,0.45833333333333326,0.569065658542214,1
0.38823676709842325,0.447517537800759,0.5354656364574275,0.0,0.0,0.4285714285714286,0.5,2020,10,0.185,1.0,0.0,0.0,1.0,0.0,0.0,0.0,0.0,1.0,0.0,1.0,0.0,0.0,0.0,0.0,1.0,0.0,0.393939393939394,0.45833333333333326,0.5826050444903135,1
0.38823676709842325,0.447517537800759,0.5354656364574275,0.0,0.0,0.4285714285714286,0.5,2020,2,0.3999,0.0,1.0,0.0,0.0,1.0,0.0,0.0,1.0,0.0,0.0,0.0,0.0,1.0,1.0,0.0,0.0,0.0,0.393939393939394,0.45833333333333326,0.5826050444903135,1
0.6596842761989657,0.15887047894710626,0.5354656364574275,0.0,0.0,0.4285714285714286,0.5,2025,8,0.102,0.0,0.0,1.0,0.0,1.0,0.0,0.0,0.0,1.0,0.0,0.0,1.0,0.0,1.0,0.0,0.0,0.0,0.393939393939394,0.45833333333333326,0.28844180225299054,1
0.8683052090642308,0.8547556456757275,0.5354656364574275,0.0,0.0,0.4285714285714286,0.5,2024,11,0.3999,0.0,1.0,0.0,1.0,0.0,0.0,1.0,0.0,0.0,0.0,0.0,1.0,0.0,0.0,0.0,0.0,1.0,0.393939393939394,0.45833333333333326,0.09941696283721821,1
0.7059613126314263,0.447517537800759,0.5354656364574275,0.0,0.0,0.4285714285714286,0.5,2020,5,0.2057,0.0,0.0,1.0,0.0,0.0,1.0,0.0,1.0,0.0,0.0,0.0,1.0,0.0,0.0,0.0,1.0,0.0,0.393939393939394,0.45833333333333326,0.2436929589308451,0
0.38823676709842325,0.7291045037602584,0.5354656364574275,0.0,0.0,0.4285714285714286,0.5,2023,2,0.185,0.0,0.0,1.0,1.0,0.0,0.0,0.0,0.0,1.0,0.0,1.0,0.0,0.0,0.0,0.0,0.0,1.0,0.393939393939394,0.45833333333333326,0.5826050444903135,0
0.6596842761989657,0.47927427295186975,0.5354656364574275,1.0000000000000004,1.0,0.4285714285714286,0.5,2025,9,0.3999,0.0,0.0,1.0,1.0,0.0,0.0,0.0,0.0,1.0,0.0,1.0,0.0,0.0,1.0,0.0,0.0,0.0,0.393939393939394,0.45833333333333326,0.34478095320423274,1
0.6596842761989657,0.47403795200027954,0.476847824478952,0.0,0.0,0.4285714285714286,0.5,2021,7,0.2057,0.0,1.0,0.0,1.0,0.0,0.0,0.0,0.0,1.0,0.0,1.0,0.0,0.0,1.0,0.0,0.0,0.0,0.393939393939394,0.45833333333333326,0.28844180225299054,1
0.9626295218680472,0.47403795200027954,0.5354656364574275,0.0,1.0,0.2857142857142858,0.375,2020,12,0.3999,0.0,0.0,1.0,1.0,0.0,0.0,1.0,0.0,0.0,0.0,0.0,1.0,0.0,0.0,0.0,0.0,1.0,0.3434343434343435,0.31944444444444464,0.02636345370865137,0
0.38823676709842325,0.47403795200027954,0.5354656364574275,1.0000000000000004,0.0,0.4285714285714286,0.5,2025,1,0.185,1.0,0.0,0.0,0.0,1.0,0.0,0.0,1.0,0.0,0.0,0.0,0.0,1.0,0.0,0.0,1.0,0.0,0.393939393939394,0.45833333333333326,0.6427439125168093,1
0.9521851354989413,0.47403795200027954,0.5354656364574275,1.0000000000000004,0.0,0.4285714285714286,0.5,2020,12,0.3999,0.0,0.0,1.0,1.0,0.0,0.0,1.0,0.0,0.0,0.0,0.0,1.0,0.0,0.0,0.0,0.0,1.0,0.393939393939394,0.45833333333333326,0.07899028162291641,0
0.49892198580547814,0.47403795200027954,0.5354656364574275,0.0,1.0,0.4285714285714286,0.5,2024,3,0.2057,0.0,0.0,1.0,0.0,1.0,0.0,0.0,0.0,1.0,0.0,1.0,0.0,0.0,0.0,0.0,1.0,0.0,0.393939393939394,0.45833333333333326,0.4553882332454916,1
0.5384272503221113,0.6221941181407362,0.5354656364574275,0.0,0.0,0.4285714285714286,0.5,2025,5,0.3999,0.0,0.0,1.0,0.0,1.0,0.0,0.0,0.0,0.0,1.0,1.0,0.0,0.0,0.0,0.0,0.0,1.0,0.393939393939394,0.45833333333333326,0.41264408810387754,0
0.38823676709842325,0.4948511335168124,0.5354656364574275,0.0,1.0,0.4285714285714286,0.5,2021,10,0.3999,0.0,0.0,1.0,0.0,1.0,0.0,1.0,0.0,0.0,0.0,1.0,0.0,0.0,0.0,1.0,0.0,0.0,0.393939393939394,0.45833333333333326,0.5826050444903135,0
0.6596842761989657,0.47403795200027954,0.5354656364574275,0.0,0.0,0.4285714285714286,0.5,2022,9,0.3999,1.0,0.0,0.0,0.0,0.0,1.0,0.0,0.0,1.0,0.0,1.0,0.0,0.0,1.0,0.0,0.0,0.0,0.393939393939394,0.45833333333333326,0.28844180225299054,0
0.9676687970244379,0.13146597934860837,0.5354656364574275,0.0,1.0,0.4285714285714286,0.5,2023,3,0.2057,0.0,1.0,0.0,1.0,0.0,0.0,0.0,1.0,0.0,0.0,0.0,1.0,0.0,0.0,0.0,1.0,0.0,0.393939393939394,0.45833333333333326,0.02271882746835499,0
0.6596842761989657,0.447517537800759,0.5354656364574275,1.0000000000000004,0.0,0.4285714285714286,0.5,2021,6,0.1074,1.0,0.0,0.0,0.0,1.0,0.0,0.0,0.0,1.0,0.0,1.0,0.0,0.0,0.0,0.0,1.0,0.0,0.393939393939394,0.45833333333333326,0.34478095320423274,1
0.799302952252854,0.447517537800759,0.5354656364574275,0.0,0.0,0.20000000000000018,0.15000000000000013,2021,5,0.185,1.0,0.0,0.0,0.0,1.0,0.0,1.0,0.0,0.0,0.0,1.0,0.0,0.0,1.0,0.0,0.0,0.0,0.37373737373737376,0.1527777777777779,0.1581462430386212,1
0.6596842761989657,0.47403795200027954,0.5354656364574275,0.0,0.0,0.7142857142857144,0.42500000000000004,2022,11,0.2057,0.0,0.0,1.0,1.0,0.0,0.0,0.0,0.0,1.0,0.0,1.0,0.0,0.0,0.0,1.0,0.0,0.0,0.6262626262626264,0.5555555555555556,0.28844180225299054,0
0.7059613126314263,0.447517537800759,0.5354656364574275,0.0,0.0,0.4285714285714286,0.5,2020,12,0.3999,1.0,0.0,0.0,0.0,0.0,1.0,1.0,0.0,0.0,0.0,0.0,0.0,1.0,1.0,0.0,0.0,0.0,0.393939393939394,0.45833333333333326,0.2436929589308451,1
0.38823676709842325,0.47403795200027954,0.5354656364574275,0.0,0.0,0.4285714285714286,0.5,2022,5,0.3999,0.0,0.0,1.0,1.0,0.0,0.0,0.0,0.0,1.0,0.0,1.0,0.0,0.0,0.0,1.0,0.0,0.0,0.393939393939394,0.45833333333333326,0.5826050444903135,0
0.38823676709842325,0.2312361408186021,0.5354656364574275,0.0,0.0,0.07142857142857162,0.6499999999999999,2020,6,0.185,0.0,1.0,0.0,1.0,0.0,0.0,0.0,0.0,0.0,1.0,0.0,1.0,0.0,0.0,1.0,0.0,0.0,0.08080808080808081,0.3680555555555556,0.5826050444903135,0
0.9978439716109563,0.447517537800759,0.779365623801902,0.0,0.0,0.4285714285714286,0.5,2020,4,0.3999,0.0,1.0,0.0,0.0,0.0,1.0,0.0,0.0,1.0,0.0,0.0,1.0,0.0,0.0,0.0,0.0,1.0,0.393939393939394,0.45833333333333326,0.0014787003342740523,0
0.7059613126314263,0.47403795200027954,0.5354656364574275,0.0,0.0,0.4285714285714286,0.5,2025,2,0.2057,0.0,1.0,0.0,0.0,0.0,1.0,0.0,0.0,0.0,1.0,0.0,0.0,1.0,1.0,0.0,0.0,0.0,0.393939393939394,0.45833333333333326,0.2436929589308451,0
0.6596842761989657,0.7418394024597226,0.5354656364574275,0.0,0.0,0.4285714285714286,0.5,2022,10,0.3999,0.0,1.0,0.0,1.0,0.0,0.0,0.0,0.0,0.0,1.0,1.0,0.0,0.0,0.0,0.0,0.0,1.0,0.393939393939394,0.45833333333333326,0.28844180225299054,1
0.6596842761989657,0.47403795200027954,0.8022862621300737,1.0000000000000004,1.0,0.4285714285714286,0.5,2023,3,0.3999,1.0,0.0,0.0,1.0,0.0,0.0,1.0,0.0,0.0,0.0,1.0,0.0,0.0,0.0,0.0,0.0,1.0,0.393939393939394,0.45833333333333326,0.34478095320423274,1
0.9236334915818912,0.47403795200027954,0.7077476647896876,0.0,1.0,0.4285714285714286,0.5,2020,9,0.3999,0.0,1.0,0.0,0.0,1.0,0.0,0.0,1.0,0.0,0.0,1.0,0.0,0.0,0.0,0.0,1.0,0.0,0.393939393939394,0.45833333333333326,0.05547858198464192,0
0.7059613126314263,0.47403795200027954,0.5354656364574275,0.0,0.0,0.4285714285714286,0.5,2021,2,0.2057,1.0,0.0,0.0,0.0,1.0,0.0,0.0,1.0,0.0,0.0,0.0,0.0,1.0,1.0,0.0,0.0,0.0,0.393939393939394,0.45833333333333326,0.2436929589308451,0
0.7059613126314263,0.7460553099205858,0.5354656364574275,0.0,0.0,0.4285714285714286,0.5,2025,3,0.3999,1.0,0.0,0.0,1.0,0.0,0.0,0.0,0.0,1.0,0.0,0.0,1.0,0.0,1.0,0.0,0.0,0.0,0.393939393939394,0.45833333333333326,0.2436929589308451,1
0.9676687970244379,0.47403795200027954,0.5354656364574275,0.0,0.0,0.11428571428571432,0.025000000000000133,2021,12,0.1074,1.0,0.0,0.0,1.0,0.0,0.0,0.0,0.0,0.0,1.0,0.0,1.0,0.0,0.0,0.0,1.0,0.0,0.36363636363636365,0.04166666666666674,0.02271882746835499,0
0.7059613126314263,0.47403795200027954,0.5354656364574275,0.0,0.0,0.4285714285714286,0.5,2025,6,0.2057,1.0,0.0,0.0,1.0,0.0,0.0,0.0,1.0,0.0,0.0,0.0,1.0,0.0,0.0,0.0,0.0,1.0,0.393939393939394,0.45833333333333326,0.2436929589308451,1
0.7059613126314263,0.47403795200027954,0.5354656364574275,1.0000000000000004,0.0,0.4285714285714286,0.5,2020,6,0.185,0.0,1.0,0.0,0.0,0.0,1.0,0.0,0.0,0.0,1.0,0.0,1.0,0.0,0.0,0.0,0.0,1.0,0.393939393939394,0.45833333333333326,0.29887056355028807,1
0.38823676709842325,0.47403795200027954,0.5354656364574275,0.0,0.0,0.4285714285714286,0.5,2022,11,0.185,0.0,0.0,1.0,0.0,1.0,0.0,0.0,0.0,0.0,1.0,0.0,1.0,0.0,0.0,0.0,1.0,0.0,0.393939393939394,0.45833333333333326,0.5826050444903135,1
0.7059613126314263,0.47403795200027954,0.5354656364574275,0.0,0.0,0.4285714285714286,0.5,2020,6,0.3999,1.0,0.0,0.0,1.0,0.0,0.0,0.0,0.0,1.0,0.0,0.0,1.0,0.0,0.0,0.0,0.0,1.0,0.393939393939394,0.45833333333333326,0.2436929589308451,1
0.38823676709842325,0.7291045037602584,0.26280864795822545,1.0000000000000004,0.0,0.4285714285714286,0.5,2020,1,0.102,0.0,1.0,0.0,0.0,0.0,1.0,0.0,1.0,0.0,0.0,0.0,0.0,1.0,1.0,0.0,0.0,0.0,0.393939393939394,0.45833333333333326,0.6427439125168093,1
0.38823676709842325,0.447517537800759,0.5354656364574275,0.0,1.0,0.4285714285714286,0.5,2023,1,0.185,0.0,0.0,1.0,0.0,1.0,0.0,1.0,0.0,0.0,0.0,1.0,0.0,0.0,1.0,0.0,0.0,0.0,0.393939393939394,0.45833333333333326,0.5826050444903135,0
0.7059613126314263,0.47403795200027954,0.5354656364574275,0.0,0.0,0.4285714285714286,0.5,2021,12,0.1074,1.0,0.0,0.0,1.0,0.0,0.0,1.0,0.0,0.0,0.0,0.0,1.0,0.0,0.0,0.0,1.0,0.0,0.393939393939394,0.45833333333333326,0.2436929589308451,1
0.6596842761989657,0.447517537800759,0.5354656364574275,0.0,0.0,0.4285714285714286,0.5,2022,10,0.2057,1.0,0.0,0.0,0.0,1.0,0.0,1.0,0.0,0.0,0.0,1.0,0.0,0.0,0.0,0.0,0.0,1.0,0.393939393939394,0.45833333333333326,0.28844180225299054,1
0.6793959560724938,0.447517537800759,0.5354656364574275,1.0000000000000004,0.0,0.4285714285714286,0.5,2024,1,0.185,0.0,1.0,0.0,0.0,1.0,0.0,1.0,0.0,0.0,0.0,0.0,0.0,1.0,0.0,0.0,0.0,1.0,0.393939393939394,0.45833333333333326,0.3250689706412119,1
0.38823676709842325,0.47403795200027954,0.24458064270766489,0.0,1.0,0.4285714285714286,0.5,2023,12,0.2057,1.0,0.0,0.0,0.0,0.0,1.0,0.0,0.0,1.0,0.0,1.0,0.0,0.0,0.0,0.0,1.0,0.0,0.393939393939394,0.45833333333333326,0.5826050444903135,0
0.6596842761989657,0.47403795200027954,0.5354656364574275,0.0,0.0,0.4285714285714286,0.5,2024,10,0.3999,0.0,1.0,0.0,1.0,0.0,0.0,0.0,0.0,1.0,0.0,0.0,0.0,1.0,0.0,1.0,0.0,0.0,0.393939393939394,0.45833333333333326,0.28844180225299054,0
0.8388082167694871,0.47403795200027954,0.3665306363799026,0.0,0.0,0.4285714285714286,0.5,2023,2,0.1074,0.0,0.0,1.0,1.0,0.0,0.0,1.0,0.0,0.0,0.0,1.0,0.0,0.0,0.0,0.0,0.0,1.0,0.393939393939394,0.45833333333333326,0.12401564075308605,0
0.7059613126314263,0.47403795200027954,0.8896828119009514,0.0,0.0,0.4285714285714286,0.5,2022,8,0.102,1.0,0.0,0.0,0.0,0.0,1.0,1.0,0.0,0.0,0.0,1.0,0.0,0.0,0.0,1.0,0.0,0.0,0.393939393939394,0.45833333333333326,0.2436929589308451,0
0.38823676709842325,0.47403795200027954,0.7199959739199215,0.0,0.0,0.4285714285714286,0.5,2021,4,0.185,0.0,0.0,1.0,0.0,1.0,0.0,0.0,0.0,0.0,1.0,1.0,0.0,0.0,0.0,0.0,1.0,0.0,0.393939393939394,0.45833333333333326,0.5826050444903135,0
0.38823676709842325,0.47403795200027954,0.5354656364574275,0.0,1.0,0.4285714285714286,0.5,2020,4,0.3999,1.0,0.0,0.0,0.0,1.0,0.0,0.0,0.0,1.0,0.0,0.0,0.0,1.0,0.0,0.0,0.0,1.0,0.393939393939394,0.45833333333333326,0.5826050444903135,0
0.6596842761989657,0.447517537800759,0.5354656364574275,1.0000000000000004,1.0,0.4285714285714286,0.5,2023,8,0.185,0.0,1.0,0.0,0.0,1.0,0.0,1.0,0.0,0.0,0.0,0.0,1.0,0.0,0.0,1.0,0.0,0.0,0.393939393939394,0.45833333333333326,0.34478095320423274,1
0.38823676709842325,0.47403795200027954,0.5354656364574275,1.0000000000000004,1.0,0.4285714285714286,0.5,2020,6,0.3999,1.0,0.0,0.0,1.0,0.0,0.0,0.0,0.0,1.0,0.0,1.0,0.0,0.0,0.0,0.0,0.0,1.0,0.393939393939394,0.45833333333333326,0.6427439125168093,1
0.38823676709842325,0.447517537800759,0.5354656364574275,0.0,0.0,0.4285714285714286,0.5,2022,1,0.2057,0.0,1.0,0.0,0.0,0.0,1.0,0.0,0.0,0.0,1.0,1.0,0.0,0.0,0.0,0.0,0.0,1.0,0.393939393939394,0.45833333333333326,0.5826050444903135,1
0.914278985733633,0.47403795200027954,0.5354656364574275,1.0000000000000004,0.0,1.0,0.2250000000000001,2023,3,0.3999,1.0,0.0,0.0,0.0,1.0,0.0,0.0,1.0,0.0,0.0,1.0,0.0,0.0,0.0,0.0,1.0,0.0,0.9090909090909092,0.5833333333333333,0.10973474711430861,0
0.7059613126314263,0.8076230909183875,0.5354656364574275,0.0,0.0,0.2142857142857144,0.5,2023,9,0.185,1.0,0.0,0.0,0.0,1.0,0.0,0.0,0.0,1.0,0.0,0.0,1.0,0.0,0.0,0.0,0.0,1.0,0.24242424242424243,0.35416666666666674,0.2436929589308451,1
0.38823676709842325,0.47403795200027954,0.5354656364574275,0.0,0.0,0.4285714285714286,0.5,2025,7,0.3999,1.0,0.0,0.0,1.0,0.0,0.0,0.0,1.0,0.0,0.0,1.0,0.0,0.0,0.0,0.0,1.0,0.0,0.393939393939394,0.45833333333333326,0.5826050444903135,1
0.38823676709842325,0.47403795200027954,0.4617174859980837,0.0,0.0,0.4285714285714286,0.5,2024,8,0.2057,0.0,0.0,1.0,0.0,0.0,1.0,0.0,0.0,0.0,1.0,0.0,0.0,1.0,0.0,0.0,0.0,1.0,0.393939393939394,0.45833333333333326,0.5826050444903135,0
0.38823676709842325,0.7627762675498357,0.5354656364574275,1.0000000000000004,0.0,0.4285714285714286,0.5,2022,10,0.1074,1.0,0.0,0.0,0.0,1.0,0.0,0.0,0.0,1.0,0.0,0.0,1.0,0.0,0.0,1.0,0.0,0.0,0.393939393939394,0.45833333333333326,0.6427439125168093,0
0.38823676709842325,0.47403795200027954,0.5354656364574275,1.0000000000000004,0.0,0.4285714285714286,0.5,2024,2,0.3999,1.0,0.0,0.0,0.0,1.0,0.0,0.0,0.0,1.0,0.0,0.0,0.0,1.0,0.0,1.0,0.0,0.0,0.393939393939394,0.45833333333333326,0.6427439125168093,0
0.6596842761989657,0.47403795200027954,0.5354656364574275,0.0,0.0,0.4285714285714286,0.5,2024,2,0.3999,1.0,0.0,0.0,0.0,0.0,1.0,0.0,0.0,0.0,1.0,0.0,1.0,0.0,0.0,1.0,0.0,0.0,0.393939393939394,0.45833333333333326,0.28844180225299054,0
0.38823676709842325,0.34702426153413235,0.5354656364574275,0.0,0.0,0.4285714285714286,0.5,2022,9,0.102,0.0,1.0,0.0,0.0,1.0,0.0,0.0,0.0,1.0,0.0,0.0,1.0,0.0,0.0,0.0,1.0,0.0,0.393939393939394,0.45833333333333326,0.5826050444903135,1
0.6596842761989657,0.6034385971854399,0.5354656364574275,0.0,0.0,0.4285714285714286,0.5,2021,10,0.3999,0.0,0.0,1.0,0.0,1.0,0.0,0.0,1.0,0.0,0.0,1.0,0.0,0.0,1.0,0.0,0.0,0.0,0.393939393939394,0.45833333333333326,0.28844180225299054,1
0.9296527415680409,0.47403795200027954,0.3991371422078265,0.0,0.0,0.4285714285714286,0.5,2024,10,0.3999,0.0,0.0,1.0,0.0,0.0,1.0,1.0,0.0,0.0,0.0,0.0,0.0,1.0,0.0,1.0,0.0,0.0,0.393939393939394,0.45833333333333326,0.050881139834478756,1
0.7059613126314263,0.447517537800759,0.5354656364574275,0.0,0.0,0.4285714285714286,0.5,2025,7,0.185,1.0,0.0,0.0,1.0,0.0,0.0,0.0,0.0,1.0,0.0,0.0,1.0,0.0,0.0,0.0,0.0,1.0,0.393939393939394,0.45833333333333326,0.2436929589308451,0
0.6596842761989657,0.5354523887642593,0.4151022837625655,0.0,0.0,0.4285714285714286,0.5,2023,6,0.3999,0.0,0.0,1.0,1.0,0.0,0.0,1.0,0.0,0.0,0.0,0.0,1.0,0.0,0.0,0.0,1.0,0.0,0.393939393939394,0.45833333333333326,0.28844180225299054,0
0.613898019286257,0.28744012432408406,0.7908826781462572,0.0,1.0,0.7857142857142856,0.6750000000000003,2023,1,0.2057,0.0,1.0,0.0,0.0,1.0,0.0,0.0,0.0,1.0,0.0,1.0,0.0,0.0,0.0,0.0,1.0,0.0,0.5757575757575758,0.7291666666666667,0.3341544169135119,0
0.6596842761989657,0.47403795200027954,0.5354656364574275,0.0,1.0,0.4285714285714286,0.5,2023,5,0.3999,0.0,0.0,1.0,0.0,1.0,0.0,0.0,1.0,0.0,0.0,0.0,0.0,1.0,0.0,0.0,0.0,1.0,0.393939393939394,0.45833333333333326,0.28844180225299054,0
0.6596842761989657,0.47403795200027954,0.5354656364574275,0.0,1.0,0.4285714285714286,0.5,2023,9,0.1074,1.0,0.0,0.0,1.0,0.0,0.0,0.0,1.0,0.0,0.0,1.0,0.0,0.0,0.0,0.0,1.0,0.0,0.393939393939394,0.45833333333333326,0.28844180225299054,0
0.38823676709842325,0.447517537800759,0.5354656364574275,0.0,0.0,0.4285714285714286,0.5,2022,9,0.3999,0.0,0.0,1.0,0.0,0.0,1.0,0.0,0.0,0.0,1.0,0.0,0.0,1.0,0.0,0.0,0.0,1.0,0.393939393939394,0.45833333333333326,0.5826050444903135,0
0.38823676709842325,0.447517537800759,0.5354656364574275,1.0000000000000004,0.0,0.4285714285714286,0.5,2021,1,0.3999,0.0,1.0,0.0,0.0,0.0,1.0,0.0,0.0,1.0,0.0,0.0,1.0,0.0,1.0,0.0,0.0,0.0,0.393939393939394,0.45833333333333326,0.6427439125168093,0
0.6596842761989657,0.6128520148907115,0.5354656364574275,1.0000000000000004,0.0,0.8714285714285714,0.5249999999999999,2022,12,0.3999,0.0,0.0,1.0,1.0,0.0,0.0,0.0,0.0,1.0,0.0,0.0,1.0,0.0,1.0,0.0,0.0,0.0,0.6969696969696971,0.6874999999999998,0.34478095320423274,0
0.7059613126314263,0.447517537800759,0.5354656364574275,0.0,1.0,0.4285714285714286,0.5,2021,6,0.185,0.0,0.0,1.0,1.0,0.0,0.0,0.0,0.0,1.0,0.0,1.0,0.0,0.0,0.0,1.0,0.0,0.0,0.393939393939394,0.45833333333333326,0.2436929589308451,0
0.6596842761989657,0.47403795200027954,0.5354656364574275,0.0,0.0,0.6285714285714286,0.75,2022,7,0.2057,0.0,1.0,0.0,1.0,0.0,0.0,1.0,0.0,0.0,0.0,0.0,0.0,1.0,0.0,0.0,1.0,0.0,0.43434343434343436,0.6944444444444444,0.28844180225299054,0
0.6596842761989657,0.6723476811941551,0.5354656364574275,1.0000000000000004,0.0,0.30000000000000004,0.6000000000000001,2022,3,0.2057,0.0,0.0,1.0,1.0,0.0,0.0,1.0,0.0,0.0,0.0,0.0,1.0,0.0,0.0,0.0,0.0,1.0,0.26262626262626265,0.45138888888888906,0.34478095320423274,1
0.7059613126314263,0.447517537800759,0.5354656364574275,0.0,0.0,0.4285714285714286,0.5,2022,11,0.3999,0.0,1.0,0.0,1.0,0.0,0.0,0.0,0.0,0.0,1.0,0.0,1.0,0.0,1.0,0.0,0.0,0.0,0.393939393939394,0.45833333333333326,0.2436929589308451,0
0.6596842761989657,0.47403795200027954,0.5354656364574275,0.0,0.0,0.4285714285714286,0.5,2024,11,0.102,1.0,0.0,0.0,1.0,0.0,0.0,0.0,0.0,0.0,1.0,0.0,1.0,0.0,1.0,0.0,0.0,0.0,0.393939393939394,0.45833333333333326,0.28844180225299054,1
0.8342463837423743,0.447517537800759,0.5354656364574275,0.0,0.0,0.4285714285714286,0.5,2024,2,0.3999,0.0,0.0,1.0,0.0,1.0,0.0,0.0,0.0,1.0,0.0,0.0,0.0,1.0,0.0,0.0,1.0,0.0,0.393939393939394,0.45833333333333326,0.12788895786680674,0
0.38823676709842325,0.6768075476510531,0.5354656364574275,0.0,0.0,0.4285714285714286,0.5,2025,8,0.185,0.0,1.0,0.0,1.0,0.0,0.0,0.0,0.0,1.0,0.0,0.0,0.0,1.0,0.0,0.0,1.0,0.0,0.393939393939394,0.45833333333333326,0.5826050444903135,0
0.6596842761989657,0.47403795200027954,0.5354656364574275,1.0000000000000004,0.0,0.4285714285714286,0.5,2020,4,0.2057,1.0,0.0,0.0,0.0,0.0,1.0,1.0,0.0,0.0,0.0,1.0,0.0,0.0,0.0,0.0,0.0,1.0,0.393939393939394,0.45833333333333326,0.34478095320423274,1
0.9266640174205345,0.47403795200027954,0.5354656364574275,0.0,0.0,0.4285714285714286,0.5,2020,9,0.3999,0.0,0.0,1.0,1.0,0.0,0.0,0.0,0.0,1.0,0.0,0.0,0.0,1.0,1.0,0.0,0.0,0.0,0.393939393939394,0.45833333333333326,0.053159268691928246,0
0.6596842761989657,0.6900911776928242,0.26280864795822545,0.0,1.0,0.4285714285714286,0.5,2024,12,0.3999,0.0,0.0,1.0,0.0,1.0,0.0,0.0,1.0,0.0,0.0,0.0,1.0,0.0,0.0,1.0,0.0,0.0,0.393939393939394,0.45833333333333326,0.28844180225299054,1
0.7059613126314263,0.6812513424822684,0.5354656364574275,0.0,0.0,0.4285714285714286,0.5,2021,11,0.185,0.0,1.0,0.0,0.0,1.0,0.0,0.0,1.0,0.0,0.0,0.0,0.0,1.0,0.0,1.0,0.0,0.0,0.393939393939394,0.45833333333333326,0.2436929589308451,0
0.9011428993421277,0.6812513424822684,0.5354656364574275,0.0,0.0,0.4285714285714286,0.5,2020,12,0.3999,0.0,0.0,1.0,1.0,0.0,0.0,0.0,0.0,0.0,1.0,1.0,0.0,0.0,0.0,0.0,0.0,1.0,0.393939393939394,0.45833333333333326,0.07297978914527489,0
0.38823676709842325,0.7460553099205858,0.5354656364574275,1.0000000000000004,0.0,0.4285714285714286,0.5,2022,1,0.185,1.0,0.0,0.0,0.0,0.0,1.0,0.0,0.0,1.0,0.0,0.0,0.0,1.0,0.0,0.0,0.0,1.0,0.393939393939394,0.45833333333333326,0.6427439125168093,0
0.9521851354989413,0.447517537800759,0.5354656364574275,0.0,1.0,0.4285714285714286,0.5,2023,1,0.3999,0.0,0.0,1.0,1.0,0.0,0.0,1.0,0.0,0.0,0.0,0.0,1.0,0.0,0.0,0.0,0.0,1.0,0.393939393939394,0.45833333333333326,0.034004338394475614,1
0.6596842761989657,0.7205409156562008,0.3991371422078265,0.0,0.0,0.5857142857142859,0.2250000000000001,2024,7,0.102,0.0,0.0,1.0,0.0,1.0,0.0,1.0,0.0,0.0,0.0,1.0,0.0,0.0,0.0,1.0,0.0,0.0,0.6161616161616162,0.38194444444444464,0.28844180225299054,0
0.6596842761989657,0.47403795200027954,0.18810825193982694,1.0000000000000004,1.0,0.4285714285714286,0.5,2021,5,0.185,1.0,0.0,0.0,1.0,0.0,0.0,0.0,1.0,0.0,0.0,0.0,0.0,1.0,1.0,0.0,0.0,0.0,0.393939393939394,0.45833333333333326,0.34478095320423274,0
0.6596842761989657,0.47403795200027954,0.5354656364574275,0.0,1.0,0.4285714285714286,0.5,2022,11,0.1074,1.0,0.0,0.0,0.0,0.0,1.0,0.0,0.0,1.0,0.0,0.0,1.0,0.0,0.0,0.0,0.0,1.0,0.393939393939394,0.45833333333333326,0.28844180225299054,0
0.38823676709842325,0.47403795200027954,0.7199959739199215,1.0000000000000004,0.0,0.4285714285714286,0.5,2020,5,0.3999,0.0,1.0,0.0,1.0,0.0,0.0,1.0,0.0,0.0,0.0,0.0,0.0,1.0,0.0,0.0,0.0,1.0,0.393939393939394,0.45833333333333326,0.6427439125168093,1
0.38823676709842325,0.47403795200027954,0.5354656364574275,1.0000000000000004,1.0,0.4285714285714286,0.5,2020,7,0.185,1.0,0.0,0.0,0.0,1.0,0.0,0.0,0.0,1.0,0.0,1.0,0.0,0.0,0.0,1.0,0.0,0.0,0.393939393939394,0.45833333333333326,0.6427439125168093,1
0.38823676709842325,0.47403795200027954,0.5354656364574275,0.0,0.0,0.5571428571428572,0.9000000000000004,2025,1,0.3999,0.0,0.0,1.0,0.0,0.0,1.0,0.0,0.0,1.0,0.0,1.0,0.0,0.0,1.0,0.0,0.0,0.0,0.32323232323232326,0.7430555555555556,0.5826050444903135,1
0.38823676709842325,0.7544441295584741,0.5354656364574275,1.0000000000000004,0.0,0.4285714285714286,0.5,2023,1,0.185,0.0,0.0,1.0,1.0,0.0,0.0,0.0,0.0,0.0,1.0,0.0,1.0,0.0,0.0,1.0,0.0,0.0,0.393939393939394,0.45833333333333326,0.6427439125168093,1
0.38823676709842325,0.33533553201709676,0.5354656364574275,0.0,1.0,0.4285714285714286,0.5,2020,4,0.3999,0.0,0.0,1.0,0.0,1.0,0.0,0.0,1.0,0.0,0.0,0.0,0.0,1.0,0.0,0.0,0.0,1.0,0.393939393939394,0.45833333333333326,0.5826050444903135,1
0.7881887691669792,0.47403795200027954,0.5354656364574275,0.0,0.0,0.4285714285714286,0.5,2020,3,0.185,1.0,0.0,0.0,0.0,1.0,0.0,1.0,0.0,0.0,0.0,0.0,0.0,1.0,0.0,0.0,0.0,1.0,0.393939393939394,0.45833333333333326,0.16798132101993654,0
0.6596842761989657,0.47403795200027954,0.5354656364574275,1.0000000000000004,1.0,0.4285714285714286,0.5,2020,5,0.3999,0.0,1.0,0.0,0.0,0.0,1.0,0.0,0.0,1.0,0.0,0.0,0.0,1.0,0.0,0.0,0.0,1.0,0.393939393939394,0.45833333333333326,0.34478095320423274,0
0.7059613126314263,0.28744012432408406,0.18810825193982694,0.0,1.0,0.34285714285714297,0.9750000000000001,2023,4,0.3999,0.0,0.0,1.0,1.0,0.0,0.0,0.0,0.0,0.0,1.0,1.0,0.0,0.0,0.0,0.0,0.0,1.0,0.1414141414141414,0.6805555555555556,0.2436929589308451,0
0.6596842761989657,0.447517537800759,0.5354656364574275,0.0,0.0,0.4285714285714286,0.5,2021,3,0.1074,0.0,0.0,1.0,0.0,0.0,1.0,0.0,0.0,0.0,1.0,1.0,0.0,0.0,0.0,0.0,0.0,1.0,0.393939393939394,0.45833333333333326,0.28844180225299054,0
0.6596842761989657,0.47403795200027954,0.5354656364574275,0.0,0.0,0.4285714285714286,0.5,2024,2,0.1074,0.0,1.0,0.0,0.0,0.0,1.0,1.0,0.0,0.0,0.0,0.0,1.0,0.0,0.0,0.0,0.0,1.0,0.393939393939394,0.45833333333333326,0.28844180225299054,0
0.6596842761989657,0.447517537800759,0.5354656364574275,0.0,1.0,0.4285714285714286,0.5,2020,12,0.3999,0.0,1.0,0.0,0.0,1.0,0.0,0.0,0.0,0.0,1.0,0.0,1.0,0.0,0.0,0.0,0.0,1.0,0.393939393939394,0.45833333333333326,0.28844180225299054,0
0.7059613126314263,0.9652610342994286,0.5354656364574275,0.0,0.0,0.34285714285714297,0.4500000000000002,2022,7,0.185,0.0,1.0,0.0,1.0,0.0,0.0,0.0,0.0,1.0,0.0,1.0,0.0,0.0,0.0,0.0,1.0,0.0,0.35353535353535354,0.38888888888888906,0.2436929589308451,0
0.7509524161184398,0.447517537800759,0.6444830440585729,0.0,0.0,0.4285714285714286,0.5,2021,12,0.185,0.0,0.0,1.0,0.0,1.0,0.0,0.0,0.0,1.0,0.0,0.0,1.0,0.0,0.0,0.0,0.0,1.0,0.393939393939394,0.45833333333333326,0.20164015746276445,0
0.9355092890383155,0.6128520148907115,0.7559819110879777,1.0000000000000004,0.0,0.4285714285714286,0.5,2025,5,0.3999,1.0,0.0,0.0,0.0,0.0,1.0,1.0,0.0,0.0,0.0,1.0,0.0,0.0,1.0,0.0,0.0,0.0,0.393939393939394,0.45833333333333326,0.09235406731152349,1
0.7059613126314263,0.47403795200027954,0.5354656364574275,0.0,0.0,0.4285714285714286,0.5,2021,3,0.3999,0.0,0.0,1.0,0.0,1.0,0.0,0.0,0.0,0.0,1.0,1.0,0.0,0.0,0.0,0.0,0.0,1.0,0.393939393939394,0.45833333333333326,0.2436929589308451,1
0.5195737064824407,0.47403795200027954,0.5354656364574275,0.0,1.0,0.4285714285714286,0.5,2020,6,0.185,0.0,0.0,1.0,0.0,1.0,0.0,0.0,0.0,1.0,0.0,0.0,0.0,1.0,0.0,0.0,0.0,1.0,0.393939393939394,0.45833333333333326,0.4328924311374578,1
0.7059613126314263,0.447517537800759,0.5354656364574275,1.0000000000000004,0.0,0.4285714285714286,0.5,2022,11,0.3999,0.0,1.0,0.0,0.0,1.0,0.0,0.0,1.0,0.0,0.0,1.0,0.0,0.0,0.0,0.0,0.0,1.0,0.393939393939394,0.45833333333333326,0.29887056355028807,1
0.6596842761989657,0.5843934042469718,0.5354656364574275,1.0000000000000004,0.0,0.2857142857142858,0.5,2025,7,0.1074,0.0,1.0,0.0,0.0,1.0,0.0,0.0,0.0,1.0,0.0,1.0,0.0,0.0,0.0,0.0,0.0,1.0,0.29292929292929293,0.38888888888888906,0.34478095320423274,1
0.38823676709842325,0.47403795200027954,0.5354656364574275,0.0,0.0,0.2571428571428571,0.9500000000000002,2021,4,0.2057,0.0,1.0,0.0,0.0,1.0,0.0,1.0,0.0,0.0,0.0,1.0,0.0,0.0,0.0,0.0,1.0,0.0,0.09090909090909093,0.6249999999999998,0.5826050444903135,0
0.38823676709842325,0.7162367167621775,0.5354656364574275,0.0,0.0,0.4285714285714286,0.5,2023,2,0.102,0.0,1.0,0.0,0.0,1.0,0.0,0.0,0.0,1.0,0.0,0.0,1.0,0.0,0.0,0.0,1.0,0.0,0.393939393939394,0.45833333333333326,0.5826050444903135,0
0.9078104735808639,0.47403795200027954,0.5354656364574275,0.0,0.0,0.4285714285714286,0.5,2024,10,0.3999,1.0,0.0,0.0,0.0,1.0,0.0,0.0,1.0,0.0,0.0,0.0,1.0,0.0,0.0,1.0,0.0,0.0,0.393939393939394,0.45833333333333326,0.06773884806107897,0
0.38823676709842325,0.47403795200027954,0.5354656364574275,0.0,0.0,0.4285714285714286,0.5,2023,12,0.3999,0.0,0.0,1.0,0.0,1.0,0.0,1.0,0.0,0.0,0.0,1.0,0.0,0.0,1.0,0.0,0.0,0.0,0.393939393939394,0.45833333333333326,0.5826050444903135,1
0.6596842761989657,0.447517537800759,0.5354656364574275,0.0,0.0,0.04285714285714293,0.6750000000000003,2023,3,0.102,0.0,1.0,0.0,1.0,0.0,0.0,0.0,1.0,0.0,0.0,0.0,0.0,1.0,0.0,0.0,0.0,1.0,0.050505050505050504,0.3680555555555556,0.28844180225299054,1
0.6596842761989657,0.007683213211250983,0.5354656364574275,0.0,0.0,0.4285714285714286,0.5,2024,4,0.3999,1.0,0.0,0.0,0.0,1.0,0.0,0.0,0.0,0.0,1.0,0.0,0.0,1.0,0.0,1.0,0.0,0.0,0.393939393939394,0.45833333333333326,0.28844180225299054,0
0.7059613126314263,0.47403795200027954,0.5354656364574275,0.0,0.0,0.4285714285714286,0.5,2022,1,0.2057,1.0,0.0,0.0,0.0,1.0,0.0,0.0,0.0,1.0,0.0,1.0,0.0,0.0,0.0,0.0,0.0,1.0,0.393939393939394,0.45833333333333326,0.2436929589308451,1
0.9797769225198698,0.47403795200027954,0.5354656364574275,1.0000000000000004,0.0,0.4285714285714286,0.5,2021,6,0.2057,1.0,0.0,0.0,1.0,0.0,0.0,0.0,1.0,0.0,0.0,0.0,1.0,0.0,0.0,0.0,0.0,1.0,0.393939393939394,0.45833333333333326,0.057459548693782864,1
0.6596842761989657,0.2751698566066043,0.6702053117729241,0.0,1.0,0.4285714285714286,0.5,2020,10,0.3999,0.0,1.0,0.0,1.0,0.0,0.0,0.0,0.0,1.0,0.0,0.0,1.0,0.0,0.0,0.0,0.0,1.0,0.393939393939394,0.45833333333333326,0.28844180225299054,1
0.38823676709842325,0.447517537800759,0.5354656364574275,0.0,1.0,0.4285714285714286,0.5,2020,2,0.185,0.0,0.0,1.0,1.0,0.0,0.0,1.0,0.0,0.0,0.0,0.0,0.0,1.0,1.0,0.0,0.0,0.0,0.393939393939394,0.45833333333333326,0.5826050444903135,0
0.38823676709842325,0.447517537800759,0.5354656364574275,0.0,1.0,0.8285714285714287,0.125,2022,8,0.185,1.0,0.0,0.0,0.0,1.0,0.0,1.0,0.0,0.0,0.0,0.0,1.0,0.0,0.0,0.0,1.0,0.0,0.8282828282828284,0.44444444444444464,0.5826050444903135,0
0.9467678767049003,0.47403795200027954,0.5354656364574275,0.0,0.0,0.4285714285714286,0.5,2021,10,0.2057,0.0,1.0,0.0,0.0,0.0,1.0,0.0,0.0,0.0,1.0,0.0,1.0,0.0,0.0,0.0,1.0,0.0,0.393939393939394,0.45833333333333326,0.038013274281466586,0
0.988998699993175,0.47403795200027954,0.5354656364574275,0.0,0.0,0.4285714285714286,0.5,2024,6,0.3999,1.0,0.0,0.0,0.0,1.0,0.0,0.0,0.0,1.0,0.0,1.0,0.0,0.0,1.0,0.0,0.0,0.0,0.393939393939394,0.45833333333333326,0.007599980034583148,1
0.38823676709842325,0.9475175378007594,0.5354656364574275,0.0,0.0,0.4285714285714286,0.5,2025,5,0.185,1.0,0.0,0.0,0.0,1.0,0.0,0.0,0.0,1.0,0.0,0.0,1.0,0.0,0.0,0.0,1.0,0.0,0.393939393939394,0.45833333333333326,0.5826050444903135,0
0.6596842761989657,0.447517537800759,0.5354656364574275,1.0000000000000004,0.0,0.4285714285714286,0.5,2023,11,0.1074,0.0,0.0,1.0,1.0,0.0,0.0,0.0,0.0,1.0,0.0,1.0,0.0,0.0,0.0,1.0,0.0,0.0,0.393939393939394,0.45833333333333326,0.34478095320423274,0
0.6596842761989657,0.47403795200027954,0.8022862621300737,0.0,0.0,0.4285714285714286,0.5,2020,4,0.3999,0.0,1.0,0.0,0.0,0.0,1.0,1.0,0.0,0.0,0.0,0.0,0.0,1.0,0.0,0.0,1.0,0.0,0.393939393939394,0.45833333333333326,0.28844180225299054,1
0.9383792523906672,0.47403795200027954,0.2807540370648489,1.0000000000000004,1.0,0.4285714285714286,0.5,2023,6,0.3999,0.0,1.0,0.0,1.0,0.0,0.0,0.0,0.0,1.0,0.0,0.0,1.0,0.0,0.0,1.0,0.0,0.0,0.393939393939394,0.45833333333333326,0.09003576391578524,0
0.9296527415680409,0.447517537800759,0.9105384105881384,0.0,1.0,0.4285714285714286,0.5,2025,5,0.2057,0.0,0.0,1.0,1.0,0.0,0.0,0.0,1.0,0.0,0.0,0.0,0.0,1.0,0.0,0.0,1.0,0.0,0.393939393939394,0.45833333333333326,0.050881139834478756,1
0.6596842761989657,0.47403795200027954,0.5354656364574275,1.0000000000000004,1.0,0.6285714285714286,0.9750000000000001,2020,3,0.102,1.0,0.0,0.0,0.0,1.0,0.0,1.0,0.0,0.0,0.0,0.0,0.0,1.0,0.0,0.0,1.0,0.0,0.3434343434343435,0.8194444444444444,0.34478095320423274,1
0.7059613126314263,0.47403795200027954,0.5354656364574275,0.0,0.0,0.4285714285714286,0.5,2022,1,0.3999,0.0,1.0,0.0,1.0,0.0,0.0,0.0,0.0,1.0,0.0,0.0,1.0,0.0,0.0,0.0,0.0,1.0,0.393939393939394,0.45833333333333326,0.2436929589308451,1
0.6596842761989657,0.6944874452053731,0.44638673986166477,0.0,1.0,0.4285714285714286,0.5,2022,11,0.185,0.0,1.0,0.0,1.0,0.0,0.0,1.0,0.0,0.0,0.0,0.0,1.0,0.0,1.0,0.0,0.0,0.0,0.393939393939394,0.45833333333333326,0.28844180225299054,0
0.38823676709842325,0.47403795200027954,0.9903945140699006,0.0,1.0,0.4285714285714286,0.5,2024,3,0.2057,0.0,1.0,0.0,0.0,1.0,0.0,1.0,0.0,0.0,0.0,1.0,0.0,0.0,0.0,1.0,0.0,0.0,0.393939393939394,0.45833333333333326,0.5826050444903135,0
0.38823676709842325,0.47403795200027954,0.2260609770267461,0.0,0.0,0.4285714285714286,0.5,2023,5,0.3999,0.0,1.0,0.0,0.0,1.0,0.0,0.0,0.0,1.0,0.0,1.0,0.0,0.0,0.0,1.0,0.0,0.0,0.393939393939394,0.45833333333333326,0.5826050444903135,0
0.38823676709842325,0.47403795200027954,0.5354656364574275,0.0,1.0,0.4285714285714286,0.5,2025,12,0.185,1.0,0.0,0.0,0.0,1.0,0.0,0.0,0.0,1.0,0.0,0.0,0.0,1.0,1.0,0.0,0.0,0.0,0.393939393939394,0.45833333333333326,0.5826050444903135,0
0.7059613126314263,0.447517537800759,0.5354656364574275,0.0,0.0,0.4285714285714286,0.5,2022,8,0.185,0.0,1.0,0.0,1.0,0.0,0.0,0.0,1.0,0.0,0.0,1.0,0.0,0.0,0.0,0.0,0.0,1.0,0.393939393939394,0.45833333333333326,0.2436929589308451,0
0.38823676709842325,0.7669213192885516,0.5354656364574275,0.0,1.0,0.40000000000000013,0.8500000000000001,2022,6,0.2057,0.0,0.0,1.0,0.0,1.0,0.0,0.0,0.0,1.0,0.0,0.0,0.0,1.0,0.0,0.0,0.0,1.0,0.23232323232323232,0.6388888888888891,0.5826050444903135,0
0.38823676709842325,0.46877930125428247,0.5354656364574275,0.0,0.0,0.10000000000000009,0.125,2023,2,0.185,0.0,1.0,0.0,0.0,1.0,0.0,0.0,0.0,1.0,0.0,1.0,0.0,0.0,0.0,0.0,1.0,0.0,0.31313131313131315,0.0902777777777779,0.5826050444903135,1
0.38823676709842325,0.447517537800759,0.5354656364574275,0.0,0.0,0.4285714285714286,0.5,2024,9,0.185,0.0,1.0,0.0,1.0,0.0,0.0,0.0,1.0,0.0,0.0,0.0,1.0,0.0,0.0,1.0,0.0,0.0,0.393939393939394,0.45833333333333326,0.5826050444903135,1
0.38823676709842325,0.447517537800759,0.941133700598555,0.0,1.0,0.4285714285714286,0.5,2020,5,0.102,1.0,0.0,0.0,1.0,0.0,0.0,1.0,0.0,0.0,0.0,1.0,0.0,0.0,0.0,0.0,1.0,0.0,0.393939393939394,0.45833333333333326,0.5826050444903135,0
0.9296527415680409,0.33533553201709676,0.9807086465701493,1.0000000000000004,0.0,0.4285714285714286,0.5,2020,8,0.3999,1.0,0.0,0.0,0.0,1.0,0.0,0.0,0.0,1.0,0.0,0.0,1.0,0.0,0.0,1.0,0.0,0.0,0.393939393939394,0.45833333333333326,0.09710820977912057,0
0.6596842761989657,0.5795857890691232,0.3158310975377949,0.0,0.0,0.4285714285714286,0.5,2020,12,0.3999,0.0,1.0,0.0,0.0,1.0,0.0,0.0,0.0,1.0,0.0,1.0,0.0,0.0,1.0,0.0,0.0,0.0,0.393939393939394,0.45833333333333326,0.28844180225299054,1
0.6596842761989657,0.06748410479089628,0.5354656364574275,0.0,0.0,0.4285714285714286,0.5,2023,6,0.2057,1.0,0.0,0.0,0.0,1.0,0.0,0.0,0.0,0.0,1.0,0.0,1.0,0.0,0.0,0.0,0.0,1.0,0.393939393939394,0.45833333333333326,0.28844180225299054,1
0.5384272503221113,0.13146597934860837,0.6314043239791136,0.0,0.0,0.8857142857142857,0.6499999999999999,2021,9,0.3999,0.0,1.0,0.0,0.0,0.0,1.0,1.0,0.0,0.0,0.0,0.0,0.0,1.0,1.0,0.0,0.0,0.0,0.6565656565656567,0.7638888888888891,0.41264408810387754,1
0.38823676709842325,0.47403795200027954,0.5354656364574275,0.0,0.0,0.4285714285714286,0.5,2022,1,0.3999,0.0,1.0,0.0,0.0,1.0,0.0,0.0,1.0,0.0,0.0,0.0,1.0,0.0,0.0,1.0,0.0,0.0,0.393939393939394,0.45833333333333326,0.5826050444903135,0
0.7440731378420168,0.47403795200027954,0.5354656364574275,0.0,0.0,0.4285714285714286,0.5,2021,5,0.3999,0.0,1.0,0.0,0.0,1.0,0.0,0.0,0.0,1.0,0.0,1.0,0.0,0.0,1.0,0.0,0.0,0.0,0.393939393939394,0.45833333333333326,0.20797423066790252,0
0.38823676709842325,0.447517537800759,0.5354656364574275,0.0,1.0,0.4285714285714286,0.5,2022,9,0.185,1.0,0.0,0.0,0.0,1.0,0.0,0.0,1.0,0.0,0.0,1.0,0.0,0.0,0.0,1.0,0.0,0.0,0.393939393939394,0.45833333333333326,0.5826050444903135,1
0.38823676709842325,0.3056195945699809,0.5354656364574275,0.0,1.0,0.4285714285714286,0.5,2023,9,0.185,1.0,0.0,0.0,1.0,0.0,0.0,0.0,1.0,0.0,0.0,0.0,1.0,0.0,0.0,0.0,0.0,1.0,0.393939393939394,0.45833333333333326,0.5826050444903135,1
0.6596842761989657,0.447517537800759,0.5354656364574275,0.0,0.0,0.9142857142857141,0.3500000000000001,2020,11,0.3999,1.0,0.0,0.0,1.0,0.0,0.0,0.0,0.0,1.0,0.0,0.0,1.0,0.0,0.0,0.0,0.0,1.0,0.7979797979797981,0.6111111111111114,0.28844180225299054,0
0.38823676709842325,0.47403795200027954,0.5354656364574275,1.0000000000000004,0.0,0.34285714285714297,0.8000000000000003,2023,8,0.3999,0.0,1.0,0.0,0.0,0.0,1.0,0.0,0.0,1.0,0.0,0.0,1.0,0.0,0.0,0.0,0.0,1.0,0.21212121212121213,0.5833333333333333,0.6427439125168093,1
0.6596842761989657,0.447517537800759,0.5354656364574275,1.0000000000000004,1.0,0.4285714285714286,0.5,2020,11,0.3999,0.0,0.0,1.0,1.0,0.0,0.0,0.0,0.0,0.0,1.0,0.0,0.0,1.0,0.0,0.0,1.0,0.0,0.393939393939394,0.45833333333333326,0.34478095320423274,1
0.8683052090642308,0.447517537800759,0.5354656364574275,1.0000000000000004,0.0,0.4285714285714286,0.5,2021,4,0.1074,1.0,0.0,0.0,0.0,0.0,1.0,1.0,0.0,0.0,0.0,1.0,0.0,0.0,0.0,0.0,0.0,1.0,0.393939393939394,0.45833333333333326,0.14870460739277583,0
0.6596842761989657,0.47403795200027954,0.5354656364574275,0.0,0.0,0.7428571428571429,0.9750000000000001,2021,3,0.1074,1.0,0.0,0.0,0.0,0.0,1.0,1.0,0.0,0.0,0.0,0.0,1.0,0.0,0.0,0.0,0.0,1.0,0.42424242424242425,0.8749999999999998,0.28844180225299054,0
0.7059613126314263,0.447517537800759,0.5354656364574275,0.0,0.0,0.4285714285714286,0.5,2024,3,0.3999,0.0,1.0,0.0,1.0,0.0,0.0,1.0,0.0,0.0,0.0,0.0,0.0,1.0,0.0,0.0,0.0,1.0,0.393939393939394,0.45833333333333326,0.2436929589308451,0
0.38823676709842325,0.47403795200027954,0.5354656364574275,0.0,0.0,0.4285714285714286,0.5,2020,4,0.2057,1.0,0.0,0.0,0.0,0.0,1.0,1.0,0.0,0.0,0.0,0.0,0.0,1.0,0.0,1.0,0.0,0.0,0.393939393939394,0.45833333333333326,0.5826050444903135,1
0.6596842761989657,0.447517537800759,0.7199959739199215,0.0,1.0,0.4285714285714286,0.5,2022,7,0.1074,0.0,0.0,1.0,1.0,0.0,0.0,0.0,0.0,1.0,0.0,0.0,1.0,0.0,1.0,0.0,0.0,0.0,0.393939393939394,0.45833333333333326,0.28844180225299054,0
0.6596842761989657,0.47403795200027954,0.5354656364574275,0.0,0.0,0.4285714285714286,0.5,2022,7,0.3999,0.0,1.0,0.0,1.0,0.0,0.0,1.0,0.0,0.0,0.0,1.0,0.0,0.0,0.0,0.0,0.0,1.0,0.393939393939394,0.45833333333333326,0.28844180225299054,1
0.8871587529039012,0.47403795200027954,0.5354656364574275,1.0000000000000004,1.0,0.4285714285714286,0.5,2023,2,0.102,0.0,0.0,1.0,0.0,0.0,1.0,0.0,0.0,1.0,0.0,1.0,0.0,0.0,0.0,0.0,0.0,1.0,0.393939393939394,0.45833333333333326,0.1325100329080017,0
0.38823676709842325,0.47927427295186975,0.08739654977087685,0.0,1.0,0.5857142857142859,0.8500000000000001,2021,10,0.2057,0.0,0.0,1.0,0.0,1.0,0.0,0.0,0.0,0.0,1.0,0.0,0.0,1.0,0.0,0.0,1.0,0.0,0.36363636363636365,0.7291666666666667,0.5826050444903135,1
0.9467678767049003,0.47403795200027954,0.5354656364574275,0.0,0.0,0.4285714285714286,0.5,2023,7,0.2057,1.0,0.0,0.0,0.0,1.0,0.0,0.0,0.0,1.0,0.0,1.0,0.0,0.0,0.0,1.0,0.0,0.0,0.393939393939394,0.45833333333333326,0.038013274281466586,0
0.8942636210657047,0.47403795200027954,0.5354656364574275,0.0,0.0,0.4285714285714286,0.5,2023,2,0.3999,0.0,1.0,0.0,1.0,0.0,0.0,0.0,1.0,0.0,0.0,0.0,1.0,0.0,1.0,0.0,0.0,0.0,0.393939393939394,0.45833333333333326,0.07843276345318692,0
0.38823676709842325,0.11050538862370107,0.5354656364574275,0.0,0.0,0.4285714285714286,0.5,2025,8,0.3999,0.0,1.0,0.0,0.0,1.0,0.0,0.0,0.0,0.0,1.0,1.0,0.0,0.0,0.0,1.0,0.0,0.0,0.393939393939394,0.45833333333333326,0.5826050444903135,1
0.6596842761989657,0.47403795200027954,0.5354656364574275,0.0,1.0,0.4285714285714286,0.5,2021,3,0.185,1.0,0.0,0.0,1.0,0.0,0.0,1.0,0.0,0.0,0.0,0.0,0.0,1.0,0.0,0.0,0.0,1.0,0.393939393939394,0.45833333333333326,0.28844180225299054,0
0.38823676709842325,0.32944935505981254,0.0,0.0,0.0,0.028571428571428692,0.20000000000000018,2021,10,0.3999,0.0,0.0,1.0,1.0,0.0,0.0,1.0,0.0,0.0,0.0,0.0,0.0,1.0,0.0,0.0,0.0,1.0,0.23232323232323232,0.09722222222222232,0.5826050444903135,1
0.38823676709842325,0.447517537800759,0.3329788839402372,0.0,0.0,0.4285714285714286,0.5,2025,10,0.1074,1.0,0.0,0.0,0.0,1.0,0.0,1.0,0.0,0.0,0.0,0.0,1.0,0.0,0.0,1.0,0.0,0.0,0.393939393939394,0.45833333333333326,0.5826050444903135,1
0.7059613126314263,0.447517537800759,0.5354656364574275,0.0,0.0,0.4285714285714286,0.5,2025,6,0.185,1.0,0.0,0.0,1.0,0.0,0.0,0.0,1.0,0.0,0.0,0.0,1.0,0.0,0.0,1.0,0.0,0.0,0.393939393939394,0.45833333333333326,0.2436929589308451,0
0.8942636210657047,0.47403795200027954,0.5354656364574275,1.0000000000000004,0.0,0.4285714285714286,0.5,2023,8,0.102,0.0,0.0,1.0,1.0,0.0,0.0,0.0,0.0,0.0,1.0,0.0,1.0,0.0,1.0,0.0,0.0,0.0,0.393939393939394,0.45833333333333326,0.12648305717889327,0
0.6596842761989657,0.06748410479089628,0.5354656364574275,0.0,0.0,0.4285714285714286,0.5,2023,6,0.2057,1.0,0.0,0.0,0.0,1.0,0.0,0.0,0.0,0.0,1.0,0.0,1.0,0.0,0.0,0.0,0.0,1.0,0.393939393939394,0.45833333333333326,0.28844180225299054,1
0.38823676709842325,0.25653244797659136,0.8684445203976638,0.0,0.0,0.4285714285714286,0.5,2023,9,0.185,0.0,1.0,0.0,0.0,0.0,1.0,0.0,0.0,0.0,1.0,1.0,0.0,0.0,0.0,0.0,0.0,1.0,0.393939393939394,0.45833333333333326,0.5826050444903135,0
0.6596842761989657,0.15887047894710626,0.5354656364574275,0.0,0.0,0.4285714285714286,0.5,2020,2,0.3999,0.0,1.0,0.0,0.0,0.0,1.0,0.0,0.0,0.0,1.0,0.0,0.0,1.0,0.0,0.0,0.0,1.0,0.393939393939394,0.45833333333333326,0.28844180225299054,1
0.7059613126314263,0.9258827419822375,0.5354656364574275,0.0,0.0,0.4285714285714286,0.5,2021,12,0.3999,1.0,0.0,0.0,1.0,0.0,0.0,0.0,1.0,0.0,0.0,0.0,1.0,0.0,1.0,0.0,0.0,0.0,0.393939393939394,0.45833333333333326,0.2436929589308451,0
0.38823676709842325,0.447517537800759,0.7441104797203657,0.0,0.0,0.4285714285714286,0.5,2023,4,0.3999,0.0,1.0,0.0,1.0,0.0,0.0,1.0,0.0,0.0,0.0,0.0,0.0,1.0,0.0,0.0,0.0,1.0,0.393939393939394,0.45833333333333326,0.5826050444903135,0
0.38823676709842325,0.447517537800759,0.5354656364574275,0.0,0.0,0.4285714285714286,0.5,2020,7,0.2057,0.0,1.0,0.0,0.0,1.0,0.0,0.0,0.0,0.0,1.0,1.0,0.0,0.0,0.0,1.0,0.0,0.0,0.393939393939394,0.45833333333333326,0.5826050444903135,1
0.38823676709842325,0.5102336830577312,0.5354656364574275,0.0,0.0,0.4285714285714286,0.5,2021,3,0.185,0.0,1.0,0.0,0.0,1.0,0.0,1.0,0.0,0.0,0.0,1.0,0.0,0.0,0.0,1.0,0.0,0.0,0.393939393939394,0.45833333333333326,0.5826050444903135,0
0.7059613126314263,0.447517537800759,0.5354656364574275,0.0,0.0,0.4285714285714286,0.5,2024,7,0.1074,1.0,0.0,0.0,0.0,0.0,1.0,0.0,0.0,0.0,1.0,0.0,1.0,0.0,0.0,0.0,0.0,1.0,0.393939393939394,0.45833333333333326,0.2436929589308451,0
0.6793959560724938,0.447517537800759,0.4151022837625655,0.0,0.0,0.4285714285714286,0.5,2025,11,0.3999,0.0,0.0,1.0,0.0,0.0,1.0,1.0,0.0,0.0,0.0,1.0,0.0,0.0,0.0,0.0,0.0,1.0,0.393939393939394,0.45833333333333326,0.26920028773358684,1
0.7059613126314263,0.447517537800759,0.5354656364574275,0.0,0.0,0.4285714285714286,0.5,2022,11,0.3999,0.0,0.0,1.0,1.0,0.0,0.0,0.0,0.0,0.0,1.0,1.0,0.0,0.0,0.0,0.0,0.0,1.0,0.393939393939394,0.45833333333333326,0.2436929589308451,0
0.7059613126314263,0.47403795200027954,0.5354656364574275,1.0000000000000004,0.0,0.4285714285714286,0.5,2023,11,0.3999,0.0,1.0,0.0,0.0,1.0,0.0,0.0,0.0,0.0,1.0,1.0,0.0,0.0,1.0,0.0,0.0,0.0,0.393939393939394,0.45833333333333326,0.29887056355028807,1
0.7059613126314263,0.9722875589012907,0.5354656364574275,0.0,0.0,0.4285714285714286,0.5,2021,12,0.3999,1.0,0.0,0.0,0.0,0.0,1.0,1.0,0.0,0.0,0.0,0.0,1.0,0.0,0.0,0.0,1.0,0.0,0.393939393939394,0.45833333333333326,0.2436929589308451,0
0.7059613126314263,0.47403795200027954,0.3498763287364808,0.0,0.0,0.4285714285714286,0.5,2023,5,0.185,0.0,0.0,1.0,1.0,0.0,0.0,0.0,0.0,1.0,0.0,1.0,0.0,0.0,0.0,0.0,0.0,1.0,0.393939393939394,0.45833333333333326,0.2436929589308451,1
0.38823676709842325,0.47403795200027954,0.16865477869575418,0.0,0.0,0.4285714285714286,0.5,2022,5,0.2057,0.0,0.0,1.0,0.0,1.0,0.0,1.0,0.0,0.0,0.0,0.0,0.0,1.0,0.0,0.0,0.0,1.0,0.393939393939394,0.45833333333333326,0.5826050444903135,1
0.23804628387473534,0.47403795200027954,0.5354656364574275,1.0000000000000004,0.0,0.4285714285714286,0.5,2021,10,0.3999,1.0,0.0,0.0,0.0,1.0,0.0,0.0,0.0,0.0,1.0,0.0,0.0,1.0,0.0,0.0,0.0,1.0,0.393939393939394,0.45833333333333326,0.8455030573500119,0
0.7764735341968465,0.47403795200027954,0.2807540370648489,0.0,0.0,0.4285714285714286,0.5,2021,12,0.1074,0.0,1.0,0.0,1.0,0.0,0.0,1.0,0.0,0.0,0.0,0.0,1.0,0.0,1.0,0.0,0.0,0.0,0.393939393939394,0.45833333333333326,0.1784549672789428,0
0.38823676709842325,0.47403795200027954,0.0,0.0,0.0,0.05714285714285716,0.40000000000000013,2024,7,0.1074,1.0,0.0,0.0,1.0,0.0,0.0,0.0,0.0,0.0,1.0,1.0,0.0,0.0,0.0,0.0,0.0,1.0,0.1717171717171717,0.22222222222222232,0.5826050444903135,1
0.38823676709842325,0.02290750202848546,0.7321160261480628,0.0,0.0,0.4285714285714286,0.5,2024,3,0.185,0.0,1.0,0.0,1.0,0.0,0.0,0.0,0.0,1.0,0.0,0.0,1.0,0.0,0.0,1.0,0.0,0.0,0.393939393939394,0.45833333333333326,0.5826050444903135,0
0.7059613126314263,0.447517537800759,0.7321160261480628,1.0000000000000004,0.0,0.4285714285714286,0.5,2022,2,0.3999,0.0,0.0,1.0,0.0,1.0,0.0,1.0,0.0,0.0,0.0,1.0,0.0,0.0,0.0,1.0,0.0,0.0,0.393939393939394,0.45833333333333326,0.29887056355028807,1
0.8199546729298165,0.47403795200027954,0.9310248641879211,0.0,0.0,0.11428571428571432,0.9250000000000003,2023,7,0.185,1.0,0.0,0.0,1.0,0.0,0.0,0.0,0.0,1.0,0.0,0.0,1.0,0.0,0.0,0.0,0.0,1.0,0.0,0.5416666666666667,0.1401398181181376,1
0.38823676709842325,0.447517537800759,0.5354656364574275,0.0,0.0,0.4285714285714286,0.5,2023,11,0.2057,0.0,0.0,1.0,1.0,0.0,0.0,1.0,0.0,0.0,0.0,0.0,1.0,0.0,1.0,0.0,0.0,0.0,0.393939393939394,0.45833333333333326,0.5826050444903135,1
0.38823676709842325,0.47403795200027954,0.20724016540637713,1.0000000000000004,1.0,0.4285714285714286,0.5,2020,5,0.2057,1.0,0.0,0.0,0.0,1.0,0.0,1.0,0.0,0.0,0.0,0.0,1.0,0.0,1.0,0.0,0.0,0.0,0.393939393939394,0.45833333333333326,0.6427439125168093,0
0.38823676709842325,0.47403795200027954,0.5354656364574275,0.0,1.0,0.028571428571428692,0.42500000000000004,2023,3,0.3999,0.0,0.0,1.0,1.0,0.0,0.0,0.0,0.0,1.0,0.0,0.0,1.0,0.0,0.0,0.0,1.0,0.0,0.1414141414141414,0.22222222222222232,0.5826050444903135,0
0.7059613126314263,0.47403795200027954,0.24458064270766489,0.0,1.0,0.4285714285714286,0.5,2022,8,0.3999,0.0,1.0,0.0,1.0,0.0,0.0,1.0,0.0,0.0,0.0,0.0,1.0,0.0,0.0,0.0,1.0,0.0,0.393939393939394,0.45833333333333326,0.2436929589308451,1
0.38823676709842325,0.11753191322556367,0.5354656364574275,0.0,0.0,0.15714285714285725,0.375,2020,10,0.2057,1.0,0.0,0.0,0.0,0.0,1.0,0.0,0.0,1.0,0.0,0.0,1.0,0.0,1.0,0.0,0.0,0.0,0.25252525252525254,0.25694444444444464,0.5826050444903135,1
0.6596842761989657,0.47403795200027954,0.5354656364574275,0.0,0.0,0.8571428571428572,0.30000000000000004,2025,6,0.3999,0.0,0.0,1.0,0.0,0.0,1.0,0.0,1.0,0.0,0.0,0.0,0.0,1.0,0.0,0.0,0.0,1.0,0.7777777777777779,0.5555555555555556,0.28844180225299054,0
0.7703694949060205,0.47403795200027954,0.5354656364574275,0.0,1.0,0.4285714285714286,0.5,2025,6,0.185,1.0,0.0,0.0,1.0,0.0,0.0,1.0,0.0,0.0,0.0,0.0,1.0,0.0,0.0,1.0,0.0,0.0,0.393939393939394,0.45833333333333326,0.18395476650789314,1
0.38823676709842325,0.47403795200027954,0.476847824478952,0.0,0.0,0.4285714285714286,0.5,2023,9,0.3999,1.0,0.0,0.0,0.0,0.0,1.0,0.0,0.0,1.0,0.0,0.0,1.0,0.0,0.0,0.0,0.0,1.0,0.393939393939394,0.45833333333333326,0.5826050444903135,0
0.6596842761989657,0.8586032361019442,0.5354656364574275,0.0,0.0,0.4285714285714286,0.5,2022,12,0.2057,0.0,0.0,1.0,1.0,0.0,0.0,0.0,1.0,0.0,0.0,1.0,0.0,0.0,0.0,0.0,0.0,1.0,0.393939393939394,0.45833333333333326,0.28844180225299054,1
0.5384272503221113,0.447517537800759,0.5354656364574275,0.0,0.0,0.4285714285714286,0.5,2025,4,0.102,0.0,1.0,0.0,0.0,1.0,0.0,0.0,0.0,1.0,0.0,0.0,0.0,1.0,0.0,0.0,0.0,1.0,0.393939393939394,0.45833333333333326,0.41264408810387754,0
0.7059613126314263,0.47403795200027954,0.5354656364574275,0.0,0.0,0.4285714285714286,0.5,2024,8,0.185,0.0,0.0,1.0,1.0,0.0,0.0,0.0,0.0,1.0,0.0,1.0,0.0,0.0,0.0,0.0,1.0,0.0,0.393939393939394,0.45833333333333326,0.2436929589308451,1
0.6596842761989657,0.47403795200027954,0.5354656364574275,0.0,0.0,0.4285714285714286,0.5,2023,10,0.3999,0.0,1.0,0.0,0.0,0.0,1.0,0.0,0.0,1.0,0.0,0.0,1.0,0.0,0.0,1.0,0.0,0.0,0.393939393939394,0.45833333333333326,0.28844180225299054,1
0.7059613126314263,0.47403795200027954,0.5354656364574275,0.0,0.0,0.4285714285714286,0.5,2020,4,0.3999,1.0,0.0,0.0,0.0,1.0,0.0,0.0,0.0,1.0,0.0,1.0,0.0,0.0,0.0,0.0,0.0,1.0,0.393939393939394,0.45833333333333326,0.2436929589308451,0
0.7059613126314263,0.47403795200027954,1.0,0.0,0.0,0.5,0.27500000000000013,2020,3,0.185,1.0,0.0,0.0,1.0,0.0,0.0,0.0,1.0,0.0,0.0,1.0,0.0,0.0,1.0,0.0,0.0,0.0,0.5353535353535355,0.3680555555555556,0.2436929589308451,0
0.5384272503221113,0.47403795200027954,0.9903945140699006,0.0,0.0,0.4285714285714286,0.5,2025,3,0.3999,1.0,0.0,0.0,1.0,0.0,0.0,0.0,1.0,0.0,0.0,0.0,1.0,0.0,0.0,0.0,1.0,0.0,0.393939393939394,0.45833333333333326,0.41264408810387754,1
0.38823676709842325,0.47403795200027954,0.5354656364574275,0.0,1.0,0.4285714285714286,0.5,2021,1,0.1074,0.0,1.0,0.0,1.0,0.0,0.0,0.0,1.0,0.0,0.0,1.0,0.0,0.0,0.0,0.0,1.0,0.0,0.393939393939394,0.45833333333333326,0.5826050444903135,1
0.897730560073701,0.47403795200027954,0.5354656364574275,0.0,0.0,0.41428571428571437,0.375,2024,8,0.3999,0.0,0.0,1.0,0.0,0.0,1.0,0.0,1.0,0.0,0.0,1.0,0.0,0.0,0.0,0.0,0.0,1.0,0.43434343434343436,0.38194444444444464,0.07567887812750071,1
0.6596842761989657,0.47403795200027954,0.5354656364574275,0.0,0.0,0.4285714285714286,0.5,2024,12,0.3999,1.0,0.0,0.0,1.0,0.0,0.0,0.0,1.0,0.0,0.0,0.0,0.0,1.0,1.0,0.0,0.0,0.0,0.393939393939394,0.45833333333333326,0.28844180225299054,1
0.6596842761989657,0.47403795200027954,0.5354656364574275,0.0,0.0,0.4285714285714286,0.5,2020,3,0.3999,1.0,0.0,0.0,1.0,0.0,0.0,1.0,0.0,0.0,0.0,1.0,0.0,0.0,0.0,1.0,0.0,0.0,0.393939393939394,0.45833333333333326,0.28844180225299054,0
0.7059613126314263,0.447517537800759,0.5354656364574275,0.0,0.0,0.9571428571428573,0.2250000000000001,2024,9,0.102,0.0,1.0,0.0,1.0,0.0,0.0,1.0,0.0,0.0,0.0,1.0,0.0,0.0,1.0,0.0,0.0,0.0,0.8787878787878789,0.5624999999999998,0.2436929589308451,0
0.6974630051635802,0.8814400319160698,0.3829487047303832,0.0,1.0,0.4285714285714286,0.5,2022,7,0.185,0.0,0.0,1.0,0.0,0.0,1.0,0.0,0.0,1.0,0.0,0.0,0.0,1.0,0.0,1.0,0.0,0.0,0.393939393939394,0.45833333333333326,0.25179922909303964,0
0.7059613126314263,0.47403795200027954,0.5354656364574275,0.0,1.0,0.4285714285714286,0.5,2022,4,0.2057,1.0,0.0,0.0,0.0,0.0,1.0,0.0,0.0,0.0,1.0,1.0,0.0,0.0,0.0,0.0,0.0,1.0,0.393939393939394,0.45833333333333326,0.2436929589308451,1
0.7059613126314263,0.47403795200027954,0.3665306363799026,0.0,0.0,0.642857142857143,0.0,2023,10,0.185,1.0,0.0,0.0,0.0,0.0,1.0,0.0,1.0,0.0,0.0,1.0,0.0,0.0,1.0,0.0,0.0,0.0,0.7474747474747476,0.2847222222222223,0.2436929589308451,1
0.9821194217167522,0.47403795200027954,0.5354656364574275,1.0000000000000004,0.0,0.4285714285714286,0.5,2022,10,0.1074,0.0,1.0,0.0,1.0,0.0,0.0,0.0,0.0,1.0,0.0,1.0,0.0,0.0,0.0,1.0,0.0,0.0,0.393939393939394,0.45833333333333326,0.05566594341678102,1
0.49892198580547814,0.447517537800759,0.5354656364574275,1.0000000000000004,0.0,0.4285714285714286,0.5,2021,6,0.1074,0.0,0.0,1.0,1.0,0.0,0.0,0.0,1.0,0.0,0.0,1.0,0.0,0.0,0.0,0.0,1.0,0.0,0.393939393939394,0.45833333333333326,0.5144643297858074,1
0.38823676709842325,0.19229127057113082,0.5354656364574275,0.0,0.0,0.4285714285714286,0.5,2020,1,0.3999,0.0,0.0,1.0,1.0,0.0,0.0,1.0,0.0,0.0,0.0,0.0,1.0,0.0,0.0,0.0,1.0,0.0,0.393939393939394,0.45833333333333326,0.5826050444903135,0
0.5557708294077383,0.47403795200027954,0.5354656364574275,0.0,0.0,0.4285714285714286,0.5,2023,10,0.3999,1.0,0.0,0.0,0.0,0.0,1.0,0.0,0.0,1.0,0.0,1.0,0.0,0.0,0.0,1.0,0.0,0.0,0.393939393939394,0.45833333333333326,0.39425060470370465,1
0.6596842761989657,0.47403795200027954,0.5354656364574275,0.0,0.0,0.4285714285714286,0.5,2023,2,0.3999,1.0,0.0,0.0,1.0,0.0,0.0,1.0,0.0,0.0,0.0,1.0,0.0,0.0,0.0,0.0,0.0,1.0,0.393939393939394,0.45833333333333326,0.28844180225299054,0
0.9440075965061615,0.6988680953936748,0.5354656364574275,1.0000000000000004,1.0,0.6857142857142857,0.07500000000000018,2024,12,0.3999,0.0,0.0,1.0,0.0,0.0,1.0,1.0,0.0,0.0,0.0,1.0,0.0,0.0,0.0,0.0,0.0,1.0,0.7474747474747476,0.3472222222222223,0.08551133303964578,0
0.9934664678721488,0.447517537800759,0.5354656364574275,0.0,0.0,0.4285714285714286,0.5,2021,5,0.185,0.0,1.0,0.0,0.0,1.0,0.0,0.0,1.0,0.0,0.0,0.0,0.0,1.0,0.0,0.0,0.0,1.0,0.393939393939394,0.45833333333333326,0.004497121634643941,0
0.6596842761989657,0.7586172358462506,0.5354656364574275,0.0,0.0,0.2571428571428571,0.7000000000000002,2021,1,0.2057,1.0,0.0,0.0,0.0,1.0,0.0,0.0,0.0,0.0,1.0,1.0,0.0,0.0,1.0,0.0,0.0,0.0,0.19191919191919193,0.4861111111111114,0.28844180225299054,0
0.8942636210657047,0.47403795200027954,0.5496677092603841,0.0,1.0,0.4285714285714286,0.5,2024,4,0.3999,0.0,1.0,0.0,0.0,0.0,1.0,0.0,0.0,1.0,0.0,0.0,1.0,0.0,0.0,0.0,0.0,1.0,0.393939393939394,0.45833333333333326,0.07843276345318692,0
0.38823676709842325,0.5453972146881942,0.5354656364574275,0.0,0.0,0.4285714285714286,0.5,2020,2,0.1074,0.0,1.0,0.0,0.0,0.0,1.0,0.0,0.0,0.0,1.0,0.0,1.0,0.0,0.0,1.0,0.0,0.0,0.393939393939394,0.45833333333333326,0.5826050444903135,0
0.7059613126314263,0.47403795200027954,0.5354656364574275,0.0,0.0,0.4285714285714286,0.5,2022,5,0.2057,0.0,1.0,0.0,1.0,0.0,0.0,1.0,0.0,0.0,0.0,0.0,1.0,0.0,0.0,0.0,0.0,1.0,0.393939393939394,0.45833333333333326,0.2436929589308451,0
0.6596842761989657,0.8738746601432186,0.6444830440585729,0.0,0.0,0.4285714285714286,0.5,2023,2,0.2057,0.0,1.0,0.0,0.0,1.0,0.0,0.0,0.0,1.0,0.0,1.0,0.0,0.0,0.0,0.0,1.0,0.0,0.393939393939394,0.45833333333333326,0.28844180225299054,0
0.5195737064824407,0.47403795200027954,0.5354656364574275,0.0,0.0,0.4285714285714286,0.5,2023,11,0.1074,1.0,0.0,0.0,0.0,0.0,1.0,0.0,0.0,1.0,0.0,1.0,0.0,0.0,0.0,0.0,1.0,0.0,0.393939393939394,0.45833333333333326,0.4328924311374578,0
0.757619990357176,0.38144003191607023,0.5354656364574275,1.0000000000000004,1.0,0.4285714285714286,0.5,2023,8,0.3999,0.0,1.0,0.0,1.0,0.0,0.0,1.0,0.0,0.0,0.0,1.0,0.0,0.0,0.0,0.0,0.0,1.0,0.393939393939394,0.45833333333333326,0.249164910407265,1
0.7059613126314263,0.47403795200027954,0.5354656364574275,1.0000000000000004,0.0,0.4285714285714286,0.5,2024,3,0.185,0.0,0.0,1.0,0.0,1.0,0.0,1.0,0.0,0.0,0.0,0.0,1.0,0.0,1.0,0.0,0.0,0.0,0.393939393939394,0.45833333333333326,0.29887056355028807,1
0.7059613126314263,0.47403795200027954,0.022475549143011975,0.0,0.0,0.4285714285714286,0.5,2025,3,0.2057,0.0,0.0,1.0,1.0,0.0,0.0,0.0,1.0,0.0,0.0,1.0,0.0,0.0,1.0,0.0,0.0,0.0,0.393939393939394,0.45833333333333326,0.2436929589308451,0
0.7824103183150795,0.47403795200027954,0.5354656364574275,0.0,0.0,0.4285714285714286,0.5,2023,11,0.185,0.0,0.0,1.0,0.0,0.0,1.0,0.0,0.0,1.0,0.0,1.0,0.0,0.0,0.0,0.0,0.0,1.0,0.393939393939394,0.45833333333333326,0.17313381693596927,1
0.38823676709842325,0.47403795200027954,0.5354656364574275,1.0000000000000004,0.0,0.47142857142857153,0.8250000000000002,2025,1,0.3999,0.0,1.0,0.0,0.0,0.0,1.0,1.0,0.0,0.0,0.0,0.0,1.0,0.0,1.0,0.0,0.0,0.0,0.29292929292929293,0.6597222222222221,0.6427439125168093,1
0.9600652426463415,0.47403795200027954,0.5354656364574275,0.0,0.0,0.4285714285714286,0.5,2021,9,0.3999,0.0,1.0,0.0,0.0,0.0,1.0,0.0,1.0,0.0,0.0,0.0,1.0,0.0,1.0,0.0,0.0,0.0,0.393939393939394,0.45833333333333326,0.028228587237241004,1
0.38823676709842325,0.447517537800759,0.779365623801902,0.0,0.0,0.4285714285714286,0.5,2020,7,0.185,0.0,0.0,1.0,1.0,0.0,0.0,0.0,0.0,1.0,0.0,1.0,0.0,0.0,1.0,0.0,0.0,0.0,0.393939393939394,0.45833333333333326,0.5826050444903135,0
0.7059613126314263,0.47403795200027954,0.5210871358800633,0.0,0.0,0.4285714285714286,0.5,2020,12,0.3999,1.0,0.0,0.0,1.0,0.0,0.0,0.0,0.0,0.0,1.0,0.0,1.0,0.0,0.0,1.0,0.0,0.0,0.393939393939394,0.45833333333333326,0.2436929589308451,1
0.7059613126314263,0.447517537800759,0.5354656364574275,0.0,0.0,0.4285714285714286,0.5,2023,12,0.3999,1.0,0.0,0.0,0.0,0.0,1.0,0.0,0.0,0.0,1.0,1.0,0.0,0.0,0.0,0.0,1.0,0.0,0.393939393939394,0.45833333333333326,0.2436929589308451,0
0.38823676709842325,0.19229127057113082,0.5354656364574275,1.0000000000000004,0.0,0.4285714285714286,0.5,2025,4,0.2057,0.0,0.0,1.0,0.0,1.0,0.0,0.0,0.0,1.0,0.0,1.0,0.0,0.0,0.0,1.0,0.0,0.0,0.393939393939394,0.45833333333333326,0.6427439125168093,0
0.6596842761989657,0.47403795200027954,0.5210871358800633,0.0,0.0,0.4285714285714286,0.5,2024,10,0.3999,0.0,0.0,1.0,0.0,0.0,1.0,0.0,0.0,0.0,1.0,1.0,0.0,0.0,0.0,0.0,1.0,0.0,0.393939393939394,0.45833333333333326,0.28844180225299054,1
0.897730560073701,0.47403795200027954,0.8896828119009514,0.0,0.0,0.4285714285714286,0.5,2020,6,0.185,1.0,0.0,0.0,0.0,0.0,1.0,0.0,0.0,1.0,0.0,0.0,1.0,0.0,1.0,0.0,0.0,0.0,0.393939393939394,0.45833333333333326,0.07567887812750071,0
0.38823676709842325,0.47403795200027954,0.6702053117729241,0.0,0.0,0.4285714285714286,0.5,2021,12,0.185,0.0,1.0,0.0,1.0,0.0,0.0,1.0,0.0,0.0,0.0,0.0,1.0,0.0,0.0,0.0,0.0,1.0,0.393939393939394,0.45833333333333326,0.5826050444903135,0
0.7059613126314263,0.447517537800759,0.5354656364574275,0.0,0.0,0.4285714285714286,0.5,2021,5,0.185,0.0,0.0,1.0,0.0,0.0,1.0,0.0,0.0,1.0,0.0,0.0,1.0,0.0,1.0,0.0,0.0,0.0,0.393939393939394,0.45833333333333326,0.2436929589308451,0
0.38823676709842325,0.24394915786088633,0.5354656364574275,0.0,0.0,0.4285714285714286,0.5,2021,10,0.1074,0.0,1.0,0.0,0.0,0.0,1.0,0.0,0.0,0.0,1.0,0.0,0.0,1.0,0.0,0.0,1.0,0.0,0.393939393939394,0.45833333333333326,0.5826050444903135,0
0.7440731378420168,0.28132025205531574,0.5354656364574275,1.0000000000000004,0.0,0.4285714285714286,0.5,2021,9,0.3999,1.0,0.0,0.0,0.0,0.0,1.0,0.0,1.0,0.0,0.0,1.0,0.0,0.0,0.0,0.0,0.0,1.0,0.393939393939394,0.45833333333333326,0.262037443893098,1
0.7059613126314263,0.47403795200027954,0.5354656364574275,0.0,1.0,0.4285714285714286,0.5,2020,11,0.2057,1.0,0.0,0.0,1.0,0.0,0.0,1.0,0.0,0.0,0.0,0.0,1.0,0.0,0.0,0.0,1.0,0.0,0.393939393939394,0.45833333333333326,0.2436929589308451,1
0.38823676709842325,0.47403795200027954,0.5354656364574275,0.0,0.0,1.0,0.30000000000000004,2021,11,0.3999,0.0,1.0,0.0,1.0,0.0,0.0,0.0,0.0,0.0,1.0,1.0,0.0,0.0,0.0,0.0,0.0,1.0,0.8787878787878789,0.6249999999999998,0.5826050444903135,1
0.38823676709842325,0.47403795200027954,0.5354656364574275,0.0,0.0,0.6000000000000001,0.625,2023,4,0.3999,1.0,0.0,0.0,1.0,0.0,0.0,0.0,0.0,0.0,1.0,0.0,0.0,1.0,0.0,1.0,0.0,0.0,0.4646464646464647,0.6111111111111114,0.5826050444903135,1
0.6596842761989657,0.7669213192885516,0.5354656364574275,1.0000000000000004,0.0,0.4285714285714286,0.5,2024,2,0.102,0.0,0.0,1.0,0.0,1.0,0.0,1.0,0.0,0.0,0.0,0.0,0.0,1.0,1.0,0.0,0.0,0.0,0.393939393939394,0.45833333333333326,0.34478095320423274,0
0.38823676709842325,0.447517537800759,0.5354656364574275,0.0,1.0,0.4285714285714286,0.5,2022,7,0.3999,0.0,1.0,0.0,0.0,0.0,1.0,1.0,0.0,0.0,0.0,0.0,0.0,1.0,0.0,0.0,0.0,1.0,0.393939393939394,0.45833333333333326,0.5826050444903135,1
0.714138851624206,0.47403795200027954,0.5354656364574275,0.0,0.0,0.41428571428571437,0.875,2022,10,0.1074,1.0,0.0,0.0,0.0,0.0,1.0,1.0,0.0,0.0,0.0,0.0,1.0,0.0,0.0,0.0,0.0,1.0,0.23232323232323232,0.6597222222222221,0.2359408109631382,1
0.9651638088320625,0.447517537800759,0.8022862621300737,0.0,0.0,0.4285714285714286,0.5,2021,3,0.2057,1.0,0.0,0.0,0.0,1.0,0.0,0.0,0.0,1.0,0.0,0.0,0.0,1.0,0.0,1.0,0.0,0.0,0.393939393939394,0.45833333333333326,0.02452710764844343,1
0.6596842761989657,0.447517537800759,0.9511550135177673,0.0,0.0,0.4285714285714286,0.5,2025,2,0.2057,0.0,0.0,1.0,0.0,1.0,0.0,1.0,0.0,0.0,0.0,0.0,1.0,0.0,0.0,1.0,0.0,0.0,0.393939393939394,0.45833333333333326,0.28844180225299054,0
0.6596842761989657,0.47403795200027954,0.5354656364574275,1.0000000000000004,0.0,0.4285714285714286,0.5,2025,9,0.185,0.0,0.0,1.0,1.0,0.0,0.0,0.0,0.0,0.0,1.0,1.0,0.0,0.0,0.0,1.0,0.0,0.0,0.393939393939394,0.45833333333333326,0.34478095320423274,0
0.9750145535549487,0.47403795200027954,0.5354656364574275,0.0,0.0,0.4285714285714286,0.5,2022,7,0.3999,0.0,0.0,1.0,0.0,1.0,0.0,0.0,0.0,1.0,0.0,0.0,1.0,0.0,0.0,0.0,0.0,1.0,0.393939393939394,0.45833333333333326,0.017455542501302573,1
0.38823676709842325,0.47403795200027954,0.8468092285777598,0.0,0.0,0.10000000000000009,0.10000000000000009,2022,6,0.3999,0.0,0.0,1.0,0.0,1.0,0.0,1.0,0.0,0.0,0.0,0.0,1.0,0.0,0.0,0.0,0.0,1.0,0.32323232323232326,0.07638888888888906,0.5826050444903135,0
0.45057144967106383,0.47403795200027954,0.5354656364574275,0.0,0.0,0.4285714285714286,0.5,2023,10,0.3999,0.0,0.0,1.0,0.0,1.0,0.0,0.0,0.0,1.0,0.0,0.0,0.0,1.0,0.0,0.0,0.0,1.0,0.393939393939394,0.45833333333333326,0.5094629413016346,0
0.4760925677494707,0.447517537800759,0.5354656364574275,0.0,0.0,0.4285714285714286,0.5,2024,8,0.3999,0.0,0.0,1.0,1.0,0.0,0.0,1.0,0.0,0.0,0.0,0.0,1.0,0.0,0.0,0.0,0.0,1.0,0.393939393939394,0.45833333333333326,0.4806632293150592,1
0.38823676709842325,0.47403795200027954,0.5354656364574275,0.0,1.0,0.4285714285714286,0.5,2022,2,0.3999,1.0,0.0,0.0,1.0,0.0,0.0,0.0,1.0,0.0,0.0,1.0,0.0,0.0,0.0,1.0,0.0,0.0,0.393939393939394,0.45833333333333326,0.5826050444903135,1
0.38823676709842325,0.447517537800759,0.5354656364574275,0.0,0.0,0.3571428571428572,0.40000000000000013,2021,5,0.2057,0.0,0.0,1.0,1.0,0.0,0.0,1.0,0.0,0.0,0.0,1.0,0.0,0.0,0.0,0.0,0.0,1.0,0.38383838383838387,0.3680555555555556,0.5826050444903135,0
0.7059613126314263,0.7915032309033729,0.5354656364574275,0.0,1.0,0.7571428571428571,0.5750000000000002,2024,7,0.3999,0.0,1.0,0.0,0.0,1.0,0.0,1.0,0.0,0.0,0.0,0.0,1.0,0.0,0.0,0.0,1.0,0.0,0.595959595959596,0.6597222222222221,0.2436929589308451,1
0.6596842761989657,0.7915032309033729,0.5354656364574275,1.0000000000000004,0.0,0.4285714285714286,0.5,2021,3,0.1074,1.0,0.0,0.0,0.0,0.0,1.0,0.0,0.0,0.0,1.0,1.0,0.0,0.0,0.0,0.0,1.0,0.0,0.393939393939394,0.45833333333333326,0.34478095320423274,0
0.8295864392961818,0.4948511335168124,0.5354656364574275,0.0,0.0,0.4285714285714286,0.5,2024,5,0.3999,0.0,1.0,0.0,1.0,0.0,0.0,0.0,0.0,1.0,0.0,1.0,0.0,0.0,0.0,0.0,0.0,1.0,0.393939393939394,0.45833333333333326,0.13186421916498706,0
0.7059613126314263,0.447517537800759,0.5354656364574275,0.0,0.0,0.4285714285714286,0.5,2021,12,0.185,0.0,0.0,1.0,0.0,0.0,1.0,0.0,0.0,1.0,0.0,0.0,1.0,0.0,0.0,0.0,0.0,1.0,0.393939393939394,0.45833333333333326,0.2436929589308451,0
0.6596842761989657,0.6128520148907115,0.6702053117729241,0.0,0.0,0.4285714285714286,0.5,2022,11,0.102,1.0,0.0,0.0,0.0,1.0,0.0,0.0,0.0,0.0,1.0,1.0,0.0,0.0,1.0,0.0,0.0,0.0,0.393939393939394,0.45833333333333326,0.28844180225299054,1
0.7059613126314263,0.47403795200027954,0.5354656364574275,0.0,1.0,0.4285714285714286,0.5,2022,5,0.3999,0.0,1.0,0.0,1.0,0.0,0.0,0.0,0.0,1.0,0.0,0.0,1.0,0.0,0.0,0.0,0.0,1.0,0.393939393939394,0.45833333333333326,0.2436929589308451,1
0.7059613126314263,0.47403795200027954,0.20724016540637713,0.0,0.0,0.9428571428571431,0.8250000000000002,2024,3,0.2057,0.0,0.0,1.0,1.0,0.0,0.0,1.0,0.0,0.0,0.0,0.0,1.0,0.0,0.0,0.0,0.0,1.0,0.6262626262626264,0.8888888888888891,0.2436929589308451,1
0.6596842761989657,0.447517537800759,0.5354656364574275,0.0,1.0,0.4285714285714286,0.5,2025,4,0.1074,0.0,0.0,1.0,1.0,0.0,0.0,0.0,1.0,0.0,0.0,1.0,0.0,0.0,1.0,0.0,0.0,0.0,0.393939393939394,0.45833333333333326,0.28844180225299054,1
0.38823676709842325,0.47403795200027954,0.5354656364574275,1.0000000000000004,0.0,0.4285714285714286,0.5,2022,8,0.1074,0.0,0.0,1.0,1.0,0.0,0.0,0.0,1.0,0.0,0.0,0.0,1.0,0.0,0.0,0.0,0.0,1.0,0.393939393939394,0.45833333333333326,0.6427439125168093,1
0.7059613126314263,0.47403795200027954,0.7559819110879777,1.0000000000000004,0.0,0.4285714285714286,0.5,2022,6,0.3999,1.0,0.0,0.0,1.0,0.0,0.0,0.0,0.0,1.0,0.0,0.0,1.0,0.0,0.0,0.0,0.0,1.0,0.393939393939394,0.45833333333333326,0.29887056355028807,1
0.7059613126314263,0.47403795200027954,0.5354656364574275,0.0,0.0,0.40000000000000013,0.7250000000000001,2021,5,0.2057,0.0,0.0,1.0,1.0,0.0,0.0,1.0,0.0,0.0,0.0,0.0,1.0,0.0,0.0,0.0,1.0,0.0,0.2828282828282828,0.5694444444444444,0.2436929589308451,1
0.7059613126314263,0.447517537800759,0.8791123785104213,1.0000000000000004,1.0,0.4285714285714286,0.5,2022,3,0.3999,1.0,0.0,0.0,0.0,0.0,1.0,0.0,0.0,1.0,0.0,0.0,0.0,1.0,0.0,0.0,1.0,0.0,0.393939393939394,0.45833333333333326,0.29887056355028807,1
0.6596842761989657,0.47403795200027954,0.5354656364574275,0.0,0.0,0.4285714285714286,0.5,2020,3,0.3999,0.0,0.0,1.0,0.0,1.0,0.0,0.0,0.0,0.0,1.0,1.0,0.0,0.0,0.0,0.0,0.0,1.0,0.393939393939394,0.45833333333333326,0.28844180225299054,1
0.9912440990023085,0.47403795200027954,0.5354656364574275,0.0,0.0,1.0,0.6750000000000003,2021,11,0.185,1.0,0.0,0.0,0.0,0.0,1.0,1.0,0.0,0.0,0.0,0.0,0.0,1.0,0.0,0.0,1.0,0.0,0.7272727272727274,0.8333333333333333,0.006037758099239926,0
0.7059613126314263,0.47403795200027954,0.5354656364574275,0.0,0.0,1.0,0.9750000000000001,2024,8,0.3999,0.0,0.0,1.0,1.0,0.0,0.0,1.0,0.0,0.0,0.0,0.0,1.0,0.0,0.0,0.0,0.0,1.0,0.6060606060606062,0.9999999999999998,0.2436929589308451,1
0.38823676709842325,0.447517537800759,0.5354656364574275,0.0,0.0,0.4285714285714286,0.5,2025,7,0.1074,0.0,1.0,0.0,0.0,1.0,0.0,0.0,0.0,0.0,1.0,1.0,0.0,0.0,1.0,0.0,0.0,0.0,0.393939393939394,0.45833333333333326,0.5826050444903135,0
0.38823676709842325,0.47403795200027954,0.5354656364574275,1.0000000000000004,0.0,0.4285714285714286,0.5,2023,1,0.3999,0.0,0.0,1.0,0.0,0.0,1.0,0.0,0.0,1.0,0.0,0.0,1.0,0.0,1.0,0.0,0.0,0.0,0.393939393939394,0.45833333333333326,0.6427439125168093,0
0.38823676709842325,0.09633107473592162,0.5354656364574275,0.0,0.0,0.4285714285714286,0.5,2025,8,0.185,0.0,0.0,1.0,0.0,1.0,0.0,0.0,0.0,0.0,1.0,0.0,0.0,1.0,0.0,0.0,1.0,0.0,0.393939393939394,0.45833333333333326,0.5826050444903135,0
0.7059613126314263,0.47403795200027954,0.5354656364574275,0.0,0.0,0.4285714285714286,0.5,2021,9,0.3999,0.0,0.0,1.0,0.0,0.0,1.0,1.0,0.0,0.0,0.0,0.0,1.0,0.0,1.0,0.0,0.0,0.0,0.393939393939394,0.45833333333333326,0.2436929589308451,1
0.38823676709842325,0.47403795200027954,0.5354656364574275,0.0,0.0,0.4285714285714286,0.5,2022,5,0.3999,1.0,0.0,0.0,0.0,1.0,0.0,1.0,0.0,0.0,0.0,0.0,1.0,0.0,0.0,0.0,0.0,1.0,0.393939393939394,0.45833333333333326,0.5826050444903135,1
0.6596842761989657,0.47403795200027954,0.5354656364574275,0.0,0.0,0.4285714285714286,0.5,2024,11,0.102,1.0,0.0,0.0,1.0,0.0,0.0,0.0,0.0,0.0,1.0,0.0,1.0,0.0,1.0,0.0,0.0,0.0,0.393939393939394,0.45833333333333326,0.28844180225299054,1
0.7059613126314263,0.447517537800759,0.5354656364574275,0.0,0.0,0.4285714285714286,0.5,2021,12,0.1074,0.0,0.0,1.0,0.0,1.0,0.0,0.0,0.0,1.0,0.0,0.0,0.0,1.0,0.0,0.0,0.0,1.0,0.393939393939394,0.45833333333333326,0.2436929589308451,1
0.7059613126314263,0.7333640994677713,0.5354656364574275,0.0,0.0,0.5285714285714287,0.07500000000000018,2022,10,0.2057,1.0,0.0,0.0,0.0,1.0,0.0,0.0,0.0,0.0,1.0,1.0,0.0,0.0,0.0,0.0,0.0,1.0,0.6363636363636365,0.27083333333333326,0.2436929589308451,1
0.38823676709842325,0.447517537800759,0.8684445203976638,0.0,1.0,0.4285714285714286,0.5,2024,2,0.185,1.0,0.0,0.0,1.0,0.0,0.0,0.0,0.0,0.0,1.0,0.0,1.0,0.0,0.0,0.0,0.0,1.0,0.393939393939394,0.45833333333333326,0.5826050444903135,0
0.6596842761989657,0.447517537800759,0.5354656364574275,0.0,1.0,0.4285714285714286,0.5,2023,3,0.2057,0.0,0.0,1.0,0.0,0.0,1.0,0.0,0.0,0.0,1.0,0.0,0.0,1.0,0.0,1.0,0.0,0.0,0.393939393939394,0.45833333333333326,0.28844180225299054,1
0.7059613126314263,0.5404348267795265,0.5354656364574275,0.0,0.0,0.4285714285714286,0.5,2024,4,0.2057,1.0,0.0,0.0,1.0,0.0,0.0,0.0,0.0,1.0,0.0,0.0,0.0,1.0,0.0,0.0,0.0,1.0,0.393939393939394,0.45833333333333326,0.2436929589308451,0
0.38823676709842325,0.47403795200027954,0.5354656364574275,0.0,0.0,0.4285714285714286,0.5,2024,1,0.102,0.0,1.0,0.0,0.0,1.0,0.0,0.0,0.0,1.0,0.0,0.0,1.0,0.0,0.0,0.0,0.0,1.0,0.393939393939394,0.45833333333333326,0.5826050444903135,1
0.7059613126314263,0.447517537800759,0.5210871358800633,0.0,0.0,0.4285714285714286,0.5,2024,8,0.2057,0.0,0.0,1.0,0.0,0.0,1.0,1.0,0.0,0.0,0.0,1.0,0.0,0.0,0.0,0.0,1.0,0.0,0.393939393939394,0.45833333333333326,0.2436929589308451,1
0.6596842761989657,0.447517537800759,0.18810825193982694,0.0,0.0,0.4285714285714286,0.5,2020,7,0.1074,0.0,1.0,0.0,0.0,0.0,1.0,1.0,0.0,0.0,0.0,1.0,0.0,0.0,0.0,0.0,1.0,0.0,0.393939393939394,0.45833333333333326,0.28844180225299054,0
0.8835170022161242,0.447517537800759,0.5354656364574275,0.0,0.0,0.4285714285714286,0.5,2024,2,0.3999,0.0,0.0,1.0,0.0,1.0,0.0,0.0,0.0,1.0,0.0,0.0,1.0,0.0,0.0,0.0,1.0,0.0,0.393939393939394,0.45833333333333326,0.0870426895416461,0
0.6596842761989657,0.9075591993313297,0.5354656364574275,0.0,0.0,0.4285714285714286,0.5,2021,1,0.3999,0.0,0.0,1.0,1.0,0.0,0.0,0.0,1.0,0.0,0.0,1.0,0.0,0.0,0.0,0.0,1.0,0.0,0.393939393939394,0.45833333333333326,0.28844180225299054,1
0.7059613126314263,0.47403795200027954,0.5354656364574275,1.0000000000000004,0.0,0.5571428571428572,0.27500000000000013,2020,6,0.3999,0.0,0.0,1.0,1.0,0.0,0.0,0.0,0.0,1.0,0.0,0.0,1.0,0.0,0.0,0.0,0.0,1.0,0.5757575757575758,0.39583333333333326,0.29887056355028807,1
0.7059613126314263,0.47403795200027954,0.5354656364574275,0.0,0.0,0.4285714285714286,0.5,2024,3,0.102,1.0,0.0,0.0,1.0,0.0,0.0,1.0,0.0,0.0,0.0,1.0,0.0,0.0,0.0,0.0,0.0,1.0,0.393939393939394,0.45833333333333326,0.2436929589308451,0
0.9774088217319686,0.47403795200027954,0.5354656364574275,1.0000000000000004,0.0,0.4285714285714286,0.5,2021,5,0.3999,0.0,1.0,0.0,0.0,1.0,0.0,1.0,0.0,0.0,0.0,0.0,0.0,1.0,0.0,0.0,0.0,1.0,0.393939393939394,0.45833333333333326,0.05927829905989554,0
0.9266640174205345,0.47403795200027954,0.5354656364574275,0.0,0.0,0.4285714285714286,0.5,2020,1,0.3999,1.0,0.0,0.0,0.0,1.0,0.0,0.0,1.0,0.0,0.0,1.0,0.0,0.0,0.0,0.0,1.0,0.0,0.393939393939394,0.45833333333333326,0.053159268691928246,0
0.7059613126314263,0.21839069413287104,0.5354656364574275,0.0,0.0,0.4285714285714286,0.5,2023,5,0.3999,0.0,1.0,0.0,0.0,0.0,1.0,0.0,0.0,0.0,1.0,0.0,1.0,0.0,0.0,0.0,0.0,1.0,0.393939393939394,0.45833333333333326,0.2436929589308451,1
0.6596842761989657,0.447517537800759,0.5354656364574275,0.0,1.0,0.2571428571428571,0.2250000000000001,2022,10,0.3999,0.0,1.0,0.0,0.0,0.0,1.0,1.0,0.0,0.0,0.0,1.0,0.0,0.0,0.0,0.0,1.0,0.0,0.38383838383838387,0.22222222222222232,0.28844180225299054,1
0.7059613126314263,0.447517537800759,0.9105384105881384,0.0,0.0,0.9714285714285715,0.025000000000000133,2024,1,0.2057,0.0,1.0,0.0,1.0,0.0,0.0,0.0,0.0,0.0,1.0,1.0,0.0,0.0,1.0,0.0,0.0,0.0,0.9696969696969698,0.4583333333333337,0.2436929589308451,1
0.6596842761989657,0.47927427295186975,0.5354656364574275,0.0,0.0,0.4285714285714286,0.5,2022,10,0.3999,0.0,0.0,1.0,0.0,0.0,1.0,0.0,0.0,1.0,0.0,1.0,0.0,0.0,0.0,1.0,0.0,0.0,0.393939393939394,0.45833333333333326,0.28844180225299054,0
0.6596842761989657,0.47403795200027954,0.10825214845806475,0.0,0.0,0.4285714285714286,0.5,2020,9,0.185,0.0,1.0,0.0,0.0,0.0,1.0,1.0,0.0,0.0,0.0,0.0,0.0,1.0,0.0,1.0,0.0,0.0,0.393939393939394,0.45833333333333326,0.28844180225299054,0
0.7059613126314263,0.447517537800759,0.5354656364574275,0.0,1.0,0.20000000000000018,0.125,2020,12,0.1074,1.0,0.0,0.0,0.0,0.0,1.0,1.0,0.0,0.0,0.0,0.0,1.0,0.0,0.0,0.0,0.0,1.0,0.38383838383838387,0.13888888888888906,0.2436929589308451,0
0.38823676709842325,0.47403795200027954,0.49178292733284845,0.0,0.0,0.4285714285714286,0.5,2022,9,0.102,1.0,0.0,0.0,0.0,1.0,0.0,1.0,0.0,0.0,0.0,0.0,1.0,0.0,0.0,0.0,0.0,1.0,0.393939393939394,0.45833333333333326,0.5826050444903135,0
0.7059613126314263,0.47403795200027954,0.7321160261480628,1.0000000000000004,0.0,0.4285714285714286,0.5,2022,2,0.185,0.0,1.0,0.0,0.0,1.0,0.0,0.0,1.0,0.0,0.0,1.0,0.0,0.0,0.0,0.0,0.0,1.0,0.393939393939394,0.45833333333333326,0.29887056355028807,0
0.6596842761989657,0.447517537800759,0.5354656364574275,0.0,0.0,0.4285714285714286,0.5,2020,10,0.102,0.0,1.0,0.0,1.0,0.0,0.0,0.0,0.0,1.0,0.0,1.0,0.0,0.0,0.0,0.0,0.0,1.0,0.393939393939394,0.45833333333333326,0.28844180225299054,0
0.8907403066013384,0.47403795200027954,0.5354656364574275,0.0,1.0,0.4285714285714286,0.5,2024,4,0.102,0.0,1.0,0.0,0.0,0.0,1.0,0.0,0.0,1.0,0.0,0.0,1.0,0.0,1.0,0.0,0.0,0.0,0.393939393939394,0.45833333333333326,0.08124334521593937,0
0.9934664678721488,0.47403795200027954,0.5354656364574275,1.0000000000000004,0.0,0.4285714285714286,0.5,2025,7,0.3999,0.0,1.0,0.0,0.0,0.0,1.0,0.0,0.0,1.0,0.0,1.0,0.0,0.0,0.0,1.0,0.0,0.0,0.393939393939394,0.45833333333333326,0.047055636694355335,0
0.7764735341968465,0.47403795200027954,0.5354656364574275,0.0,1.0,0.4285714285714286,0.5,2020,2,0.3999,0.0,0.0,1.0,1.0,0.0,0.0,1.0,0.0,0.0,0.0,1.0,0.0,0.0,0.0,0.0,0.0,1.0,0.393939393939394,0.45833333333333326,0.1784549672789428,0
0.6596842761989657,0.447517537800759,0.5354656364574275,0.0,0.0,0.4285714285714286,0.5,2023,3,0.185,1.0,0.0,0.0,0.0,0.0,1.0,0.0,0.0,0.0,1.0,0.0,0.0,1.0,1.0,0.0,0.0,0.0,0.393939393939394,0.45833333333333326,0.28844180225299054,1
0.6596842761989657,0.47403795200027954,0.5354656364574275,1.0000000000000004,1.0,0.4285714285714286,0.5,2020,4,0.2057,1.0,0.0,0.0,0.0,1.0,0.0,0.0,0.0,1.0,0.0,0.0,1.0,0.0,0.0,0.0,1.0,0.0,0.393939393939394,0.45833333333333326,0.34478095320423274,0
0.8942636210657047,0.47403795200027954,0.5354656364574275,1.0000000000000004,0.0,0.4285714285714286,0.5,2023,5,0.2057,0.0,0.0,1.0,0.0,0.0,1.0,0.0,0.0,0.0,1.0,0.0,0.0,1.0,0.0,0.0,0.0,1.0,0.393939393939394,0.45833333333333326,0.12648305717889327,0
0.7059613126314263,0.5102336830577312,0.5354656364574275,0.0,1.0,0.4285714285714286,0.5,2025,2,0.102,0.0,1.0,0.0,0.0,1.0,0.0,1.0,0.0,0.0,0.0,1.0,0.0,0.0,0.0,0.0,0.0,1.0,0.393939393939394,0.45833333333333326,0.2436929589308451,1
0.9797769225198698,0.6988680953936748,0.5354656364574275,0.0,1.0,0.4285714285714286,0.5,2021,10,0.3999,0.0,0.0,1.0,0.0,1.0,0.0,1.0,0.0,0.0,0.0,0.0,1.0,0.0,0.0,0.0,0.0,1.0,0.393939393939394,0.45833333333333326,0.014074883277127331,0
0.8643293348478939,0.447517537800759,0.3158310975377949,1.0000000000000004,0.0,0.4285714285714286,0.5,2025,6,0.2057,0.0,0.0,1.0,1.0,0.0,0.0,1.0,0.0,0.0,0.0,1.0,0.0,0.0,0.0,0.0,1.0,0.0,0.393939393939394,0.45833333333333326,0.15215632829875317,0
0.6596842761989657,0.47403795200027954,0.5354656364574275,0.0,0.0,0.4285714285714286,0.5,2020,12,0.3999,0.0,1.0,0.0,1.0,0.0,0.0,0.0,0.0,0.0,1.0,0.0,1.0,0.0,0.0,0.0,1.0,0.0,0.393939393939394,0.45833333333333326,0.28844180225299054,1
0.914278985733633,0.47403795200027954,0.5354656364574275,0.0,0.0,0.4285714285714286,0.5,2020,5,0.2057,0.0,1.0,0.0,0.0,0.0,1.0,0.0,0.0,1.0,0.0,0.0,1.0,0.0,1.0,0.0,0.0,0.0,0.393939393939394,0.45833333333333326,0.06269645629323647,0
0.6596842761989657,0.47403795200027954,0.5354656364574275,0.0,0.0,0.4285714285714286,0.5,2020,7,0.185,1.0,0.0,0.0,1.0,0.0,0.0,0.0,0.0,0.0,1.0,0.0,1.0,0.0,1.0,0.0,0.0,0.0,0.393939393939394,0.45833333333333326,0.28844180225299054,1
0.7764735341968465,0.447517537800759,0.5354656364574275,1.0000000000000004,0.0,0.4285714285714286,0.5,2020,6,0.1074,0.0,1.0,0.0,0.0,0.0,1.0,0.0,1.0,0.0,0.0,1.0,0.0,0.0,0.0,0.0,0.0,1.0,0.393939393939394,0.45833333333333326,0.23144811670391055,1
0.6596842761989657,0.47403795200027954,0.5354656364574275,0.0,0.0,0.4285714285714286,0.5,2024,10,0.102,1.0,0.0,0.0,0.0,0.0,1.0,1.0,0.0,0.0,0.0,1.0,0.0,0.0,0.0,1.0,0.0,0.0,0.393939393939394,0.45833333333333326,0.28844180225299054,0
0.6596842761989657,0.47403795200027954,0.5354656364574275,0.0,0.0,0.4285714285714286,0.5,2023,6,0.2057,1.0,0.0,0.0,0.0,0.0,1.0,0.0,1.0,0.0,0.0,1.0,0.0,0.0,0.0,0.0,1.0,0.0,0.393939393939394,0.45833333333333326,0.28844180225299054,0
0.6596842761989657,0.47403795200027954,0.8135785898623755,0.0,1.0,0.4285714285714286,0.5,2023,9,0.3999,0.0,0.0,1.0,0.0,0.0,1.0,0.0,0.0,1.0,0.0,1.0,0.0,0.0,0.0,1.0,0.0,0.0,0.393939393939394,0.45833333333333326,0.28844180225299054,1
0.7059613126314263,0.447517537800759,0.5354656364574275,0.0,1.0,0.4285714285714286,0.5,2023,8,0.2057,0.0,1.0,0.0,1.0,0.0,0.0,1.0,0.0,0.0,0.0,0.0,1.0,0.0,0.0,0.0,1.0,0.0,0.393939393939394,0.45833333333333326,0.2436929589308451,1
0.3487315025817901,0.7502568531033167,0.5354656364574275,0.0,0.0,0.4285714285714286,0.5,2022,12,0.2057,0.0,0.0,1.0,1.0,0.0,0.0,0.0,0.0,0.0,1.0,0.0,1.0,0.0,0.0,0.0,1.0,0.0,0.393939393939394,0.45833333333333326,0.6314763179096198,0
0.38823676709842325,0.447517537800759,0.9610903055226858,0.0,0.0,0.6142857142857143,0.4500000000000002,2024,12,0.3999,0.0,0.0,1.0,0.0,1.0,0.0,0.0,0.0,1.0,0.0,0.0,1.0,0.0,0.0,0.0,0.0,1.0,0.5454545454545455,0.5208333333333333,0.5826050444903135,1
0.8942636210657047,0.10343859718543946,0.835838014569739,1.0000000000000004,0.0,0.4285714285714286,0.5,2025,8,0.185,0.0,0.0,1.0,1.0,0.0,0.0,1.0,0.0,0.0,0.0,0.0,0.0,1.0,0.0,0.0,0.0,1.0,0.393939393939394,0.45833333333333326,0.12648305717889327,0
0.7059613126314263,0.47403795200027954,0.5354656364574275,0.0,0.0,0.4285714285714286,0.5,2025,4,0.3999,0.0,1.0,0.0,1.0,0.0,0.0,1.0,0.0,0.0,0.0,1.0,0.0,0.0,0.0,0.0,0.0,1.0,0.393939393939394,0.45833333333333326,0.2436929589308451,0
0.38823676709842325,0.13146597934860837,0.5354656364574275,0.0,0.0,0.8142857142857145,0.42500000000000004,2021,2,0.185,0.0,1.0,0.0,1.0,0.0,0.0,0.0,0.0,1.0,0.0,0.0,1.0,0.0,1.0,0.0,0.0,0.0,0.6969696969696971,0.6041666666666667,0.5826050444903135,0
0.38823676709842325,0.14524435432427252,0.5354656364574275,0.0,1.0,0.4285714285714286,0.5,2024,5,0.185,0.0,1.0,0.0,1.0,0.0,0.0,1.0,0.0,0.0,0.0,0.0,1.0,0.0,1.0,0.0,0.0,0.0,0.393939393939394,0.45833333333333326,0.5826050444903135,1
0.7059613126314263,0.2689886319792474,0.26280864795822545,0.0,1.0,0.4285714285714286,0.5,2023,11,0.2057,0.0,0.0,1.0,1.0,0.0,0.0,0.0,0.0,1.0,0.0,1.0,0.0,0.0,0.0,1.0,0.0,0.0,0.393939393939394,0.45833333333333326,0.2436929589308451,1
0.6596842761989657,0.447517537800759,0.5354656364574275,1.0000000000000004,1.0,0.4285714285714286,0.5,2020,2,0.3999,1.0,0.0,0.0,0.0,1.0,0.0,0.0,1.0,0.0,0.0,1.0,0.0,0.0,0.0,1.0,0.0,0.0,0.393939393939394,0.45833333333333326,0.34478095320423274,1
0.8295864392961818,0.47403795200027954,0.5354656364574275,1.0000000000000004,0.0,0.4285714285714286,0.5,2022,9,0.3999,0.0,0.0,1.0,0.0,0.0,1.0,0.0,0.0,0.0,1.0,1.0,0.0,0.0,0.0,1.0,0.0,0.0,0.393939393939394,0.45833333333333326,0.18284000568020095,0
0.7059613126314263,0.447517537800759,0.5354656364574275,0.0,1.0,0.4285714285714286,0.5,2022,10,0.3999,0.0,0.0,1.0,1.0,0.0,0.0,0.0,0.0,1.0,0.0,1.0,0.0,0.0,1.0,0.0,0.0,0.0,0.393939393939394,0.45833333333333326,0.2436929589308451,0
0.38823676709842325,0.996569812166014,0.476847824478952,0.0,1.0,0.4285714285714286,0.5,2024,3,0.3999,1.0,0.0,0.0,1.0,0.0,0.0,1.0,0.0,0.0,0.0,1.0,0.0,0.0,0.0,1.0,0.0,0.0,0.393939393939394,0.45833333333333326,0.5826050444903135,0
0.9205599781297086,0.9295150030212951,0.5354656364574275,0.0,0.0,0.4285714285714286,0.5,2020,5,0.1074,0.0,1.0,0.0,1.0,0.0,0.0,0.0,0.0,1.0,0.0,1.0,0.0,0.0,0.0,0.0,1.0,0.0,0.393939393939394,0.45833333333333326,0.05784033428027044,1
0.5867777864565255,0.47403795200027954,0.5354656364574275,0.0,0.0,0.4285714285714286,0.5,2021,4,0.185,0.0,1.0,0.0,0.0,0.0,1.0,0.0,0.0,1.0,0.0,1.0,0.0,0.0,0.0,1.0,0.0,0.0,0.393939393939394,0.45833333333333326,0.3619020902984019,1
0.7059613126314263,0.447517537800759,0.5354656364574275,0.0,1.0,0.4285714285714286,0.5,2020,9,0.3999,0.0,1.0,0.0,0.0,0.0,1.0,0.0,0.0,0.0,1.0,0.0,1.0,0.0,0.0,0.0,0.0,1.0,0.393939393939394,0.45833333333333326,0.2436929589308451,1
0.7059613126314263,0.447517537800759,0.5354656364574275,0.0,0.0,0.4285714285714286,0.5,2022,2,0.102,0.0,1.0,0.0,0.0,0.0,1.0,0.0,0.0,1.0,0.0,1.0,0.0,0.0,0.0,0.0,0.0,1.0,0.393939393939394,0.45833333333333326,0.2436929589308451,1
0.7059613126314263,0.5404348267795265,0.7077476647896876,0.0,1.0,0.4285714285714286,0.5,2020,9,0.3999,0.0,1.0,0.0,1.0,0.0,0.0,1.0,0.0,0.0,0.0,1.0,0.0,0.0,0.0,0.0,0.0,1.0,0.393939393939394,0.45833333333333326,0.2436929589308451,0
0.7059613126314263,0.47403795200027954,0.5354656364574275,0.0,0.0,0.4285714285714286,0.5,2023,5,0.102,0.0,0.0,1.0,0.0,1.0,0.0,0.0,1.0,0.0,0.0,1.0,0.0,0.0,0.0,1.0,0.0,0.0,0.393939393939394,0.45833333333333326,0.2436929589308451,1
0.6596842761989657,0.33533553201709676,0.5354656364574275,0.0,1.0,0.4285714285714286,0.5,2020,3,0.3999,0.0,0.0,1.0,0.0,1.0,0.0,1.0,0.0,0.0,0.0,0.0,1.0,0.0,0.0,0.0,1.0,0.0,0.393939393939394,0.45833333333333326,0.28844180225299054,0
0.7703694949060205,0.9112457543376471,0.5354656364574275,1.0000000000000004,0.0,0.8142857142857145,0.20000000000000018,2024,12,0.185,1.0,0.0,0.0,1.0,0.0,0.0,1.0,0.0,0.0,0.0,1.0,0.0,0.0,0.0,1.0,0.0,0.0,0.787878787878788,0.47916666666666674,0.23715851053783157,0
0.7059613126314263,0.8431403158629602,0.5354656364574275,0.0,1.0,0.4285714285714286,0.5,2022,10,0.2057,1.0,0.0,0.0,1.0,0.0,0.0,0.0,0.0,1.0,0.0,1.0,0.0,0.0,1.0,0.0,0.0,0.0,0.393939393939394,0.45833333333333326,0.2436929589308451,0
0.6379982859432912,0.47403795200027954,0.5354656364574275,1.0000000000000004,0.0,0.4285714285714286,0.5,2024,6,0.102,0.0,1.0,0.0,0.0,0.0,1.0,0.0,0.0,1.0,0.0,0.0,1.0,0.0,1.0,0.0,0.0,0.0,0.393939393939394,0.45833333333333326,0.36673369844993287,0
0.7059613126314263,0.996569812166014,0.5354656364574275,0.0,1.0,0.4285714285714286,0.5,2025,6,0.3999,0.0,0.0,1.0,0.0,1.0,0.0,1.0,0.0,0.0,0.0,1.0,0.0,0.0,1.0,0.0,0.0,0.0,0.393939393939394,0.45833333333333326,0.2436929589308451,0
0.9750145535549487,0.28132025205531574,0.5354656364574275,0.0,1.0,0.4285714285714286,0.5,2023,8,0.3999,0.0,1.0,0.0,0.0,1.0,0.0,1.0,0.0,0.0,0.0,0.0,1.0,0.0,0.0,0.0,1.0,0.0,0.393939393939394,0.45833333333333326,0.017455542501302573,0
0.38823676709842325,0.447517537800759,0.5354656364574275,1.0000000000000004,0.0,0.4285714285714286,0.5,2023,1,0.3999,1.0,0.0,0.0,1.0,0.0,0.0,1.0,0.0,0.0,0.0,1.0,0.0,0.0,0.0,0.0,0.0,1.0,0.393939393939394,0.45833333333333326,0.6427439125168093,0
0.7059613126314263,0.447517537800759,0.5354656364574275,0.0,1.0,0.4285714285714286,0.5,2022,4,0.2057,0.0,0.0,1.0,0.0,1.0,0.0,1.0,0.0,0.0,0.0,0.0,1.0,0.0,0.0,0.0,0.0,1.0,0.393939393939394,0.45833333333333326,0.2436929589308451,1
0.9494934354765419,0.447517537800759,0.5354656364574275,0.0,0.0,0.4285714285714286,0.5,2025,7,0.3999,0.0,0.0,1.0,0.0,0.0,1.0,0.0,1.0,0.0,0.0,0.0,1.0,0.0,1.0,0.0,0.0,0.0,0.393939393939394,0.45833333333333326,0.035992393836476094,1
0.6596842761989657,0.47403795200027954,0.5354656364574275,0.0,0.0,0.4285714285714286,0.5,2023,9,0.3999,1.0,0.0,0.0,0.0,1.0,0.0,1.0,0.0,0.0,0.0,0.0,0.0,1.0,0.0,0.0,1.0,0.0,0.393939393939394,0.45833333333333326,0.28844180225299054,1
0.7059613126314263,0.447517537800759,0.5354656364574275,0.0,1.0,0.24285714285714288,0.8500000000000001,2022,3,0.3999,1.0,0.0,0.0,0.0,1.0,0.0,1.0,0.0,0.0,0.0,0.0,1.0,0.0,0.0,1.0,0.0,0.0,0.12121212121212123,0.5624999999999998,0.2436929589308451,1
0.8835170022161242,0.7995895007389637,0.5354656364574275,0.0,1.0,0.4285714285714286,0.5,2024,3,0.2057,1.0,0.0,0.0,0.0,0.0,1.0,0.0,0.0,1.0,0.0,1.0,0.0,0.0,1.0,0.0,0.0,0.0,0.393939393939394,0.45833333333333326,0.0870426895416461,0
0.38823676709842325,0.09633107473592162,0.2260609770267461,0.0,1.0,0.4285714285714286,0.5,2022,12,0.3999,1.0,0.0,0.0,0.0,0.0,1.0,1.0,0.0,0.0,0.0,1.0,0.0,0.0,0.0,0.0,0.0,1.0,0.393939393939394,0.45833333333333326,0.5826050444903135,0
0.38823676709842325,0.08918234902759314,0.5354656364574275,0.0,0.0,0.4285714285714286,0.5,2023,5,0.2057,0.0,0.0,1.0,0.0,0.0,1.0,0.0,0.0,1.0,0.0,0.0,0.0,1.0,0.0,0.0,1.0,0.0,0.393939393939394,0.45833333333333326,0.5826050444903135,0
0.7059613126314263,0.8852053836391041,0.43085020575924027,0.0,1.0,0.4285714285714286,0.5,2024,11,0.2057,0.0,1.0,0.0,1.0,0.0,0.0,1.0,0.0,0.0,0.0,0.0,1.0,0.0,1.0,0.0,0.0,0.0,0.393939393939394,0.45833333333333326,0.2436929589308451,0
0.38823676709842325,0.447517537800759,0.5354656364574275,0.0,0.0,0.4285714285714286,0.5,2024,7,0.2057,1.0,0.0,0.0,0.0,0.0,1.0,0.0,0.0,1.0,0.0,1.0,0.0,0.0,0.0,0.0,0.0,1.0,0.393939393939394,0.45833333333333326,0.5826050444903135,1
0.38823676709842325,0.47403795200027954,0.5354656364574275,0.0,0.0,0.47142857142857153,0.8500000000000001,2020,12,0.2057,0.0,1.0,0.0,1.0,0.0,0.0,0.0,1.0,0.0,0.0,1.0,0.0,0.0,1.0,0.0,0.0,0.0,0.2828282828282828,0.6736111111111114,0.5826050444903135,1
0.38823676709842325,0.48448845294537124,0.5354656364574275,1.0000000000000004,1.0,0.6714285714285715,0.3500000000000001,2021,12,0.3999,1.0,0.0,0.0,0.0,1.0,0.0,1.0,0.0,0.0,0.0,0.0,0.0,1.0,0.0,0.0,0.0,1.0,0.6262626262626264,0.4930555555555556,0.6427439125168093,1
0.7059613126314263,0.447517537800759,0.5354656364574275,0.0,0.0,0.4285714285714286,0.5,2020,3,0.102,1.0,0.0,0.0,0.0,1.0,0.0,0.0,0.0,1.0,0.0,1.0,0.0,0.0,1.0,0.0,0.0,0.0,0.393939393939394,0.45833333333333326,0.2436929589308451,1
0.7059613126314263,0.24394915786088633,0.5354656364574275,1.0000000000000004,1.0,0.4285714285714286,0.5,2023,5,0.2057,1.0,0.0,0.0,0.0,0.0,1.0,1.0,0.0,0.0,0.0,0.0,0.0,1.0,0.0,1.0,0.0,0.0,0.393939393939394,0.45833333333333326,0.29887056355028807,0
0.6596842761989657,0.3870837567839951,0.5354656364574275,0.0,0.0,0.4285714285714286,0.5,2022,12,0.3999,0.0,1.0,0.0,1.0,0.0,0.0,0.0,0.0,1.0,0.0,0.0,1.0,0.0,0.0,0.0,0.0,1.0,0.393939393939394,0.45833333333333326,0.28844180225299054,0
0.38823676709842325,0.8889592730864986,0.5354656364574275,0.0,0.0,0.4285714285714286,0.5,2024,10,0.3999,1.0,0.0,0.0,1.0,0.0,0.0,1.0,0.0,0.0,0.0,1.0,0.0,0.0,0.0,0.0,0.0,1.0,0.393939393939394,0.45833333333333326,0.5826050444903135,0
0.7059613126314263,0.447517537800759,0.5354656364574275,0.0,0.0,0.4285714285714286,0.5,2023,4,0.3999,0.0,0.0,1.0,1.0,0.0,0.0,0.0,0.0,0.0,1.0,1.0,0.0,0.0,1.0,0.0,0.0,0.0,0.393939393939394,0.45833333333333326,0.2436929589308451,0
0.9205599781297086,0.47403795200027954,0.5354656364574275,0.0,0.0,0.4285714285714286,0.5,2025,1,0.2057,1.0,0.0,0.0,1.0,0.0,0.0,0.0,1.0,0.0,0.0,0.0,1.0,0.0,0.0,1.0,0.0,0.0,0.393939393939394,0.45833333333333326,0.05784033428027044,1
0.38823676709842325,0.447517537800759,0.5354656364574275,0.0,0.0,0.4285714285714286,0.5,2023,12,0.3999,1.0,0.0,0.0,1.0,0.0,0.0,1.0,0.0,0.0,0.0,1.0,0.0,0.0,0.0,0.0,1.0,0.0,0.393939393939394,0.45833333333333326,0.5826050444903135,1
0.8199546729298165,0.47403795200027954,0.5354656364574275,1.0000000000000004,0.0,0.7285714285714286,0.4750000000000001,2021,6,0.185,1.0,0.0,0.0,0.0,0.0,1.0,0.0,0.0,1.0,0.0,0.0,1.0,0.0,0.0,0.0,0.0,1.0,0.6161616161616162,0.5902777777777779,0.19150664118661145,1
0.6596842761989657,0.47403795200027954,0.5354656364574275,0.0,0.0,0.8999999999999999,0.3250000000000002,2022,1,0.1074,0.0,1.0,0.0,0.0,0.0,1.0,0.0,0.0,1.0,0.0,0.0,1.0,0.0,0.0,0.0,1.0,0.0,0.7979797979797981,0.5902777777777779,0.28844180225299054,0
0.6596842761989657,0.13146597934860837,0.5354656364574275,1.0000000000000004,0.0,0.4285714285714286,0.5,2020,5,0.1074,0.0,0.0,1.0,1.0,0.0,0.0,0.0,0.0,1.0,0.0,0.0,0.0,1.0,0.0,0.0,1.0,0.0,0.393939393939394,0.45833333333333326,0.34478095320423274,0
0.6596842761989657,0.447517537800759,0.5354656364574275,0.0,1.0,0.4285714285714286,0.5,2025,4,0.102,1.0,0.0,0.0,0.0,1.0,0.0,1.0,0.0,0.0,0.0,1.0,0.0,0.0,0.0,1.0,0.0,0.0,0.393939393939394,0.45833333333333326,0.28844180225299054,0
0.7059613126314263,0.447517537800759,0.92082696199203,0.0,0.0,0.4285714285714286,0.5,2024,12,0.3999,0.0,0.0,1.0,1.0,0.0,0.0,0.0,1.0,0.0,0.0,0.0,1.0,0.0,1.0,0.0,0.0,0.0,0.393939393939394,0.45833333333333326,0.2436929589308451,1
0.38823676709842325,0.447517537800759,0.5354656364574275,0.0,0.0,0.842857142857143,0.5,2021,11,0.102,1.0,0.0,0.0,1.0,0.0,0.0,1.0,0.0,0.0,0.0,0.0,1.0,0.0,0.0,1.0,0.0,0.0,0.686868686868687,0.6597222222222221,0.5826050444903135,1
0.6379982859432912,0.7544441295584741,0.5354656364574275,1.0000000000000004,0.0,0.4285714285714286,0.5,2023,10,0.185,0.0,1.0,0.0,0.0,1.0,0.0,1.0,0.0,0.0,0.0,1.0,0.0,0.0,1.0,0.0,0.0,0.0,0.393939393939394,0.45833333333333326,0.36673369844993287,0
0.6596842761989657,0.47403795200027954,0.5354656364574275,0.0,0.0,0.4285714285714286,0.5,2021,11,0.3999,1.0,0.0,0.0,0.0,0.0,1.0,1.0,0.0,0.0,0.0,0.0,1.0,0.0,0.0,1.0,0.0,0.0,0.393939393939394,0.45833333333333326,0.28844180225299054,1
0.7059613126314263,0.47403795200027954,0.8791123785104213,0.0,1.0,0.4285714285714286,0.5,2025,10,0.185,0.0,0.0,1.0,1.0,0.0,0.0,0.0,0.0,0.0,1.0,0.0,0.0,1.0,0.0,0.0,1.0,0.0,0.393939393939394,0.45833333333333326,0.2436929589308451,0
0.7059613126314263,0.47403795200027954,0.5354656364574275,0.0,0.0,0.4285714285714286,0.5,2020,3,0.2057,0.0,0.0,1.0,1.0,0.0,0.0,0.0,0.0,1.0,0.0,0.0,0.0,1.0,0.0,0.0,0.0,1.0,0.393939393939394,0.45833333333333326,0.2436929589308451,1
0.45057144967106383,0.447517537800759,0.5354656364574275,0.0,0.0,0.4285714285714286,0.5,2024,10,0.3999,1.0,0.0,0.0,0.0,0.0,1.0,0.0,0.0,0.0,1.0,0.0,1.0,0.0,0.0,0.0,0.0,1.0,0.393939393939394,0.45833333333333326,0.5094629413016346,1
0.38823676709842325,0.47403795200027954,0.6953683552165835,0.0,1.0,0.4285714285714286,0.5,2020,2,0.185,0.0,0.0,1.0,1.0,0.0,0.0,1.0,0.0,0.0,0.0,1.0,0.0,0.0,0.0,1.0,0.0,0.0,0.393939393939394,0.45833333333333326,0.5826050444903135,0
0.6596842761989657,0.47403795200027954,0.5354656364574275,0.0,0.0,0.4285714285714286,0.5,2023,12,0.3999,0.0,0.0,1.0,0.0,1.0,0.0,1.0,0.0,0.0,0.0,0.0,1.0,0.0,0.0,1.0,0.0,0.0,0.393939393939394,0.45833333333333326,0.28844180225299054,0
0.8798129963733904,0.447517537800759,0.5354656364574275,0.0,0.0,0.3571428571428572,0.40000000000000013,2020,1,0.2057,0.0,0.0,1.0,1.0,0.0,0.0,0.0,0.0,1.0,0.0,0.0,1.0,0.0,0.0,1.0,0.0,0.0,0.38383838383838387,0.3680555555555556,0.09003576391578524,0
0.38823676709842325,0.47403795200027954,0.5354656364574275,0.0,1.0,0.642857142857143,0.4500000000000002,2025,1,0.185,0.0,1.0,0.0,0.0,1.0,0.0,0.0,0.0,0.0,1.0,1.0,0.0,0.0,0.0,1.0,0.0,0.0,0.5656565656565657,0.5347222222222221,0.5826050444903135,1
0.6596842761989657,0.47403795200027954,0.5354656364574275,0.0,0.0,0.4285714285714286,0.5,2020,7,0.185,1.0,0.0,0.0,1.0,0.0,0.0,0.0,0.0,0.0,1.0,0.0,1.0,0.0,1.0,0.0,0.0,0.0,0.393939393939394,0.45833333333333326,0.28844180225299054,1
0.7059613126314263,0.47403795200027954,0.5354656364574275,0.0,0.0,0.4285714285714286,0.5,2022,1,0.2057,0.0,1.0,0.0,0.0,1.0,0.0,0.0,0.0,1.0,0.0,0.0,1.0,0.0,0.0,0.0,0.0,1.0,0.393939393939394,0.45833333333333326,0.2436929589308451,1
0.6596842761989657,0.47403795200027954,0.5354656364574275,0.0,0.0,0.4285714285714286,0.5,2022,5,0.1074,1.0,0.0,0.0,0.0,0.0,1.0,0.0,0.0,0.0,1.0,1.0,0.0,0.0,0.0,1.0,0.0,0.0,0.393939393939394,0.45833333333333326,0.28844180225299054,0
0.7059613126314263,0.8586032361019442,0.5354656364574275,0.0,1.0,0.4285714285714286,0.5,2024,6,0.3999,0.0,1.0,0.0,1.0,0.0,0.0,0.0,0.0,0.0,1.0,1.0,0.0,0.0,0.0,1.0,0.0,0.0,0.393939393939394,0.45833333333333326,0.2436929589308451,1
0.7059613126314263,0.06748410479089628,0.5354656364574275,0.0,0.0,0.4285714285714286,0.5,2023,4,0.1074,0.0,0.0,1.0,0.0,1.0,0.0,1.0,0.0,0.0,0.0,1.0,0.0,0.0,0.0,0.0,0.0,1.0,0.393939393939394,0.45833333333333326,0.2436929589308451,0
0.6596842761989657,0.47403795200027954,0.92082696199203,0.0,0.0,0.4285714285714286,0.5,2024,4,0.185,0.0,1.0,0.0,0.0,0.0,1.0,0.0,1.0,0.0,0.0,0.0,0.0,1.0,0.0,0.0,0.0,1.0,0.393939393939394,0.45833333333333326,0.28844180225299054,1
0.7059613126314263,0.47403795200027954,0.8896828119009514,0.0,1.0,0.4285714285714286,0.5,2021,10,0.102,0.0,1.0,0.0,0.0,1.0,0.0,0.0,0.0,1.0,0.0,0.0,1.0,0.0,0.0,0.0,1.0,0.0,0.393939393939394,0.45833333333333326,0.2436929589308451,1
0.38823676709842325,0.47403795200027954,0.5354656364574275,0.0,0.0,0.11428571428571432,0.7749999999999999,2021,4,0.2057,0.0,0.0,1.0,0.0,0.0,1.0,0.0,1.0,0.0,0.0,1.0,0.0,0.0,0.0,1.0,0.0,0.0,0.060606060606060615,0.45833333333333326,0.5826050444903135,0
0.9651638088320625,0.13146597934860837,0.12873860205784737,0.0,0.0,0.4285714285714286,0.5,2020,4,0.3999,0.0,0.0,1.0,0.0,0.0,1.0,0.0,0.0,0.0,1.0,1.0,0.0,0.0,1.0,0.0,0.0,0.0,0.393939393939394,0.45833333333333326,0.02452710764844343,1
0.6886177335457992,0.447517537800759,0.5354656364574275,1.0000000000000004,0.0,0.4285714285714286,0.5,2024,3,0.3999,0.0,1.0,0.0,0.0,0.0,1.0,1.0,0.0,0.0,0.0,0.0,0.0,1.0,0.0,0.0,0.0,1.0,0.393939393939394,0.45833333333333326,0.3159265383207984,0
0.6596842761989657,0.47403795200027954,0.5354656364574275,0.0,0.0,0.4285714285714286,0.5,2023,1,0.2057,0.0,1.0,0.0,0.0,1.0,0.0,0.0,1.0,0.0,0.0,1.0,0.0,0.0,0.0,0.0,0.0,1.0,0.393939393939394,0.45833333333333326,0.28844180225299054,1
0.9956662742319112,0.47403795200027954,0.476847824478952,0.0,0.0,0.4285714285714286,0.5,2025,6,0.3999,0.0,1.0,0.0,0.0,0.0,1.0,1.0,0.0,0.0,0.0,0.0,1.0,0.0,0.0,0.0,0.0,1.0,0.393939393939394,0.45833333333333326,0.0029775906947896724,0
0.7059613126314263,0.5404348267795265,0.5354656364574275,0.0,0.0,0.4285714285714286,0.5,2022,11,0.185,1.0,0.0,0.0,0.0,0.0,1.0,0.0,1.0,0.0,0.0,1.0,0.0,0.0,0.0,0.0,0.0,1.0,0.393939393939394,0.45833333333333326,0.2436929589308451,0
0.7509524161184398,0.47403795200027954,0.5354656364574275,0.0,1.0,0.4285714285714286,0.5,2023,9,0.2057,0.0,1.0,0.0,0.0,1.0,0.0,1.0,0.0,0.0,0.0,1.0,0.0,0.0,1.0,0.0,0.0,0.0,0.393939393939394,0.45833333333333326,0.20164015746276445,0
0.8199546729298165,0.47403795200027954,0.0,0.0,1.0,0.4285714285714286,0.5,2024,3,0.1074,0.0,1.0,0.0,0.0,0.0,1.0,1.0,0.0,0.0,0.0,1.0,0.0,0.0,0.0,0.0,1.0,0.0,0.393939393939394,0.45833333333333326,0.1401398181181376,1
0.38823676709842325,0.447517537800759,0.5354656364574275,0.0,0.0,0.4285714285714286,0.5,2023,2,0.185,0.0,0.0,1.0,1.0,0.0,0.0,0.0,1.0,0.0,0.0,0.0,0.0,1.0,0.0,0.0,0.0,1.0,0.393939393939394,0.45833333333333326,0.5826050444903135,0
0.7059613126314263,0.525426709709921,0.5354656364574275,0.0,0.0,0.4285714285714286,0.5,2022,7,0.1074,1.0,0.0,0.0,0.0,0.0,1.0,0.0,0.0,1.0,0.0,0.0,1.0,0.0,0.0,0.0,1.0,0.0,0.393939393939394,0.45833333333333326,0.2436929589308451,1
0.9383792523906672,0.447517537800759,0.6828552126767171,0.0,1.0,0.18571428571428572,0.5249999999999999,2020,7,0.1074,0.0,0.0,1.0,0.0,1.0,0.0,0.0,0.0,0.0,1.0,0.0,1.0,0.0,0.0,1.0,0.0,0.0,0.21212121212121213,0.35416666666666674,0.04428208726403157,0
0.7059613126314263,0.47403795200027954,0.5354656364574275,0.0,0.0,0.4285714285714286,0.5,2020,6,0.3999,0.0,0.0,1.0,1.0,0.0,0.0,1.0,0.0,0.0,0.0,0.0,1.0,0.0,0.0,0.0,0.0,1.0,0.393939393939394,0.45833333333333326,0.2436929589308451,1
0.38823676709842325,0.47403795200027954,0.6314043239791136,1.0000000000000004,0.0,0.4285714285714286,0.5,2025,8,0.102,0.0,0.0,1.0,0.0,1.0,0.0,0.0,1.0,0.0,0.0,0.0,1.0,0.0,0.0,0.0,1.0,0.0,0.393939393939394,0.45833333333333326,0.6427439125168093,0
0.6262830509731585,0.447517537800759,0.5354656364574275,0.0,0.0,0.4285714285714286,0.5,2022,8,0.102,0.0,0.0,1.0,0.0,1.0,0.0,1.0,0.0,0.0,0.0,0.0,1.0,0.0,0.0,0.0,1.0,0.0,0.393939393939394,0.45833333333333326,0.32164932363242216,1
0.38823676709842325,0.47403795200027954,0.5354656364574275,0.0,1.0,0.4285714285714286,0.5,2025,6,0.3999,0.0,0.0,1.0,0.0,1.0,0.0,0.0,0.0,1.0,0.0,1.0,0.0,0.0,0.0,1.0,0.0,0.0,0.393939393939394,0.45833333333333326,0.5826050444903135,1
0.38823676709842325,0.47403795200027954,0.5354656364574275,0.0,0.0,0.4285714285714286,0.5,2021,7,0.185,0.0,1.0,0.0,0.0,0.0,1.0,1.0,0.0,0.0,0.0,0.0,1.0,0.0,0.0,0.0,1.0,0.0,0.393939393939394,0.45833333333333326,0.5826050444903135,0
0.38823676709842325,0.447517537800759,0.5354656364574275,0.0,0.0,0.4285714285714286,0.5,2023,6,0.3999,0.0,0.0,1.0,0.0,1.0,0.0,0.0,0.0,1.0,0.0,1.0,0.0,0.0,0.0,0.0,0.0,1.0,0.393939393939394,0.45833333333333326,0.5826050444903135,0
0.7059613126314263,0.4948511335168124,0.5354656364574275,0.0,1.0,0.4285714285714286,0.5,2024,9,0.3999,0.0,0.0,1.0,0.0,1.0,0.0,1.0,0.0,0.0,0.0,1.0,0.0,0.0,0.0,1.0,0.0,0.0,0.393939393939394,0.45833333333333326,0.2436929589308451,1
0.9750145535549487,0.737609032166215,0.5354656364574275,1.0000000000000004,0.0,0.4285714285714286,0.5,2024,12,0.3999,1.0,0.0,0.0,0.0,0.0,1.0,0.0,0.0,0.0,1.0,0.0,1.0,0.0,0.0,0.0,0.0,1.0,0.393939393939394,0.45833333333333326,0.06112278815958447,0
0.6596842761989657,0.447517537800759,0.5354656364574275,1.0000000000000004,0.0,0.4285714285714286,0.5,2025,1,0.2057,0.0,1.0,0.0,1.0,0.0,0.0,1.0,0.0,0.0,0.0,1.0,0.0,0.0,0.0,0.0,1.0,0.0,0.393939393939394,0.45833333333333326,0.34478095320423274,1
0.6007619328947518,0.47403795200027954,0.5354656364574275,0.0,0.0,0.642857142857143,0.6000000000000001,2024,2,0.185,0.0,1.0,0.0,0.0,1.0,0.0,1.0,0.0,0.0,0.0,0.0,0.0,1.0,1.0,0.0,0.0,0.0,0.5050505050505052,0.6180555555555556,0.34753163729127323,1
0.38823676709842325,0.447517537800759,0.9610903055226858,0.0,0.0,0.4285714285714286,0.5,2022,2,0.3999,1.0,0.0,0.0,0.0,1.0,0.0,0.0,0.0,1.0,0.0,0.0,0.0,1.0,0.0,0.0,1.0,0.0,0.393939393939394,0.45833333333333326,0.5826050444903135,0
0.7059613126314263,0.47403795200027954,0.9903945140699006,0.0,0.0,0.4285714285714286,0.5,2022,4,0.3999,1.0,0.0,0.0,0.0,1.0,0.0,0.0,1.0,0.0,0.0,0.0,0.0,1.0,0.0,0.0,0.0,1.0,0.393939393939394,0.45833333333333326,0.2436929589308451,1
0.7059613126314263,0.447517537800759,0.5354656364574275,0.0,0.0,0.4285714285714286,0.5,2024,3,0.3999,0.0,0.0,1.0,0.0,0.0,1.0,0.0,1.0,0.0,0.0,0.0,1.0,0.0,0.0,0.0,0.0,1.0,0.393939393939394,0.45833333333333326,0.2436929589308451,1
0.38823676709842325,0.47403795200027954,0.5354656364574275,1.0000000000000004,0.0,0.4285714285714286,0.5,2020,3,0.2057,0.0,1.0,0.0,0.0,0.0,1.0,0.0,1.0,0.0,0.0,0.0,1.0,0.0,0.0,0.0,0.0,1.0,0.393939393939394,0.45833333333333326,0.6427439125168093,1
1.0,0.447517537800759,0.5354656364574275,0.0,0.0,0.4285714285714286,0.5,2025,2,0.3999,1.0,0.0,0.0,0.0,0.0,1.0,0.0,0.0,1.0,0.0,1.0,0.0,0.0,0.0,1.0,0.0,0.0,0.393939393939394,0.45833333333333326,0.0,0
0.38823676709842325,0.8547556456757275,0.5354656364574275,0.0,1.0,0.4285714285714286,0.5,2022,9,0.102,0.0,0.0,1.0,0.0,0.0,1.0,0.0,0.0,0.0,1.0,0.0,1.0,0.0,1.0,0.0,0.0,0.0,0.393939393939394,0.45833333333333326,0.5826050444903135,1
0.7059613126314263,0.5795857890691232,0.5354656364574275,1.0000000000000004,0.0,0.4285714285714286,0.5,2025,3,0.185,1.0,0.0,0.0,1.0,0.0,0.0,0.0,0.0,1.0,0.0,1.0,0.0,0.0,0.0,1.0,0.0,0.0,0.393939393939394,0.45833333333333326,0.29887056355028807,0
0.8248240703312607,0.447517537800759,0.5354656364574275,0.0,0.0,0.4285714285714286,0.5,2024,9,0.3999,0.0,0.0,1.0,1.0,0.0,0.0,0.0,0.0,1.0,0.0,1.0,0.0,0.0,0.0,1.0,0.0,0.0,0.393939393939394,0.45833333333333326,0.13594615356972992,0
0.6596842761989657,0.47403795200027954,0.5354656364574275,1.0000000000000004,0.0,0.4285714285714286,0.5,2022,4,0.3999,0.0,1.0,0.0,0.0,0.0,1.0,1.0,0.0,0.0,0.0,1.0,0.0,0.0,0.0,0.0,0.0,1.0,0.393939393939394,0.45833333333333326,0.34478095320423274,0
0.7369682696802135,0.47403795200027954,0.5354656364574275,0.0,0.0,0.4571428571428573,0.6000000000000001,2021,4,0.3999,0.0,1.0,0.0,1.0,0.0,0.0,0.0,0.0,1.0,0.0,0.0,1.0,0.0,0.0,0.0,1.0,0.0,0.37373737373737376,0.5277777777777779,0.21455289713415707,0
0.7059613126314263,0.6360758977310428,0.9709410408258288,1.0000000000000004,1.0,0.4285714285714286,0.5,2025,7,0.2057,0.0,1.0,0.0,0.0,1.0,0.0,0.0,1.0,0.0,0.0,1.0,0.0,0.0,0.0,1.0,0.0,0.0,0.393939393939394,0.45833333333333326,0.29887056355028807,0
0.7059613126314263,0.47403795200027954,0.6047950046859647,0.0,0.0,0.4285714285714286,0.5,2022,5,0.3999,0.0,1.0,0.0,1.0,0.0,0.0,0.0,0.0,1.0,0.0,0.0,1.0,0.0,0.0,0.0,1.0,0.0,0.393939393939394,0.45833333333333326,0.2436929589308451,0
0.6596842761989657,0.47403795200027954,0.5354656364574275,0.0,0.0,0.3857142857142859,0.17500000000000004,2021,2,0.3999,0.0,1.0,0.0,0.0,0.0,1.0,1.0,0.0,0.0,0.0,1.0,0.0,0.0,0.0,1.0,0.0,0.0,0.494949494949495,0.25694444444444464,0.28844180225299054,0
0.7059613126314263,0.447517537800759,0.5354656364574275,0.0,0.0,0.4285714285714286,0.5,2025,7,0.3999,1.0,0.0,0.0,1.0,0.0,0.0,0.0,0.0,1.0,0.0,1.0,0.0,0.0,1.0,0.0,0.0,0.0,0.393939393939394,0.45833333333333326,0.2436929589308451,1
0.6007619328947518,0.447517537800759,0.5354656364574275,0.0,0.0,0.4285714285714286,0.5,2024,4,0.3999,0.0,1.0,0.0,0.0,0.0,1.0,1.0,0.0,0.0,0.0,1.0,0.0,0.0,0.0,0.0,0.0,1.0,0.393939393939394,0.45833333333333326,0.34753163729127323,1
0.6596842761989657,0.47403795200027954,0.5354656364574275,0.0,1.0,0.4285714285714286,0.5,2024,11,0.102,1.0,0.0,0.0,1.0,0.0,0.0,0.0,0.0,1.0,0.0,1.0,0.0,0.0,0.0,0.0,0.0,1.0,0.393939393939394,0.45833333333333326,0.28844180225299054,0
0.38823676709842325,0.447517537800759,0.5354656364574275,0.0,1.0,0.4285714285714286,0.5,2024,1,0.2057,1.0,0.0,0.0,0.0,1.0,0.0,1.0,0.0,0.0,0.0,1.0,0.0,0.0,0.0,0.0,0.0,1.0,0.393939393939394,0.45833333333333326,0.5826050444903135,1
0.9266640174205345,0.47403795200027954,0.5354656364574275,1.0000000000000004,1.0,0.4285714285714286,0.5,2021,1,0.1074,0.0,1.0,0.0,0.0,0.0,1.0,0.0,1.0,0.0,0.0,0.0,0.0,1.0,1.0,0.0,0.0,0.0,0.393939393939394,0.45833333333333326,0.09954632860946486,1
0.38823676709842325,0.8470242615341319,0.5354656364574275,0.0,0.0,0.4285714285714286,0.5,2021,9,0.102,0.0,1.0,0.0,0.0,0.0,1.0,0.0,1.0,0.0,0.0,0.0,1.0,0.0,0.0,0.0,0.0,1.0,0.393939393939394,0.45833333333333326,0.5826050444903135,1
0.7059613126314263,0.47403795200027954,0.5354656364574275,0.0,0.0,0.4285714285714286,0.5,2024,3,0.3999,0.0,1.0,0.0,1.0,0.0,0.0,0.0,0.0,0.0,1.0,0.0,0.0,1.0,0.0,1.0,0.0,0.0,0.393939393939394,0.45833333333333326,0.2436929589308451,0
0.7059613126314263,0.0747593573455676,0.6047950046859647,0.0,0.0,0.4285714285714286,0.5,2023,11,0.3999,0.0,1.0,0.0,0.0,0.0,1.0,0.0,1.0,0.0,0.0,1.0,0.0,0.0,0.0,0.0,0.0,1.0,0.393939393939394,0.45833333333333326,0.2436929589308451,1
0.6596842761989657,0.6900911776928242,0.26280864795822545,0.0,1.0,0.4285714285714286,0.5,2024,12,0.3999,0.0,0.0,1.0,0.0,1.0,0.0,0.0,1.0,0.0,0.0,0.0,1.0,0.0,0.0,1.0,0.0,0.0,0.393939393939394,0.45833333333333326,0.28844180225299054,1
0.7059613126314263,0.47403795200027954,0.5354656364574275,0.0,0.0,0.4285714285714286,0.5,2022,9,0.1074,0.0,0.0,1.0,0.0,1.0,0.0,1.0,0.0,0.0,0.0,1.0,0.0,0.0,0.0,0.0,1.0,0.0,0.393939393939394,0.45833333333333326,0.2436929589308451,0
0.38823676709842325,0.5000000000000004,0.5354656364574275,1.0000000000000004,1.0,0.3142857142857143,0.5500000000000003,2021,11,0.3999,1.0,0.0,0.0,0.0,1.0,0.0,1.0,0.0,0.0,0.0,0.0,1.0,0.0,0.0,1.0,0.0,0.0,0.29292929292929293,0.4305555555555556,0.6427439125168093,0
0.6596842761989657,0.47403795200027954,0.5354656364574275,0.0,1.0,0.4285714285714286,0.5,2021,2,0.2057,1.0,0.0,0.0,0.0,1.0,0.0,1.0,0.0,0.0,0.0,1.0,0.0,0.0,0.0,0.0,0.0,1.0,0.393939393939394,0.45833333333333326,0.28844180225299054,1
0.38823676709842325,0.47403795200027954,0.5354656364574275,0.0,0.0,0.41428571428571437,0.6750000000000003,2024,3,0.1074,0.0,0.0,1.0,0.0,0.0,1.0,0.0,1.0,0.0,0.0,0.0,1.0,0.0,0.0,1.0,0.0,0.0,0.31313131313131315,0.5486111111111114,0.5826050444903135,1
0.8835170022161242,0.47403795200027954,0.5354656364574275,0.0,0.0,0.4285714285714286,0.5,2024,11,0.185,1.0,0.0,0.0,1.0,0.0,0.0,0.0,1.0,0.0,0.0,1.0,0.0,0.0,0.0,0.0,0.0,1.0,0.393939393939394,0.45833333333333326,0.0870426895416461,0
0.9110688667928428,0.447517537800759,0.5354656364574275,0.0,0.0,0.4285714285714286,0.5,2023,11,0.185,0.0,1.0,0.0,1.0,0.0,0.0,0.0,1.0,0.0,0.0,1.0,0.0,0.0,0.0,0.0,0.0,1.0,0.393939393939394,0.45833333333333326,0.06519362749123594,0
0.9912440990023085,0.6723476811941551,0.5354656364574275,0.0,0.0,0.4285714285714286,0.5,2020,6,0.185,0.0,0.0,1.0,0.0,0.0,1.0,0.0,0.0,1.0,0.0,1.0,0.0,0.0,0.0,0.0,1.0,0.0,0.393939393939394,0.45833333333333326,0.006037758099239926,1
0.6596842761989657,0.47403795200027954,0.5354656364574275,0.0,0.0,0.4285714285714286,0.5,2020,11,0.3999,1.0,0.0,0.0,1.0,0.0,0.0,0.0,0.0,1.0,0.0,1.0,0.0,0.0,0.0,0.0,1.0,0.0,0.393939393939394,0.45833333333333326,0.28844180225299054,1
0.38823676709842325,0.42041421093087683,0.5354656364574275,1.0000000000000004,0.0,0.4285714285714286,0.5,2021,12,0.2057,0.0,0.0,1.0,1.0,0.0,0.0,0.0,0.0,1.0,0.0,0.0,1.0,0.0,0.0,0.0,0.0,1.0,0.393939393939394,0.45833333333333326,0.6427439125168093,1
0.38823676709842325,0.447517537800759,0.10825214845806475,0.0,0.0,0.4285714285714286,0.5,2022,6,0.102,0.0,1.0,0.0,0.0,1.0,0.0,1.0,0.0,0.0,0.0,0.0,0.0,1.0,1.0,0.0,0.0,0.0,0.393939393939394,0.45833333333333326,0.5826050444903135,0
0.6596842761989657,0.982752841496032,0.5354656364574275,1.0000000000000004,0.0,0.4285714285714286,0.5,2025,2,0.3999,0.0,0.0,1.0,0.0,0.0,1.0,1.0,0.0,0.0,0.0,1.0,0.0,0.0,1.0,0.0,0.0,0.0,0.393939393939394,0.45833333333333326,0.34478095320423274,0
0.5195737064824407,0.47403795200027954,0.5354656364574275,0.0,0.0,0.4285714285714286,0.5,2023,6,0.3999,1.0,0.0,0.0,1.0,0.0,0.0,0.0,0.0,1.0,0.0,0.0,0.0,1.0,0.0,1.0,0.0,0.0,0.393939393939394,0.45833333333333326,0.4328924311374578,1
0.38823676709842325,0.36435220563419746,0.5354656364574275,1.0000000000000004,1.0,0.4285714285714286,0.5,2024,2,0.185,0.0,1.0,0.0,0.0,0.0,1.0,0.0,0.0,1.0,0.0,0.0,0.0,1.0,0.0,0.0,0.0,1.0,0.393939393939394,0.45833333333333326,0.6427439125168093,1
0.38823676709842325,0.447517537800759,0.5354656364574275,1.0000000000000004,0.0,0.5285714285714287,0.4500000000000002,2022,5,0.3999,1.0,0.0,0.0,1.0,0.0,0.0,1.0,0.0,0.0,0.0,1.0,0.0,0.0,0.0,0.0,0.0,1.0,0.48484848484848486,0.47916666666666674,0.6427439125168093,0
0.6596842761989657,0.7075829848894277,0.5354656364574275,0.0,0.0,0.4285714285714286,0.5,2022,8,0.102,0.0,1.0,0.0,1.0,0.0,0.0,1.0,0.0,0.0,0.0,0.0,1.0,0.0,0.0,0.0,1.0,0.0,0.393939393939394,0.45833333333333326,0.28844180225299054,0
0.6596842761989657,0.47403795200027954,0.5354656364574275,0.0,0.0,0.4285714285714286,0.5,2021,5,0.3999,1.0,0.0,0.0,0.0,0.0,1.0,1.0,0.0,0.0,0.0,0.0,1.0,0.0,0.0,0.0,1.0,0.0,0.393939393939394,0.45833333333333326,0.28844180225299054,1
0.7059613126314263,0.47403795200027954,0.5354656364574275,0.0,0.0,0.4285714285714286,0.5,2021,8,0.1074,0.0,1.0,0.0,1.0,0.0,0.0,1.0,0.0,0.0,0.0,0.0,0.0,1.0,1.0,0.0,0.0,0.0,0.393939393939394,0.45833333333333326,0.2436929589308451,1
0.8798129963733904,0.47403795200027954,0.5354656364574275,1.0000000000000004,1.0,0.4285714285714286,0.5,2020,9,0.3999,0.0,0.0,1.0,0.0,1.0,0.0,1.0,0.0,0.0,0.0,0.0,1.0,0.0,0.0,0.0,0.0,1.0,0.393939393939394,0.45833333333333326,0.13878536680808576,1
0.6596842761989657,0.7874401243240841,0.5354656364574275,0.0,0.0,0.4285714285714286,0.5,2024,8,0.2057,1.0,0.0,0.0,0.0,1.0,0.0,0.0,0.0,1.0,0.0,0.0,1.0,0.0,0.0,0.0,0.0,1.0,0.393939393939394,0.45833333333333326,0.28844180225299054,1
0.9521851354989413,0.447517537800759,0.5354656364574275,0.0,1.0,0.4285714285714286,0.5,2023,1,0.3999,0.0,0.0,1.0,1.0,0.0,0.0,1.0,0.0,0.0,0.0,0.0,1.0,0.0,0.0,0.0,0.0,1.0,0.393939393939394,0.45833333333333326,0.034004338394475614,1
0.38823676709842325,0.447517537800759,0.5354656364574275,0.0,0.0,0.4285714285714286,0.5,2024,9,0.185,0.0,1.0,0.0,1.0,0.0,0.0,0.0,1.0,0.0,0.0,0.0,1.0,0.0,0.0,1.0,0.0,0.0,0.393939393939394,0.45833333333333326,0.5826050444903135,1
0.6007619328947518,0.3056195945699809,0.6574156301296643,0.0,0.0,0.4285714285714286,0.5,2024,5,0.3999,1.0,0.0,0.0,1.0,0.0,0.0,0.0,0.0,1.0,0.0,1.0,0.0,0.0,1.0,0.0,0.0,0.0,0.393939393939394,0.45833333333333326,0.34753163729127323,0
0.9750145535549487,0.47403795200027954,0.5354656364574275,0.0,1.0,0.4285714285714286,0.5,2020,6,0.1074,1.0,0.0,0.0,1.0,0.0,0.0,1.0,0.0,0.0,0.0,0.0,1.0,0.0,0.0,0.0,0.0,1.0,0.393939393939394,0.45833333333333326,0.017455542501302573,1
0.6596842761989657,0.47403795200027954,0.5354656364574275,1.0000000000000004,0.0,0.4285714285714286,0.5,2020,2,0.3999,0.0,1.0,0.0,1.0,0.0,0.0,0.0,0.0,1.0,0.0,0.0,1.0,0.0,0.0,0.0,1.0,0.0,0.393939393939394,0.45833333333333326,0.34478095320423274,0
0.914278985733633,0.47403795200027954,0.8468092285777598,1.0000000000000004,0.0,0.5,0.75,2021,7,0.102,1.0,0.0,0.0,0.0,0.0,1.0,1.0,0.0,0.0,0.0,1.0,0.0,0.0,1.0,0.0,0.0,0.0,0.3434343434343435,0.6319444444444444,0.10973474711430861,0
0.7059613126314263,0.47403795200027954,0.835838014569739,0.0,0.0,0.4285714285714286,0.5,2024,6,0.102,1.0,0.0,0.0,1.0,0.0,0.0,1.0,0.0,0.0,0.0,1.0,0.0,0.0,0.0,0.0,1.0,0.0,0.393939393939394,0.45833333333333326,0.2436929589308451,0
0.6596842761989657,0.47403795200027954,0.5354656364574275,0.0,0.0,0.4285714285714286,0.5,2025,3,0.102,1.0,0.0,0.0,0.0,0.0,1.0,1.0,0.0,0.0,0.0,0.0,0.0,1.0,0.0,0.0,0.0,1.0,0.393939393939394,0.45833333333333326,0.28844180225299054,1
0.6596842761989657,0.11753191322556367,0.5354656364574275,1.0000000000000004,0.0,0.4285714285714286,0.5,2021,8,0.3999,1.0,0.0,0.0,0.0,1.0,0.0,1.0,0.0,0.0,0.0,1.0,0.0,0.0,0.0,0.0,1.0,0.0,0.393939393939394,0.45833333333333326,0.34478095320423274,1
0.38823676709842325,0.8547556456757275,0.5354656364574275,0.0,1.0,0.4285714285714286,0.5,2022,9,0.102,0.0,0.0,1.0,0.0,0.0,1.0,0.0,0.0,0.0,1.0,0.0,1.0,0.0,1.0,0.0,0.0,0.0,0.393939393939394,0.45833333333333326,0.5826050444903135,1
0.7059613126314263,0.447517537800759,0.5354656364574275,0.0,1.0,0.4285714285714286,0.5,2020,3,0.185,0.0,1.0,0.0,0.0,1.0,0.0,0.0,0.0,1.0,0.0,0.0,0.0,1.0,0.0,1.0,0.0,0.0,0.393939393939394,0.45833333333333326,0.2436929589308451,0
0.6596842761989657,0.447517537800759,0.5354656364574275,0.0,0.0,0.4285714285714286,0.5,2021,4,0.1074,0.0,0.0,1.0,0.0,0.0,1.0,0.0,0.0,1.0,0.0,1.0,0.0,0.0,0.0,1.0,0.0,0.0,0.393939393939394,0.45833333333333326,0.28844180225299054,1
0.7059613126314263,0.525426709709921,0.7077476647896876,0.0,0.0,0.4285714285714286,0.5,2025,2,0.185,0.0,0.0,1.0,0.0,1.0,0.0,1.0,0.0,0.0,0.0,0.0,1.0,0.0,1.0,0.0,0.0,0.0,0.393939393939394,0.45833333333333326,0.2436929589308451,0
0.6596842761989657,0.47403795200027954,0.5354656364574275,0.0,0.0,0.4285714285714286,0.5,2021,8,0.185,0.0,0.0,1.0,0.0,0.0,1.0,0.0,1.0,0.0,0.0,1.0,0.0,0.0,1.0,0.0,0.0,0.0,0.393939393939394,0.45833333333333326,0.28844180225299054,0
0.8907403066013384,0.47403795200027954,0.5354656364574275,0.0,0.0,0.08571428571428585,0.40000000000000013,2024,9,0.185,1.0,0.0,0.0,1.0,0.0,0.0,1.0,0.0,0.0,0.0,1.0,0.0,0.0,1.0,0.0,0.0,0.0,0.19191919191919193,0.23611111111111138,0.08124334521593937,0
0.7059613126314263,0.47403795200027954,0.5354656364574275,0.0,0.0,0.4285714285714286,0.5,2021,3,0.3999,0.0,0.0,1.0,0.0,1.0,0.0,0.0,0.0,0.0,1.0,1.0,0.0,0.0,0.0,0.0,0.0,1.0,0.393939393939394,0.45833333333333326,0.2436929589308451,1
0.38823676709842325,0.3528273392137007,0.3158310975377949,0.0,0.0,0.4285714285714286,0.5,2024,5,0.1074,0.0,1.0,0.0,1.0,0.0,0.0,1.0,0.0,0.0,0.0,1.0,0.0,0.0,0.0,0.0,0.0,1.0,0.393939393939394,0.45833333333333326,0.5826050444903135,0
0.7509524161184398,0.3116203447626149,0.8896828119009514,0.0,0.0,0.4285714285714286,0.5,2020,2,0.3999,0.0,1.0,0.0,0.0,1.0,0.0,1.0,0.0,0.0,0.0,1.0,0.0,0.0,0.0,0.0,1.0,0.0,0.393939393939394,0.45833333333333326,0.20164015746276445,1
0.45057144967106383,0.42588274198223797,0.14886875138769273,0.0,0.0,0.4285714285714286,0.5,2022,5,0.2057,0.0,0.0,1.0,1.0,0.0,0.0,0.0,1.0,0.0,0.0,1.0,0.0,0.0,1.0,0.0,0.0,0.0,0.393939393939394,0.45833333333333326,0.5094629413016346,0
0.8683052090642308,0.47403795200027954,0.5354656364574275,1.0000000000000004,0.0,0.4285714285714286,0.5,2023,11,0.2057,1.0,0.0,0.0,1.0,0.0,0.0,1.0,0.0,0.0,0.0,0.0,0.0,1.0,1.0,0.0,0.0,0.0,0.393939393939394,0.45833333333333326,0.14870460739277583,1
0.38823676709842325,0.447517537800759,0.5354656364574275,0.0,1.0,0.4285714285714286,0.5,2020,10,0.185,0.0,1.0,0.0,1.0,0.0,0.0,0.0,1.0,0.0,0.0,1.0,0.0,0.0,0.0,0.0,0.0,1.0,0.393939393939394,0.45833333333333326,0.5826050444903135,1
0.6596842761989657,0.47403795200027954,0.5354656364574275,1.0000000000000004,1.0,0.0,0.625,2022,6,0.2057,0.0,0.0,1.0,0.0,1.0,0.0,0.0,1.0,0.0,0.0,0.0,0.0,1.0,0.0,1.0,0.0,0.0,0.04040404040404041,0.31944444444444464,0.34478095320423274,0
0.7059613126314263,0.447517537800759,0.5354656364574275,0.0,0.0,0.4285714285714286,0.5,2023,11,0.102,0.0,0.0,1.0,0.0,0.0,1.0,0.0,0.0,1.0,0.0,1.0,0.0,0.0,1.0,0.0,0.0,0.0,0.393939393939394,0.45833333333333326,0.2436929589308451,0
0.4216379923242304,0.3757703587966228,0.5354656364574275,0.0,0.0,0.4285714285714286,0.5,2024,11,0.3999,0.0,1.0,0.0,1.0,0.0,0.0,0.0,0.0,1.0,0.0,0.0,1.0,0.0,0.0,0.0,0.0,1.0,0.393939393939394,0.45833333333333326,0.5428792661115055,0
0.6596842761989657,0.4313271293300378,0.3498763287364808,0.0,1.0,0.4285714285714286,0.5,2024,9,0.102,1.0,0.0,0.0,0.0,0.0,1.0,0.0,0.0,1.0,0.0,0.0,0.0,1.0,1.0,0.0,0.0,0.0,0.393939393939394,0.45833333333333326,0.28844180225299054,0
0.38823676709842325,0.47403795200027954,0.5636976314849393,0.0,0.0,0.4285714285714286,0.5,2021,5,0.3999,0.0,1.0,0.0,0.0,0.0,1.0,0.0,1.0,0.0,0.0,0.0,0.0,1.0,0.0,0.0,0.0,1.0,0.393939393939394,0.45833333333333326,0.5826050444903135,1
0.38823676709842325,0.47403795200027954,0.5354656364574275,0.0,0.0,0.4285714285714286,0.5,2024,3,0.2057,0.0,1.0,0.0,0.0,0.0,1.0,0.0,0.0,1.0,0.0,0.0,1.0,0.0,0.0,0.0,1.0,0.0,0.393939393939394,0.45833333333333326,0.5826050444903135,1
0.7059613126314263,0.8392440986210983,0.5354656364574275,0.0,0.0,0.4285714285714286,0.5,2023,6,0.102,0.0,1.0,0.0,1.0,0.0,0.0,1.0,0.0,0.0,0.0,1.0,0.0,0.0,0.0,0.0,0.0,1.0,0.393939393939394,0.45833333333333326,0.2436929589308451,0
0.8871587529039012,0.47403795200027954,0.5354656364574275,0.0,0.0,0.4285714285714286,0.5,2020,10,0.2057,0.0,1.0,0.0,1.0,0.0,0.0,1.0,0.0,0.0,0.0,0.0,1.0,0.0,0.0,0.0,1.0,0.0,0.393939393939394,0.45833333333333326,0.08411262040353126,1
0.8432759846484608,0.47403795200027954,0.7441104797203657,1.0000000000000004,0.0,0.7714285714285714,0.8500000000000001,2021,7,0.2057,0.0,1.0,0.0,0.0,1.0,0.0,0.0,0.0,1.0,0.0,0.0,1.0,0.0,0.0,0.0,1.0,0.0,0.494949494949495,0.8194444444444444,0.170640154510616,1
0.7059613126314263,0.47403795200027954,0.5354656364574275,0.0,1.0,0.4285714285714286,0.5,2023,9,0.3999,0.0,0.0,1.0,0.0,1.0,0.0,0.0,1.0,0.0,0.0,0.0,1.0,0.0,0.0,0.0,0.0,1.0,0.393939393939394,0.45833333333333326,0.2436929589308451,1
0.38823676709842325,0.34702426153413235,0.5354656364574275,0.0,0.0,0.4285714285714286,0.5,2022,9,0.102,0.0,1.0,0.0,0.0,1.0,0.0,0.0,0.0,1.0,0.0,0.0,1.0,0.0,0.0,0.0,1.0,0.0,0.393939393939394,0.45833333333333326,0.5826050444903135,1
0.38823676709842325,0.47403795200027954,0.5354656364574275,0.0,0.0,0.4285714285714286,0.5,2022,8,0.185,0.0,0.0,1.0,1.0,0.0,0.0,1.0,0.0,0.0,0.0,0.0,0.0,1.0,0.0,0.0,0.0,1.0,0.393939393939394,0.45833333333333326,0.5826050444903135,0
0.7059613126314263,0.47403795200027954,0.5354656364574275,1.0000000000000004,0.0,0.4285714285714286,0.5,2024,4,0.185,1.0,0.0,0.0,0.0,0.0,1.0,0.0,0.0,1.0,0.0,1.0,0.0,0.0,0.0,0.0,0.0,1.0,0.393939393939394,0.45833333333333326,0.29887056355028807,1
0.38823676709842325,0.47403795200027954,0.5354656364574275,1.0000000000000004,0.0,0.34285714285714297,0.8000000000000003,2023,8,0.3999,0.0,1.0,0.0,0.0,0.0,1.0,0.0,0.0,1.0,0.0,0.0,1.0,0.0,0.0,0.0,0.0,1.0,0.21212121212121213,0.5833333333333333,0.6427439125168093,1
0.6596842761989657,0.47403795200027954,0.476847824478952,0.0,0.0,0.4285714285714286,0.5,2024,7,0.185,0.0,1.0,0.0,0.0,1.0,0.0,1.0,0.0,0.0,0.0,0.0,0.0,1.0,0.0,1.0,0.0,0.0,0.393939393939394,0.45833333333333326,0.28844180225299054,1
0.7059613126314263,0.447517537800759,0.5354656364574275,0.0,0.0,0.4285714285714286,0.5,2020,8,0.185,1.0,0.0,0.0,1.0,0.0,0.0,0.0,1.0,0.0,0.0,0.0,1.0,0.0,0.0,0.0,0.0,1.0,0.393939393939394,0.45833333333333326,0.2436929589308451,0
0.6596842761989657,0.447517537800759,0.5354656364574275,0.0,0.0,0.3142857142857143,0.625,2023,10,0.3999,1.0,0.0,0.0,0.0,1.0,0.0,1.0,0.0,0.0,0.0,0.0,1.0,0.0,0.0,0.0,0.0,1.0,0.26262626262626265,0.4722222222222223,0.28844180225299054,0
0.38823676709842325,0.47403795200027954,0.26280864795822545,0.0,0.0,0.4285714285714286,0.5,2023,9,0.185,0.0,0.0,1.0,0.0,0.0,1.0,0.0,1.0,0.0,0.0,0.0,0.0,1.0,0.0,1.0,0.0,0.0,0.393939393939394,0.45833333333333326,0.5826050444903135,0
0.6596842761989657,0.47403795200027954,0.5354656364574275,0.0,0.0,0.4285714285714286,0.5,2023,12,0.3999,1.0,0.0,0.0,0.0,0.0,1.0,0.0,0.0,1.0,0.0,0.0,0.0,1.0,0.0,1.0,0.0,0.0,0.393939393939394,0.45833333333333326,0.28844180225299054,0
0.7764735341968465,0.47403795200027954,0.5354656364574275,0.0,0.0,0.8857142857142857,0.9250000000000003,2021,11,0.102,1.0,0.0,0.0,0.0,0.0,1.0,0.0,1.0,0.0,0.0,0.0,1.0,0.0,0.0,0.0,0.0,1.0,0.5454545454545455,0.9166666666666667,0.1784549672789428,0
0.38823676709842325,0.5552624811526794,0.5354656364574275,1.0000000000000004,0.0,0.4285714285714286,0.5,2024,4,0.2057,1.0,0.0,0.0,1.0,0.0,0.0,0.0,1.0,0.0,0.0,0.0,1.0,0.0,1.0,0.0,0.0,0.0,0.393939393939394,0.45833333333333326,0.6427439125168093,0
0.8871587529039012,0.47403795200027954,0.5354656364574275,1.0000000000000004,0.0,0.8857142857142857,0.5249999999999999,2021,1,0.1074,1.0,0.0,0.0,0.0,0.0,1.0,1.0,0.0,0.0,0.0,0.0,0.0,1.0,0.0,1.0,0.0,0.0,0.7070707070707072,0.6944444444444444,0.1325100329080017,0
0.8835170022161242,0.47403795200027954,0.5354656364574275,0.0,0.0,0.4285714285714286,0.5,2025,7,0.3999,0.0,0.0,1.0,0.0,0.0,1.0,1.0,0.0,0.0,0.0,1.0,0.0,0.0,0.0,0.0,1.0,0.0,0.393939393939394,0.45833333333333326,0.0870426895416461,0
0.6596842761989657,0.525426709709921,0.4617174859980837,1.0000000000000004,0.0,0.4285714285714286,0.5,2022,4,0.2057,1.0,0.0,0.0,0.0,1.0,0.0,0.0,0.0,0.0,1.0,1.0,0.0,0.0,0.0,0.0,0.0,1.0,0.393939393939394,0.45833333333333326,0.34478095320423274,1
0.6596842761989657,0.447517537800759,0.5354656364574275,0.0,1.0,0.4285714285714286,0.5,2024,3,0.3999,0.0,0.0,1.0,1.0,0.0,0.0,0.0,0.0,1.0,0.0,1.0,0.0,0.0,1.0,0.0,0.0,0.0,0.393939393939394,0.45833333333333326,0.28844180225299054,1
0.5195737064824407,0.47403795200027954,0.5354656364574275,0.0,1.0,0.4285714285714286,0.5,2020,6,0.185,0.0,0.0,1.0,0.0,1.0,0.0,0.0,0.0,1.0,0.0,0.0,0.0,1.0,0.0,0.0,0.0,1.0,0.393939393939394,0.45833333333333326,0.4328924311374578,1
0.6596842761989657,0.447517537800759,0.5354656364574275,1.0000000000000004,0.0,0.4285714285714286,0.5,2025,9,0.185,0.0,0.0,1.0,1.0,0.0,0.0,0.0,0.0,1.0,0.0,1.0,0.0,0.0,1.0,0.0,0.0,0.0,0.393939393939394,0.45833333333333326,0.34478095320423274,0
0.6596842761989657,0.25653244797659136,0.5354656364574275,0.0,0.0,0.4285714285714286,0.5,2022,7,0.3999,0.0,1.0,0.0,1.0,0.0,0.0,0.0,0.0,1.0,0.0,1.0,0.0,0.0,1.0,0.0,0.0,0.0,0.393939393939394,0.45833333333333326,0.28844180225299054,0
0.7881887691669792,0.6175319132255637,0.5354656364574275,0.0,0.0,0.4285714285714286,0.5,2025,1,0.2057,0.0,0.0,1.0,1.0,0.0,0.0,1.0,0.0,0.0,0.0,1.0,0.0,0.0,1.0,0.0,0.0,0.0,0.393939393939394,0.45833333333333326,0.16798132101993654,1
0.6596842761989657,0.47403795200027954,0.5354656364574275,0.0,0.0,0.40000000000000013,0.6000000000000001,2024,7,0.102,0.0,0.0,1.0,0.0,1.0,0.0,0.0,0.0,1.0,0.0,1.0,0.0,0.0,0.0,0.0,1.0,0.0,0.33333333333333337,0.5,0.28844180225299054,1
0.6596842761989657,0.19229127057113082,0.5354656364574275,0.0,1.0,0.842857142857143,0.30000000000000004,2024,2,0.3999,1.0,0.0,0.0,1.0,0.0,0.0,0.0,0.0,0.0,1.0,1.0,0.0,0.0,0.0,0.0,0.0,1.0,0.7676767676767677,0.5486111111111114,0.28844180225299054,0
0.6596842761989657,0.6498031459531934,0.06615825826759014,0.0,0.0,0.4285714285714286,0.5,2020,1,0.185,1.0,0.0,0.0,1.0,0.0,0.0,0.0,1.0,0.0,0.0,0.0,0.0,1.0,0.0,0.0,0.0,1.0,0.393939393939394,0.45833333333333326,0.28844180225299054,1
0.7059613126314263,0.47403795200027954,0.5354656364574275,0.0,1.0,0.4285714285714286,0.5,2021,8,0.185,0.0,0.0,1.0,1.0,0.0,0.0,0.0,0.0,1.0,0.0,0.0,1.0,0.0,0.0,1.0,0.0,0.0,0.393939393939394,0.45833333333333326,0.2436929589308451,1
0.7059613126314263,0.47403795200027954,0.5354656364574275,0.0,0.0,0.4285714285714286,0.5,2025,2,0.1074,0.0,0.0,1.0,0.0,1.0,0.0,1.0,0.0,0.0,0.0,1.0,0.0,0.0,0.0,1.0,0.0,0.0,0.393939393939394,0.45833333333333326,0.2436929589308451,1
0.38823676709842325,0.2502568531033167,0.9610903055226858,0.0,0.0,0.4285714285714286,0.5,2023,12,0.1074,0.0,0.0,1.0,0.0,0.0,1.0,0.0,0.0,1.0,0.0,0.0,1.0,0.0,0.0,1.0,0.0,0.0,0.393939393939394,0.45833333333333326,0.5826050444903135,1
0.6596842761989657,0.47403795200027954,0.8684445203976638,0.0,0.0,0.4285714285714286,0.5,2023,6,0.3999,1.0,0.0,0.0,0.0,0.0,1.0,1.0,0.0,0.0,0.0,1.0,0.0,0.0,0.0,0.0,1.0,0.0,0.393939393939394,0.45833333333333326,0.28844180225299054,1
0.7059613126314263,0.47403795200027954,0.5354656364574275,0.0,1.0,0.4285714285714286,0.5,2025,1,0.3999,0.0,1.0,0.0,0.0,0.0,1.0,1.0,0.0,0.0,0.0,0.0,0.0,1.0,0.0,0.0,1.0,0.0,0.393939393939394,0.45833333333333326,0.2436929589308451,0
0.6596842761989657,0.47403795200027954,0.2984254400388755,0.0,0.0,0.4285714285714286,0.5,2021,11,0.2057,0.0,0.0,1.0,1.0,0.0,0.0,0.0,1.0,0.0,0.0,0.0,0.0,1.0,0.0,0.0,0.0,1.0,0.393939393939394,0.45833333333333326,0.28844180225299054,1
0.7059613126314263,0.447517537800759,0.5354656364574275,0.0,0.0,0.4285714285714286,0.5,2024,10,0.2057,0.0,0.0,1.0,0.0,0.0,1.0,0.0,0.0,0.0,1.0,0.0,1.0,0.0,0.0,1.0,0.0,0.0,0.393939393939394,0.45833333333333326,0.2436929589308451,0
0.6596842761989657,0.5203831373164682,0.5354656364574275,0.0,0.0,0.4285714285714286,0.5,2023,6,0.2057,0.0,1.0,0.0,0.0,0.0,1.0,0.0,0.0,1.0,0.0,1.0,0.0,0.0,0.0,0.0,0.0,1.0,0.393939393939394,0.45833333333333326,0.28844180225299054,1
0.4216379923242304,0.47403795200027954,0.5354656364574275,1.0000000000000004,0.0,0.4285714285714286,0.5,2024,1,0.185,0.0,0.0,1.0,1.0,0.0,0.0,0.0,0.0,1.0,0.0,0.0,1.0,0.0,1.0,0.0,0.0,0.0,0.393939393939394,0.45833333333333326,0.602748851294205,1
0.764088502509945,0.447517537800759,0.5354656364574275,0.0,0.0,0.4285714285714286,0.5,2022,7,0.3999,0.0,1.0,0.0,0.0,0.0,1.0,1.0,0.0,0.0,0.0,0.0,1.0,0.0,1.0,0.0,0.0,0.0,0.393939393939394,0.45833333333333326,0.18964410734058876,0
0.7059613126314263,0.47403795200027954,0.5354656364574275,0.0,0.0,0.4285714285714286,0.5,2025,3,0.102,0.0,0.0,1.0,0.0,1.0,0.0,1.0,0.0,0.0,0.0,0.0,0.0,1.0,0.0,0.0,0.0,1.0,0.393939393939394,0.45833333333333326,0.2436929589308451,1
0.6596842761989657,0.47403795200027954,0.5354656364574275,0.0,0.0,0.4285714285714286,0.5,2024,5,0.102,1.0,0.0,0.0,0.0,1.0,0.0,1.0,0.0,0.0,0.0,0.0,0.0,1.0,0.0,1.0,0.0,0.0,0.393939393939394,0.45833333333333326,0.28844180225299054,0
0.6793959560724938,0.447517537800759,0.5354656364574275,0.0,1.0,0.4285714285714286,0.5,2020,6,0.1074,1.0,0.0,0.0,0.0,1.0,0.0,0.0,0.0,1.0,0.0,0.0,1.0,0.0,0.0,1.0,0.0,0.0,0.393939393939394,0.45833333333333326,0.26920028773358684,1
0.38823676709842325,0.47403795200027954,0.5354656364574275,0.0,0.0,0.4285714285714286,0.5,2025,6,0.3999,0.0,0.0,1.0,0.0,0.0,1.0,1.0,0.0,0.0,0.0,0.0,1.0,0.0,0.0,0.0,1.0,0.0,0.393939393939394,0.45833333333333326,0.5826050444903135,1
0.38823676709842325,0.2312361408186021,0.5354656364574275,0.0,1.0,0.4285714285714286,0.5,2023,12,0.3999,0.0,1.0,0.0,0.0,0.0,1.0,0.0,0.0,1.0,0.0,0.0,0.0,1.0,0.0,0.0,0.0,1.0,0.393939393939394,0.45833333333333326,0.5826050444903135,1
0.9725935332246339,0.47403795200027954,0.5354656364574275,0.0,0.0,0.15714285714285725,0.15000000000000013,2022,11,0.185,0.0,1.0,0.0,1.0,0.0,0.0,0.0,0.0,1.0,0.0,0.0,1.0,0.0,0.0,0.0,0.0,1.0,0.3434343434343435,0.13194444444444464,0.01918370494016927,0
0.9934664678721488,0.47403795200027954,0.6574156301296643,1.0000000000000004,1.0,0.34285714285714297,0.3250000000000002,2022,2,0.102,0.0,0.0,1.0,0.0,0.0,1.0,1.0,0.0,0.0,0.0,1.0,0.0,0.0,0.0,0.0,1.0,0.0,0.4040404040404041,0.31944444444444464,0.047055636694355335,0
0.38823676709842325,0.8852053836391041,0.5354656364574275,0.0,1.0,0.4285714285714286,0.5,2023,6,0.2057,0.0,0.0,1.0,1.0,0.0,0.0,0.0,0.0,1.0,0.0,0.0,1.0,0.0,0.0,0.0,0.0,1.0,0.393939393939394,0.45833333333333326,0.5826050444903135,0
0.38823676709842325,0.6406686469177232,0.5354656364574275,1.0000000000000004,0.0,0.2857142857142858,0.050000000000000044,2024,5,0.1074,0.0,0.0,1.0,0.0,0.0,1.0,0.0,0.0,1.0,0.0,0.0,1.0,0.0,1.0,0.0,0.0,0.0,0.47474747474747475,0.13888888888888906,0.6427439125168093,1
0.7059613126314263,0.447517537800759,0.5354656364574275,0.0,0.0,0.4285714285714286,0.9000000000000004,2023,3,0.185,1.0,0.0,0.0,0.0,1.0,0.0,0.0,0.0,0.0,1.0,1.0,0.0,0.0,0.0,0.0,0.0,1.0,0.23232323232323232,0.6805555555555556,0.2436929589308451,1
0.38823676709842325,0.5699139612050423,0.5354656364574275,0.0,0.0,0.4285714285714286,0.5,2022,1,0.3999,0.0,1.0,0.0,0.0,1.0,0.0,0.0,0.0,0.0,1.0,0.0,0.0,1.0,0.0,0.0,0.0,1.0,0.393939393939394,0.45833333333333326,0.5826050444903135,1
0.6596842761989657,0.47403795200027954,0.5354656364574275,0.0,0.0,0.7714285714285714,0.875,2023,6,0.3999,0.0,0.0,1.0,0.0,1.0,0.0,1.0,0.0,0.0,0.0,0.0,0.0,1.0,0.0,0.0,0.0,1.0,0.48484848484848486,0.8333333333333333,0.28844180225299054,1
0.23804628387473534,0.447517537800759,0.5354656364574275,0.0,1.0,0.4285714285714286,0.5,2022,10,0.2057,0.0,0.0,1.0,0.0,1.0,0.0,0.0,0.0,1.0,0.0,0.0,1.0,0.0,0.0,1.0,0.0,0.0,0.393939393939394,0.45833333333333326,0.7845415170589761,0
0.6596842761989657,0.737609032166215,0.5354656364574275,0.0,0.0,0.4285714285714286,0.5,2025,7,0.185,0.0,0.0,1.0,0.0,1.0,0.0,0.0,0.0,1.0,0.0,0.0,1.0,0.0,1.0,0.0,0.0,0.0,0.393939393939394,0.45833333333333326,0.28844180225299054,1
0.7059613126314263,0.47403795200027954,0.835838014569739,0.0,0.0,0.4285714285714286,0.5,2022,7,0.1074,0.0,0.0,1.0,1.0,0.0,0.0,1.0,0.0,0.0,0.0,1.0,0.0,0.0,0.0,0.0,0.0,1.0,0.393939393939394,0.45833333333333326,0.2436929589308451,1
0.6596842761989657,0.447517537800759,0.5354656364574275,0.0,1.0,0.04285714285714293,0.4750000000000001,2023,4,0.1074,0.0,1.0,0.0,0.0,0.0,1.0,0.0,1.0,0.0,0.0,0.0,0.0,1.0,1.0,0.0,0.0,0.0,0.13131313131313133,0.25694444444444464,0.28844180225299054,1
0.7059613126314263,0.7460553099205858,0.5354656364574275,0.0,0.0,0.4285714285714286,0.5,2025,3,0.3999,1.0,0.0,0.0,1.0,0.0,0.0,0.0,0.0,1.0,0.0,0.0,1.0,0.0,1.0,0.0,0.0,0.0,0.393939393939394,0.45833333333333326,0.2436929589308451,1
0.4760925677494707,0.47403795200027954,0.5354656364574275,0.0,0.0,0.4285714285714286,0.5,2020,9,0.3999,1.0,0.0,0.0,1.0,0.0,0.0,1.0,0.0,0.0,0.0,0.0,1.0,0.0,0.0,0.0,0.0,1.0,0.393939393939394,0.45833333333333326,0.4806632293150592,1
0.7059613126314263,0.47403795200027954,0.5354656364574275,1.0000000000000004,0.0,0.4285714285714286,0.5,2023,1,0.2057,0.0,0.0,1.0,1.0,0.0,0.0,1.0,0.0,0.0,0.0,0.0,1.0,0.0,0.0,1.0,0.0,0.0,0.393939393939394,0.45833333333333326,0.29887056355028807,1
0.6596842761989657,0.447517537800759,0.8135785898623755,0.0,0.0,0.4285714285714286,0.5,2020,3,0.2057,0.0,1.0,0.0,0.0,0.0,1.0,1.0,0.0,0.0,0.0,1.0,0.0,0.0,0.0,0.0,0.0,1.0,0.393939393939394,0.45833333333333326,0.28844180225299054,0
0.6262830509731585,0.47403795200027954,0.5354656364574275,1.0000000000000004,1.0,0.4285714285714286,0.5,2024,5,0.185,0.0,0.0,1.0,0.0,0.0,1.0,1.0,0.0,0.0,0.0,0.0,1.0,0.0,0.0,0.0,0.0,1.0,0.393939393939394,0.45833333333333326,0.37870930459541274,1
0.38823676709842325,0.447517537800759,0.5354656364574275,0.0,0.0,0.4285714285714286,0.5,2020,9,0.185,0.0,1.0,0.0,0.0,0.0,1.0,0.0,0.0,1.0,0.0,1.0,0.0,0.0,0.0,1.0,0.0,0.0,0.393939393939394,0.45833333333333326,0.5826050444903135,0
0.6596842761989657,0.447517537800759,0.4151022837625655,0.0,0.0,0.4285714285714286,0.5,2022,6,0.1074,1.0,0.0,0.0,1.0,0.0,0.0,0.0,1.0,0.0,0.0,0.0,0.0,1.0,0.0,0.0,0.0,1.0,0.393939393939394,0.45833333333333326,0.28844180225299054,1
0.7059613126314263,0.447517537800759,0.5354656364574275,1.0000000000000004,0.0,0.4285714285714286,0.5,2024,7,0.2057,0.0,0.0,1.0,0.0,0.0,1.0,0.0,0.0,1.0,0.0,0.0,0.0,1.0,0.0,0.0,0.0,1.0,0.393939393939394,0.45833333333333326,0.29887056355028807,1
0.8199546729298165,0.47403795200027954,0.5354656364574275,0.0,0.0,0.4285714285714286,0.5,2023,3,0.3999,0.0,0.0,1.0,0.0,1.0,0.0,0.0,0.0,1.0,0.0,0.0,1.0,0.0,0.0,1.0,0.0,0.0,0.393939393939394,0.45833333333333326,0.1401398181181376,0
0.6596842761989657,0.8156046833861308,0.476847824478952,0.0,0.0,0.4285714285714286,0.5,2021,8,0.2057,1.0,0.0,0.0,1.0,0.0,0.0,0.0,0.0,1.0,0.0,1.0,0.0,0.0,0.0,0.0,0.0,1.0,0.393939393939394,0.45833333333333326,0.28844180225299054,0
0.7059613126314263,0.47403795200027954,0.5354656364574275,0.0,0.0,0.4285714285714286,0.5,2021,5,0.2057,0.0,1.0,0.0,0.0,1.0,0.0,0.0,0.0,1.0,0.0,1.0,0.0,0.0,1.0,0.0,0.0,0.0,0.393939393939394,0.45833333333333326,0.2436929589308451,1
0.6596842761989657,0.447517537800759,0.7677328182287129,0.0,0.0,0.4285714285714286,0.5,2021,1,0.185,0.0,1.0,0.0,0.0,0.0,1.0,1.0,0.0,0.0,0.0,1.0,0.0,0.0,0.0,0.0,1.0,0.0,0.393939393939394,0.45833333333333326,0.28844180225299054,0
0.6596842761989657,0.47403795200027954,0.5354656364574275,0.0,0.0,0.4285714285714286,0.5,2020,7,0.185,1.0,0.0,0.0,1.0,0.0,0.0,0.0,0.0,0.0,1.0,0.0,1.0,0.0,1.0,0.0,0.0,0.0,0.393939393939394,0.45833333333333326,0.28844180225299054,1
0.38823676709842325,0.11050538862370107,0.5354656364574275,0.0,0.0,0.4285714285714286,0.5,2025,8,0.3999,0.0,1.0,0.0,0.0,1.0,0.0,0.0,0.0,0.0,1.0,1.0,0.0,0.0,0.0,1.0,0.0,0.0,0.393939393939394,0.45833333333333326,0.5826050444903135,1
0.6596842761989657,0.9931300561527361,0.5354656364574275,0.0,0.0,0.4285714285714286,0.5,2025,10,0.3999,1.0,0.0,0.0,0.0,0.0,1.0,0.0,0.0,1.0,0.0,0.0,0.0,1.0,0.0,1.0,0.0,0.0,0.393939393939394,0.45833333333333326,0.28844180225299054,1
0.7059613126314263,0.447517537800759,0.5354656364574275,0.0,0.0,0.4285714285714286,0.5,2023,1,0.3999,1.0,0.0,0.0,0.0,0.0,1.0,0.0,1.0,0.0,0.0,0.0,1.0,0.0,0.0,0.0,0.0,1.0,0.393939393939394,0.45833333333333326,0.2436929589308451,1
0.38823676709842325,0.6406686469177232,0.5354656364574275,0.0,1.0,0.4285714285714286,0.5,2023,11,0.3999,0.0,0.0,1.0,0.0,0.0,1.0,0.0,1.0,0.0,0.0,0.0,0.0,1.0,1.0,0.0,0.0,0.0,0.393939393939394,0.45833333333333326,0.5826050444903135,0
0.38823676709842325,0.447517537800759,0.5210871358800633,1.0000000000000004,0.0,0.4285714285714286,0.5,2024,11,0.3999,1.0,0.0,0.0,0.0,0.0,1.0,0.0,0.0,0.0,1.0,0.0,1.0,0.0,0.0,1.0,0.0,0.0,0.393939393939394,0.45833333333333326,0.6427439125168093,1
0.7059613126314263,0.47403795200027954,0.5354656364574275,0.0,0.0,0.4285714285714286,0.5,2021,8,0.1074,0.0,1.0,0.0,1.0,0.0,0.0,1.0,0.0,0.0,0.0,0.0,0.0,1.0,1.0,0.0,0.0,0.0,0.393939393939394,0.45833333333333326,0.2436929589308451,1
0.6596842761989657,0.447517537800759,0.5354656364574275,0.0,0.0,0.4285714285714286,0.5,2023,8,0.3999,0.0,0.0,1.0,0.0,0.0,1.0,0.0,0.0,0.0,1.0,0.0,1.0,0.0,0.0,0.0,1.0,0.0,0.393939393939394,0.45833333333333326,0.28844180225299054,0
0.6596842761989657,0.47403795200027954,0.5354656364574275,0.0,1.0,0.4285714285714286,0.5,2020,12,0.102,0.0,1.0,0.0,0.0,1.0,0.0,0.0,0.0,0.0,1.0,1.0,0.0,0.0,1.0,0.0,0.0,0.0,0.393939393939394,0.45833333333333326,0.28844180225299054,0
0.8561517958551143,0.47403795200027954,0.5354656364574275,0.0,1.0,0.4285714285714286,0.5,2022,2,0.2057,0.0,0.0,1.0,1.0,0.0,0.0,0.0,1.0,0.0,0.0,1.0,0.0,0.0,0.0,0.0,0.0,1.0,0.393939393939394,0.45833333333333326,0.10945724761671569,0
0.7059613126314263,0.447517537800759,0.5354656364574275,1.0000000000000004,0.0,0.4285714285714286,0.5,2022,6,0.3999,0.0,0.0,1.0,0.0,1.0,0.0,1.0,0.0,0.0,0.0,1.0,0.0,0.0,0.0,0.0,1.0,0.0,0.393939393939394,0.45833333333333326,0.29887056355028807,1
0.7059613126314263,0.447517537800759,0.5354656364574275,0.0,1.0,0.4285714285714286,0.5,2024,10,0.1074,0.0,1.0,0.0,1.0,0.0,0.0,0.0,0.0,0.0,1.0,0.0,1.0,0.0,0.0,0.0,0.0,1.0,0.393939393939394,0.45833333333333326,0.2436929589308451,1
0.7059613126314263,0.447517537800759,0.6181761295775301,1.0000000000000004,0.0,0.10000000000000009,0.7000000000000002,2022,6,0.1074,0.0,0.0,1.0,0.0,1.0,0.0,0.0,0.0,1.0,0.0,0.0,1.0,0.0,0.0,0.0,0.0,1.0,0.08080808080808081,0.4097222222222223,0.29887056355028807,1
0.6596842761989657,0.47403795200027954,0.5354656364574275,1.0000000000000004,1.0,0.4285714285714286,0.5,2022,10,0.185,1.0,0.0,0.0,0.0,1.0,0.0,0.0,0.0,1.0,0.0,0.0,1.0,0.0,1.0,0.0,0.0,0.0,0.393939393939394,0.45833333333333326,0.34478095320423274,1
0.4216379923242304,0.47403795200027954,0.5210871358800633,0.0,0.0,0.4285714285714286,0.5,2024,4,0.3999,1.0,0.0,0.0,0.0,0.0,1.0,1.0,0.0,0.0,0.0,0.0,1.0,0.0,0.0,0.0,0.0,1.0,0.393939393939394,0.45833333333333326,0.5428792661115055,0
0.38823676709842325,0.447517537800759,0.5354656364574275,1.0000000000000004,0.0,0.4285714285714286,0.5,2025,6,0.3999,0.0,1.0,0.0,0.0,1.0,0.0,1.0,0.0,0.0,0.0,0.0,0.0,1.0,0.0,1.0,0.0,0.0,0.393939393939394,0.45833333333333326,0.6427439125168093,1
0.7059613126314263,0.47403795200027954,0.6702053117729241,0.0,0.0,0.4285714285714286,0.5,2022,6,0.2057,0.0,1.0,0.0,0.0,1.0,0.0,0.0,0.0,1.0,0.0,0.0,1.0,0.0,0.0,0.0,1.0,0.0,0.393939393939394,0.45833333333333326,0.2436929589308451,1
0.7059613126314263,0.5552624811526794,0.5354656364574275,0.0,1.0,0.4285714285714286,0.5,2020,10,0.3999,0.0,1.0,0.0,0.0,0.0,1.0,1.0,0.0,0.0,0.0,1.0,0.0,0.0,0.0,0.0,0.0,1.0,0.393939393939394,0.45833333333333326,0.2436929589308451,0
0.7059613126314263,0.47403795200027954,0.5354656364574275,0.0,0.0,0.4285714285714286,0.5,2022,7,0.185,1.0,0.0,0.0,1.0,0.0,0.0,0.0,0.0,1.0,0.0,0.0,0.0,1.0,0.0,1.0,0.0,0.0,0.393939393939394,0.45833333333333326,0.2436929589308451,0
0.6596842761989657,0.47403795200027954,0.7321160261480628,0.0,0.0,0.9428571428571431,0.050000000000000044,2021,11,0.3999,1.0,0.0,0.0,0.0,1.0,0.0,1.0,0.0,0.0,0.0,0.0,1.0,0.0,0.0,1.0,0.0,0.0,0.9393939393939396,0.45833333333333326,0.28844180225299054,0
0.6596842761989657,0.7119174418342493,0.5354656364574275,0.0,0.0,0.9857142857142858,0.75,2020,3,0.2057,0.0,0.0,1.0,1.0,0.0,0.0,0.0,1.0,0.0,0.0,0.0,0.0,1.0,0.0,0.0,1.0,0.0,0.686868686868687,0.8680555555555556,0.28844180225299054,0
0.38823676709842325,0.9367475852276459,0.5354656364574275,1.0000000000000004,0.0,0.4285714285714286,0.5,2025,5,0.1074,0.0,0.0,1.0,1.0,0.0,0.0,0.0,0.0,0.0,1.0,1.0,0.0,0.0,0.0,1.0,0.0,0.0,0.393939393939394,0.45833333333333326,0.6427439125168093,1
1.0,0.447517537800759,0.6444830440585729,0.0,1.0,0.4285714285714286,0.5,2025,7,0.185,0.0,0.0,1.0,0.0,0.0,1.0,1.0,0.0,0.0,0.0,1.0,0.0,0.0,0.0,0.0,0.0,1.0,0.393939393939394,0.45833333333333326,0.0,0
0.38823676709842325,0.47403795200027954,0.5354656364574275,0.0,0.0,0.4285714285714286,0.5,2020,12,0.3999,0.0,0.0,1.0,0.0,1.0,0.0,0.0,1.0,0.0,0.0,1.0,0.0,0.0,0.0,1.0,0.0,0.0,0.393939393939394,0.45833333333333326,0.5826050444903135,0
0.7059613126314263,0.447517537800759,0.8247618112730857,0.0,0.0,0.4285714285714286,0.5,2025,1,0.3999,0.0,1.0,0.0,0.0,1.0,0.0,1.0,0.0,0.0,0.0,0.0,1.0,0.0,0.0,0.0,1.0,0.0,0.393939393939394,0.45833333333333326,0.2436929589308451,1
0.6596842761989657,0.28132025205531574,0.5354656364574275,0.0,1.0,0.4285714285714286,0.5,2022,6,0.102,0.0,0.0,1.0,1.0,0.0,0.0,0.0,1.0,0.0,0.0,0.0,1.0,0.0,0.0,0.0,0.0,1.0,0.393939393939394,0.45833333333333326,0.28844180225299054,0
0.8342463837423743,0.47403795200027954,0.5354656364574275,0.0,0.0,0.8999999999999999,0.9250000000000003,2020,5,0.1074,0.0,1.0,0.0,0.0,1.0,0.0,1.0,0.0,0.0,0.0,1.0,0.0,0.0,0.0,0.0,1.0,0.0,0.5555555555555557,0.9236111111111114,0.12788895786680674,0
0.38823676709842325,0.6768075476510531,0.5354656364574275,0.0,0.0,0.4285714285714286,0.5,2020,8,0.1074,0.0,1.0,0.0,1.0,0.0,0.0,1.0,0.0,0.0,0.0,0.0,1.0,0.0,0.0,0.0,0.0,1.0,0.393939393939394,0.45833333333333326,0.5826050444903135,0
0.38823676709842325,0.47403795200027954,0.5354656364574275,0.0,0.0,0.4285714285714286,0.5,2022,3,0.102,0.0,0.0,1.0,1.0,0.0,0.0,1.0,0.0,0.0,0.0,0.0,0.0,1.0,0.0,0.0,1.0,0.0,0.393939393939394,0.45833333333333326,0.5826050444903135,1
0.7059613126314263,0.28744012432408406,0.6574156301296643,0.0,0.0,0.4285714285714286,0.5,2025,5,0.3999,1.0,0.0,0.0,0.0,0.0,1.0,1.0,0.0,0.0,0.0,0.0,1.0,0.0,1.0,0.0,0.0,0.0,0.393939393939394,0.45833333333333326,0.2436929589308451,0
0.6596842761989657,0.47403795200027954,0.5354656364574275,0.0,0.0,0.4285714285714286,0.5,2020,5,0.3999,1.0,0.0,0.0,1.0,0.0,0.0,1.0,0.0,0.0,0.0,0.0,0.0,1.0,0.0,1.0,0.0,0.0,0.393939393939394,0.45833333333333326,0.28844180225299054,1
0.38823676709842325,0.447517537800759,0.3329788839402372,0.0,0.0,0.4285714285714286,0.5,2022,10,0.3999,0.0,0.0,1.0,1.0,0.0,0.0,0.0,0.0,0.0,1.0,0.0,1.0,0.0,0.0,1.0,0.0,0.0,0.393939393939394,0.45833333333333326,0.5826050444903135,0
0.7059613126314263,0.47403795200027954,0.8684445203976638,0.0,0.0,0.4285714285714286,0.5,2021,3,0.102,1.0,0.0,0.0,0.0,0.0,1.0,1.0,0.0,0.0,0.0,0.0,1.0,0.0,0.0,0.0,0.0,1.0,0.393939393939394,0.45833333333333326,0.2436929589308451,0
0.9236334915818912,0.447517537800759,0.5354656364574275,0.0,0.0,0.4285714285714286,0.5,2025,5,0.3999,0.0,1.0,0.0,0.0,0.0,1.0,1.0,0.0,0.0,0.0,0.0,1.0,0.0,0.0,0.0,0.0,1.0,0.393939393939394,0.45833333333333326,0.05547858198464192,1
0.6596842761989657,0.43674758522764545,0.5354656364574275,0.0,1.0,0.4285714285714286,0.5,2025,7,0.3999,0.0,1.0,0.0,0.0,1.0,0.0,1.0,0.0,0.0,0.0,0.0,1.0,0.0,0.0,1.0,0.0,0.0,0.393939393939394,0.45833333333333326,0.28844180225299054,1
0.9701451561535046,0.447517537800759,0.5354656364574275,1.0000000000000004,0.0,0.4285714285714286,0.5,2024,2,0.3999,0.0,1.0,0.0,0.0,0.0,1.0,0.0,1.0,0.0,0.0,0.0,1.0,0.0,0.0,1.0,0.0,0.0,0.393939393939394,0.45833333333333326,0.06489146011767363,0
0.6596842761989657,0.24394915786088633,0.5354656364574275,1.0000000000000004,0.0,0.4285714285714286,0.5,2025,1,0.3999,0.0,0.0,1.0,0.0,0.0,1.0,0.0,0.0,1.0,0.0,1.0,0.0,0.0,0.0,0.0,0.0,1.0,0.393939393939394,0.45833333333333326,0.34478095320423274,0
0.6596842761989657,0.47403795200027954,0.5354656364574275,0.0,0.0,0.5714285714285714,1.0,2020,1,0.3999,0.0,1.0,0.0,1.0,0.0,0.0,0.0,0.0,1.0,0.0,0.0,0.0,1.0,0.0,0.0,0.0,1.0,0.29292929292929293,0.8055555555555556,0.28844180225299054,1
0.649112469029166,0.447517537800759,0.5354656364574275,0.0,0.0,0.4285714285714286,0.5,2022,3,0.2057,0.0,1.0,0.0,0.0,0.0,1.0,0.0,1.0,0.0,0.0,1.0,0.0,0.0,0.0,0.0,0.0,1.0,0.393939393939394,0.45833333333333326,0.29887056355028807,0
0.7369682696802135,0.47403795200027954,0.5354656364574275,1.0000000000000004,0.0,0.3571428571428572,1.0,2021,4,0.102,0.0,0.0,1.0,1.0,0.0,0.0,0.0,1.0,0.0,0.0,1.0,0.0,0.0,0.0,0.0,1.0,0.0,0.1414141414141414,0.7013888888888891,0.2688353553064172,0
0.7059613126314263,0.11050538862370107,0.5354656364574275,0.0,1.0,0.4285714285714286,0.5,2022,3,0.3999,1.0,0.0,0.0,0.0,0.0,1.0,0.0,0.0,0.0,1.0,1.0,0.0,0.0,0.0,1.0,0.0,0.0,0.393939393939394,0.45833333333333326,0.2436929589308451,1
0.6596842761989657,0.47403795200027954,0.0,0.0,0.0,0.4285714285714286,0.5,2021,7,0.1074,0.0,1.0,0.0,0.0,1.0,0.0,0.0,0.0,1.0,0.0,0.0,1.0,0.0,0.0,0.0,1.0,0.0,0.393939393939394,0.45833333333333326,0.28844180225299054,0
0.9110688667928428,0.447517537800759,0.5354656364574275,0.0,0.0,0.4285714285714286,0.5,2021,11,0.102,0.0,1.0,0.0,0.0,0.0,1.0,0.0,0.0,1.0,0.0,1.0,0.0,0.0,1.0,0.0,0.0,0.0,0.393939393939394,0.45833333333333326,0.06519362749123594,1
0.7059613126314263,0.47403795200027954,0.5354656364574275,0.0,0.0,0.4285714285714286,0.5,2022,9,0.2057,0.0,0.0,1.0,0.0,1.0,0.0,1.0,0.0,0.0,0.0,0.0,1.0,0.0,0.0,0.0,0.0,1.0,0.393939393939394,0.45833333333333326,0.2436929589308451,1
0.6596842761989657,0.1656274916407412,0.5354656364574275,0.0,1.0,0.4285714285714286,0.5,2020,10,0.3999,1.0,0.0,0.0,0.0,0.0,1.0,0.0,0.0,0.0,1.0,0.0,0.0,1.0,0.0,0.0,1.0,0.0,0.393939393939394,0.45833333333333326,0.28844180225299054,0
0.764088502509945,0.43674758522764545,0.5354656364574275,0.0,0.0,0.4285714285714286,0.5,2023,3,0.3999,0.0,0.0,1.0,0.0,1.0,0.0,0.0,1.0,0.0,0.0,0.0,1.0,0.0,1.0,0.0,0.0,0.0,0.393939393939394,0.45833333333333326,0.18964410734058876,1
0.38823676709842325,0.47403795200027954,0.5354656364574275,1.0000000000000004,0.0,0.4285714285714286,0.5,2023,12,0.3999,0.0,0.0,1.0,0.0,0.0,1.0,0.0,1.0,0.0,0.0,0.0,1.0,0.0,0.0,0.0,1.0,0.0,0.393939393939394,0.45833333333333326,0.6427439125168093,0
0.38823676709842325,0.47403795200027954,0.5354656364574275,0.0,0.0,1.0,0.25,2023,9,0.3999,0.0,0.0,1.0,1.0,0.0,0.0,1.0,0.0,0.0,0.0,0.0,0.0,1.0,1.0,0.0,0.0,0.0,0.8989898989898991,0.5972222222222221,0.5826050444903135,1
0.6596842761989657,0.030449737963376577,0.2807540370648489,0.0,1.0,0.4285714285714286,0.5,2025,6,0.2057,0.0,1.0,0.0,0.0,1.0,0.0,0.0,1.0,0.0,0.0,1.0,0.0,0.0,1.0,0.0,0.0,0.0,0.393939393939394,0.45833333333333326,0.28844180225299054,1
0.38823676709842325,0.47403795200027954,0.5354656364574275,0.0,0.0,0.4285714285714286,0.5,2025,4,0.3999,0.0,0.0,1.0,0.0,1.0,0.0,0.0,1.0,0.0,0.0,0.0,1.0,0.0,0.0,0.0,1.0,0.0,0.393939393939394,0.45833333333333326,0.5826050444903135,0
0.6596842761989657,0.47403795200027954,0.5354656364574275,0.0,0.0,0.15714285714285725,0.625,2024,5,0.3999,0.0,1.0,0.0,0.0,1.0,0.0,0.0,1.0,0.0,0.0,0.0,0.0,1.0,1.0,0.0,0.0,0.0,0.15151515151515152,0.39583333333333326,0.28844180225299054,1
0.5557708294077383,0.47403795200027954,1.0,0.0,1.0,0.20000000000000018,0.375,2024,11,0.185,0.0,0.0,1.0,0.0,1.0,0.0,0.0,0.0,1.0,0.0,1.0,0.0,0.0,1.0,0.0,0.0,0.0,0.2828282828282828,0.2777777777777779,0.39425060470370465,0
0.6596842761989657,0.8076230909183875,0.5354656364574275,0.0,0.0,0.4285714285714286,0.5,2024,8,0.185,0.0,1.0,0.0,0.0,1.0,0.0,0.0,1.0,0.0,0.0,1.0,0.0,0.0,0.0,1.0,0.0,0.0,0.393939393939394,0.45833333333333326,0.28844180225299054,1
0.9205599781297086,0.47403795200027954,0.5354656364574275,0.0,0.0,0.4285714285714286,0.5,2022,2,0.185,0.0,1.0,0.0,0.0,0.0,1.0,1.0,0.0,0.0,0.0,1.0,0.0,0.0,0.0,1.0,0.0,0.0,0.393939393939394,0.45833333333333326,0.05784033428027044,0
0.6596842761989657,0.8076230909183875,0.5354656364574275,0.0,0.0,0.4285714285714286,0.5,2024,8,0.185,0.0,1.0,0.0,0.0,1.0,0.0,0.0,1.0,0.0,0.0,1.0,0.0,0.0,0.0,1.0,0.0,0.0,0.393939393939394,0.45833333333333326,0.28844180225299054,1
0.6596842761989657,0.47403795200027954,0.3329788839402372,1.0000000000000004,0.0,0.4285714285714286,0.5,2021,11,0.1074,0.0,0.0,1.0,1.0,0.0,0.0,0.0,0.0,1.0,0.0,0.0,0.0,1.0,0.0,0.0,0.0,1.0,0.393939393939394,0.45833333333333326,0.34478095320423274,0
0.8942636210657047,0.47403795200027954,0.5354656364574275,0.0,1.0,0.4285714285714286,0.5,2024,12,0.102,0.0,1.0,0.0,1.0,0.0,0.0,1.0,0.0,0.0,0.0,0.0,1.0,0.0,0.0,0.0,0.0,1.0,0.393939393939394,0.45833333333333326,0.07843276345318692,0
0.6596842761989657,0.47403795200027954,0.5354656364574275,1.0000000000000004,0.0,0.7714285714285714,0.7000000000000002,2021,6,0.3999,1.0,0.0,0.0,0.0,0.0,1.0,1.0,0.0,0.0,0.0,0.0,1.0,0.0,0.0,1.0,0.0,0.0,0.5555555555555557,0.7361111111111114,0.34478095320423274,0
0.7059613126314263,0.47403795200027954,0.5354656364574275,0.0,0.0,0.4285714285714286,0.5,2025,5,0.2057,0.0,0.0,1.0,0.0,0.0,1.0,1.0,0.0,0.0,0.0,0.0,0.0,1.0,0.0,0.0,0.0,1.0,0.393939393939394,0.45833333333333326,0.2436929589308451,1
0.7440731378420168,0.12451862727614182,0.591257371862075,0.0,0.0,0.4285714285714286,0.5,2020,6,0.3999,0.0,1.0,0.0,0.0,1.0,0.0,1.0,0.0,0.0,0.0,1.0,0.0,0.0,0.0,0.0,0.0,1.0,0.393939393939394,0.45833333333333326,0.20797423066790252,0
0.9296527415680409,0.5891823490275931,0.5354656364574275,1.0000000000000004,0.0,0.0,0.20000000000000018,2022,4,0.2057,1.0,0.0,0.0,1.0,0.0,0.0,0.0,1.0,0.0,0.0,1.0,0.0,0.0,0.0,0.0,1.0,0.0,0.21212121212121213,0.08333333333333326,0.09710820977912057,0
0.4216379923242304,0.5304497379633766,0.5354656364574275,0.0,0.0,0.4285714285714286,0.5,2024,7,0.185,0.0,0.0,1.0,0.0,0.0,1.0,0.0,0.0,0.0,1.0,1.0,0.0,0.0,0.0,0.0,0.0,1.0,0.393939393939394,0.45833333333333326,0.5428792661115055,0
0.6596842761989657,0.47403795200027954,0.5354656364574275,0.0,0.0,0.4285714285714286,0.5,2022,6,0.1074,0.0,1.0,0.0,0.0,1.0,0.0,1.0,0.0,0.0,0.0,1.0,0.0,0.0,0.0,1.0,0.0,0.0,0.393939393939394,0.45833333333333326,0.28844180225299054,0
0.6596842761989657,0.47403795200027954,0.5354656364574275,0.0,0.0,0.4285714285714286,0.5,2024,1,0.3999,1.0,0.0,0.0,0.0,0.0,1.0,1.0,0.0,0.0,0.0,0.0,1.0,0.0,0.0,1.0,0.0,0.0,0.393939393939394,0.45833333333333326,0.28844180225299054,0
0.9574702527640595,0.47403795200027954,0.5354656364574275,0.0,0.0,0.4285714285714286,0.5,2023,4,0.3999,0.0,1.0,0.0,1.0,0.0,0.0,0.0,0.0,0.0,1.0,0.0,0.0,1.0,0.0,1.0,0.0,0.0,0.393939393939394,0.45833333333333326,0.03012325661296264,0
0.6596842761989657,0.19886809539367523,0.5354656364574275,0.0,0.0,0.4285714285714286,0.5,2023,10,0.3999,1.0,0.0,0.0,0.0,1.0,0.0,0.0,0.0,1.0,0.0,1.0,0.0,0.0,0.0,0.0,0.0,1.0,0.393939393939394,0.45833333333333326,0.28844180225299054,1
0.6596842761989657,0.47403795200027954,0.5354656364574275,1.0000000000000004,0.0,0.4285714285714286,0.5,2023,6,0.1074,0.0,0.0,1.0,0.0,1.0,0.0,1.0,0.0,0.0,0.0,0.0,0.0,1.0,0.0,0.0,0.0,1.0,0.393939393939394,0.45833333333333326,0.34478095320423274,0
0.38823676709842325,0.447517537800759,0.5354656364574275,1.0000000000000004,0.0,0.4285714285714286,0.5,2021,10,0.102,1.0,0.0,0.0,0.0,1.0,0.0,0.0,0.0,0.0,1.0,1.0,0.0,0.0,0.0,0.0,0.0,1.0,0.393939393939394,0.45833333333333326,0.6427439125168093,1
0.5195737064824407,0.47403795200027954,0.5354656364574275,0.0,0.0,0.4285714285714286,0.5,2021,12,0.185,1.0,0.0,0.0,1.0,0.0,0.0,1.0,0.0,0.0,0.0,0.0,0.0,1.0,1.0,0.0,0.0,0.0,0.393939393939394,0.45833333333333326,0.4328924311374578,1
0.7220189587716063,0.47403795200027954,0.5354656364574275,0.0,0.0,0.4285714285714286,0.5,2021,5,0.1074,1.0,0.0,0.0,1.0,0.0,0.0,0.0,0.0,1.0,0.0,0.0,1.0,0.0,0.0,0.0,0.0,1.0,0.393939393939394,0.45833333333333326,0.2285157277313237,0
0.38823676709842325,0.47403795200027954,0.5354656364574275,0.0,0.0,0.4285714285714286,0.5,2020,5,0.1074,0.0,0.0,1.0,0.0,0.0,1.0,1.0,0.0,0.0,0.0,0.0,0.0,1.0,0.0,0.0,0.0,1.0,0.393939393939394,0.45833333333333326,0.5826050444903135,0
0.9011428993421277,0.447517537800759,0.5354656364574275,0.0,1.0,0.4285714285714286,0.5,2025,2,0.3999,1.0,0.0,0.0,0.0,1.0,0.0,0.0,0.0,1.0,0.0,0.0,1.0,0.0,1.0,0.0,0.0,0.0,0.393939393939394,0.45833333333333326,0.07297978914527489,0
0.38823676709842325,0.47403795200027954,0.5354656364574275,1.0000000000000004,0.0,0.47142857142857153,0.8250000000000002,2025,1,0.3999,0.0,1.0,0.0,0.0,0.0,1.0,1.0,0.0,0.0,0.0,0.0,1.0,0.0,1.0,0.0,0.0,0.0,0.29292929292929293,0.6597222222222221,0.6427439125168093,1
0.49892198580547814,0.447517537800759,0.6953683552165835,0.0,0.0,0.7428571428571429,0.5,2024,9,0.1074,1.0,0.0,0.0,0.0,1.0,0.0,0.0,0.0,0.0,1.0,0.0,0.0,1.0,0.0,0.0,1.0,0.0,0.6161616161616162,0.6111111111111114,0.4553882332454916,1
0.38823676709842325,0.2312361408186021,0.5354656364574275,0.0,0.0,0.4285714285714286,0.5,2024,3,0.2057,1.0,0.0,0.0,1.0,0.0,0.0,1.0,0.0,0.0,0.0,0.0,1.0,0.0,0.0,0.0,0.0,1.0,0.393939393939394,0.45833333333333326,0.5826050444903135,1
0.7059613126314263,0.47403795200027954,0.5354656364574275,0.0,0.0,0.4285714285714286,0.5,2024,12,0.1074,1.0,0.0,0.0,1.0,0.0,0.0,1.0,0.0,0.0,0.0,0.0,0.0,1.0,0.0,0.0,0.0,1.0,0.393939393939394,0.45833333333333326,0.2436929589308451,0
0.9912440990023085,0.47403795200027954,0.5354656364574275,0.0,0.0,0.5428571428571429,0.8250000000000002,2023,1,0.3999,0.0,0.0,1.0,0.0,0.0,1.0,0.0,0.0,1.0,0.0,0.0,1.0,0.0,0.0,0.0,1.0,0.0,0.3434343434343435,0.6944444444444444,0.006037758099239926,1
0.9412116988066711,0.447517537800759,0.5354656364574275,1.0000000000000004,0.0,0.4285714285714286,0.5,2024,6,0.2057,0.0,1.0,0.0,0.0,1.0,0.0,0.0,0.0,1.0,0.0,1.0,0.0,0.0,0.0,0.0,0.0,1.0,0.393939393939394,0.45833333333333326,0.08775519551437169,0
0.38823676709842325,0.47403795200027954,0.5354656364574275,0.0,0.0,0.9714285714285715,0.875,2023,2,0.185,0.0,1.0,0.0,1.0,0.0,0.0,0.0,1.0,0.0,0.0,1.0,0.0,0.0,0.0,0.0,1.0,0.0,0.6262626262626264,0.9305555555555556,0.5826050444903135,0
0.6596842761989657,0.447517537800759,0.5354656364574275,0.0,0.0,0.4285714285714286,0.5,2020,4,0.185,0.0,1.0,0.0,0.0,1.0,0.0,0.0,0.0,1.0,0.0,1.0,0.0,0.0,0.0,0.0,1.0,0.0,0.393939393939394,0.45833333333333326,0.28844180225299054,0
0.7059613126314263,0.47403795200027954,0.5354656364574275,0.0,0.0,0.4285714285714286,0.5,2021,3,0.3999,0.0,0.0,1.0,0.0,1.0,0.0,0.0,0.0,0.0,1.0,1.0,0.0,0.0,0.0,0.0,0.0,1.0,0.393939393939394,0.45833333333333326,0.2436929589308451,1
0.7059613126314263,0.47403795200027954,0.5354656364574275,0.0,0.0,0.4285714285714286,0.5,2023,3,0.3999,0.0,0.0,1.0,0.0,0.0,1.0,0.0,0.0,1.0,0.0,0.0,0.0,1.0,1.0,0.0,0.0,0.0,0.393939393939394,0.45833333333333326,0.2436929589308451,1
0.38823676709842325,0.8700744977176682,0.835838014569739,0.0,0.0,0.4285714285714286,0.5,2025,4,0.102,0.0,1.0,0.0,0.0,1.0,0.0,1.0,0.0,0.0,0.0,0.0,0.0,1.0,1.0,0.0,0.0,0.0,0.393939393939394,0.45833333333333326,0.5826050444903135,0
0.5195737064824407,0.47403795200027954,0.5354656364574275,0.0,0.0,0.4285714285714286,0.5,2022,12,0.3999,1.0,0.0,0.0,0.0,1.0,0.0,0.0,1.0,0.0,0.0,0.0,0.0,1.0,0.0,0.0,0.0,1.0,0.393939393939394,0.45833333333333326,0.4328924311374578,0
0.8046533244696281,0.47403795200027954,0.06615825826759014,1.0000000000000004,0.0,0.2714285714285716,0.4500000000000002,2022,9,0.2057,0.0,0.0,1.0,0.0,1.0,0.0,0.0,0.0,1.0,0.0,1.0,0.0,0.0,0.0,0.0,0.0,1.0,0.30303030303030304,0.35416666666666674,0.205412169175503,0
0.7059613126314263,0.47403795200027954,0.5354656364574275,0.0,0.0,0.4285714285714286,0.5,2025,1,0.102,0.0,0.0,1.0,1.0,0.0,0.0,0.0,0.0,0.0,1.0,0.0,1.0,0.0,0.0,0.0,1.0,0.0,0.393939393939394,0.45833333333333326,0.2436929589308451,1
0.7059613126314263,0.447517537800759,0.8247618112730857,0.0,0.0,0.4285714285714286,0.5,2025,1,0.3999,0.0,1.0,0.0,0.0,1.0,0.0,1.0,0.0,0.0,0.0,0.0,1.0,0.0,0.0,0.0,1.0,0.0,0.393939393939394,0.45833333333333326,0.2436929589308451,1
0.38823676709842325,0.447517537800759,0.5354656364574275,0.0,1.0,0.4285714285714286,0.5,2023,1,0.185,1.0,0.0,0.0,1.0,0.0,0.0,1.0,0.0,0.0,0.0,0.0,1.0,0.0,1.0,0.0,0.0,0.0,0.393939393939394,0.45833333333333326,0.5826050444903135,0
0.914278985733633,0.47403795200027954,0.8022862621300737,0.0,1.0,0.4285714285714286,0.5,2023,3,0.3999,1.0,0.0,0.0,0.0,1.0,0.0,1.0,0.0,0.0,0.0,0.0,1.0,0.0,0.0,0.0,1.0,0.0,0.393939393939394,0.45833333333333326,0.06269645629323647,1
0.7059613126314263,0.47403795200027954,0.5354656364574275,0.0,1.0,0.4285714285714286,0.5,2024,10,0.3999,0.0,0.0,1.0,1.0,0.0,0.0,0.0,0.0,1.0,0.0,0.0,0.0,1.0,1.0,0.0,0.0,0.0,0.393939393939394,0.45833333333333326,0.2436929589308451,1
0.38823676709842325,0.47403795200027954,0.5354656364574275,0.0,1.0,0.4285714285714286,0.5,2022,6,0.3999,1.0,0.0,0.0,1.0,0.0,0.0,0.0,1.0,0.0,0.0,0.0,1.0,0.0,0.0,0.0,0.0,1.0,0.393939393939394,0.45833333333333326,0.5826050444903135,1
0.7059613126314263,0.447517537800759,0.9105384105881384,0.0,0.0,0.9714285714285715,0.025000000000000133,2024,1,0.2057,0.0,1.0,0.0,1.0,0.0,0.0,0.0,0.0,0.0,1.0,1.0,0.0,0.0,1.0,0.0,0.0,0.0,0.9696969696969698,0.4583333333333337,0.2436929589308451,1
0.7059613126314263,0.47403795200027954,0.5354656364574275,0.0,0.0,0.4285714285714286,0.5,2021,9,0.3999,0.0,0.0,1.0,0.0,0.0,1.0,1.0,0.0,0.0,0.0,0.0,1.0,0.0,1.0,0.0,0.0,0.0,0.393939393939394,0.45833333333333326,0.2436929589308451,1
0.6596842761989657,0.7162367167621775,0.12873860205784737,0.0,0.0,0.4285714285714286,0.5,2021,9,0.3999,0.0,1.0,0.0,1.0,0.0,0.0,0.0,0.0,1.0,0.0,0.0,1.0,0.0,1.0,0.0,0.0,0.0,0.393939393939394,0.45833333333333326,0.28844180225299054,1
0.38823676709842325,0.47403795200027954,0.5354656364574275,0.0,0.0,0.4285714285714286,0.5,2021,1,0.2057,0.0,1.0,0.0,0.0,0.0,1.0,0.0,1.0,0.0,0.0,1.0,0.0,0.0,0.0,1.0,0.0,0.0,0.393939393939394,0.45833333333333326,0.5826050444903135,0
0.38823676709842325,0.13837441047700905,0.5354656364574275,0.0,0.0,0.4285714285714286,0.5,2021,5,0.185,0.0,1.0,0.0,0.0,0.0,1.0,1.0,0.0,0.0,0.0,1.0,0.0,0.0,0.0,1.0,0.0,0.0,0.393939393939394,0.45833333333333326,0.5826050444903135,0
0.7059613126314263,0.47403795200027954,0.5354656364574275,0.0,0.0,0.4285714285714286,0.5,2024,5,0.1074,0.0,0.0,1.0,1.0,0.0,0.0,0.0,0.0,1.0,0.0,0.0,0.0,1.0,0.0,1.0,0.0,0.0,0.393939393939394,0.45833333333333326,0.2436929589308451,1
0.38823676709842325,0.447517537800759,0.5354656364574275,0.0,0.0,0.028571428571428692,0.5500000000000003,2021,11,0.185,0.0,0.0,1.0,0.0,1.0,0.0,0.0,1.0,0.0,0.0,0.0,1.0,0.0,0.0,0.0,0.0,1.0,0.09090909090909093,0.29166666666666674,0.5826050444903135,0
0.7059613126314263,0.47403795200027954,0.49178292733284845,0.0,0.0,0.4285714285714286,0.5,2020,10,0.102,1.0,0.0,0.0,0.0,1.0,0.0,0.0,0.0,1.0,0.0,1.0,0.0,0.0,0.0,1.0,0.0,0.0,0.393939393939394,0.45833333333333326,0.2436929589308451,0
0.38823676709842325,0.43674758522764545,0.5354656364574275,0.0,0.0,0.4285714285714286,0.5,2022,4,0.185,0.0,1.0,0.0,1.0,0.0,0.0,0.0,0.0,1.0,0.0,0.0,0.0,1.0,0.0,0.0,0.0,1.0,0.393939393939394,0.45833333333333326,0.5826050444903135,1
0.38823676709842325,0.5891823490275931,0.5354656364574275,0.0,0.0,0.4285714285714286,0.5,2023,9,0.3999,0.0,0.0,1.0,0.0,1.0,0.0,0.0,0.0,0.0,1.0,0.0,1.0,0.0,0.0,0.0,1.0,0.0,0.393939393939394,0.45833333333333326,0.5826050444903135,0
0.7059613126314263,0.447517537800759,0.5354656364574275,0.0,0.0,0.4285714285714286,0.5,2025,6,0.2057,0.0,0.0,1.0,0.0,1.0,0.0,0.0,0.0,0.0,1.0,1.0,0.0,0.0,0.0,0.0,1.0,0.0,0.393939393939394,0.45833333333333326,0.2436929589308451,1
0.6596842761989657,0.2312361408186021,0.5354656364574275,0.0,0.0,0.5,1.0,2020,5,0.185,0.0,0.0,1.0,0.0,0.0,1.0,0.0,1.0,0.0,0.0,0.0,0.0,1.0,0.0,0.0,1.0,0.0,0.24242424242424243,0.7708333333333333,0.28844180225299054,1
0.7059613126314263,0.11050538862370107,0.5354656364574275,0.0,1.0,0.4285714285714286,0.5,2022,3,0.3999,1.0,0.0,0.0,0.0,0.0,1.0,0.0,0.0,0.0,1.0,1.0,0.0,0.0,0.0,1.0,0.0,0.0,0.393939393939394,0.45833333333333326,0.2436929589308451,1
0.6596842761989657,0.5795857890691232,0.5354656364574275,0.0,0.0,0.7857142857142856,0.5249999999999999,2022,12,0.3999,0.0,0.0,1.0,1.0,0.0,0.0,1.0,0.0,0.0,0.0,0.0,1.0,0.0,0.0,0.0,0.0,1.0,0.6363636363636365,0.6458333333333333,0.28844180225299054,0
0.6596842761989657,0.447517537800759,0.5354656364574275,1.0000000000000004,0.0,0.4285714285714286,0.5,2021,6,0.1074,1.0,0.0,0.0,0.0,1.0,0.0,0.0,0.0,1.0,0.0,1.0,0.0,0.0,0.0,0.0,1.0,0.0,0.393939393939394,0.45833333333333326,0.34478095320423274,1
0.38823676709842325,0.447517537800759,0.6953683552165835,0.0,1.0,0.4285714285714286,0.5,2022,5,0.1074,0.0,1.0,0.0,0.0,0.0,1.0,1.0,0.0,0.0,0.0,0.0,0.0,1.0,0.0,1.0,0.0,0.0,0.393939393939394,0.45833333333333326,0.5826050444903135,0
0.8098747594226536,0.47403795200027954,0.5354656364574275,0.0,0.0,0.40000000000000013,0.4750000000000001,2021,7,0.2057,0.0,1.0,0.0,0.0,0.0,1.0,1.0,0.0,0.0,0.0,1.0,0.0,0.0,0.0,0.0,0.0,1.0,0.38383838383838387,0.4305555555555556,0.14888439562961983,0
0.9494934354765419,0.47403795200027954,0.5354656364574275,1.0000000000000004,0.0,0.4285714285714286,0.5,2021,11,0.3999,0.0,1.0,0.0,1.0,0.0,0.0,1.0,0.0,0.0,0.0,1.0,0.0,0.0,0.0,0.0,0.0,1.0,0.393939393939394,0.45833333333333326,0.08112980865210204,0
0.6596842761989657,0.47403795200027954,0.5354656364574275,0.0,0.0,0.6142857142857143,0.5500000000000003,2021,1,0.1074,1.0,0.0,0.0,0.0,1.0,0.0,1.0,0.0,0.0,0.0,1.0,0.0,0.0,0.0,0.0,0.0,1.0,0.5050505050505052,0.5763888888888891,0.28844180225299054,1
0.38823676709842325,0.447517537800759,0.5354656364574275,0.0,0.0,0.4285714285714286,0.5,2022,1,0.102,0.0,0.0,1.0,0.0,0.0,1.0,1.0,0.0,0.0,0.0,1.0,0.0,0.0,0.0,0.0,1.0,0.0,0.393939393939394,0.45833333333333326,0.5826050444903135,1
0.5195737064824407,0.47403795200027954,0.9903945140699006,0.0,0.0,0.4285714285714286,0.5,2022,8,0.1074,0.0,0.0,1.0,1.0,0.0,0.0,0.0,0.0,1.0,0.0,0.0,1.0,0.0,1.0,0.0,0.0,0.0,0.393939393939394,0.45833333333333326,0.4328924311374578,0
0.38823676709842325,0.447517537800759,0.5354656364574275,0.0,0.0,0.4285714285714286,0.5,2020,6,0.3999,0.0,0.0,1.0,0.0,0.0,1.0,1.0,0.0,0.0,0.0,0.0,1.0,0.0,0.0,0.0,0.0,1.0,0.393939393939394,0.45833333333333326,0.5826050444903135,0
0.38823676709842325,0.447517537800759,0.5354656364574275,0.0,0.0,0.4285714285714286,0.5,2020,8,0.3999,0.0,0.0,1.0,0.0,0.0,1.0,0.0,1.0,0.0,0.0,0.0,1.0,0.0,0.0,0.0,0.0,1.0,0.393939393939394,0.45833333333333326,0.5826050444903135,1
0.38823676709842325,0.447517537800759,0.5354656364574275,0.0,1.0,0.4285714285714286,0.5,2023,7,0.1074,0.0,0.0,1.0,0.0,0.0,1.0,0.0,1.0,0.0,0.0,0.0,1.0,0.0,0.0,0.0,0.0,1.0,0.393939393939394,0.45833333333333326,0.5826050444903135,1
0.6596842761989657,0.47403795200027954,0.5354656364574275,1.0000000000000004,0.0,0.4285714285714286,0.5,2022,3,0.102,0.0,1.0,0.0,0.0,1.0,0.0,1.0,0.0,0.0,0.0,1.0,0.0,0.0,0.0,0.0,0.0,1.0,0.393939393939394,0.45833333333333326,0.34478095320423274,0
0.714138851624206,0.47403795200027954,0.5354656364574275,1.0000000000000004,0.0,0.4285714285714286,0.5,2023,10,0.3999,0.0,0.0,1.0,1.0,0.0,0.0,1.0,0.0,0.0,0.0,0.0,1.0,0.0,1.0,0.0,0.0,0.0,0.393939393939394,0.45833333333333326,0.29089185877653245,0
0.7059613126314263,0.447517537800759,0.5354656364574275,1.0000000000000004,1.0,0.4285714285714286,0.5,2020,4,0.1074,1.0,0.0,0.0,1.0,0.0,0.0,0.0,0.0,1.0,0.0,1.0,0.0,0.0,1.0,0.0,0.0,0.0,0.393939393939394,0.45833333333333326,0.29887056355028807,0
0.8643293348478939,0.47403795200027954,0.5354656364574275,0.0,0.0,0.4285714285714286,0.5,2023,2,0.3999,1.0,0.0,0.0,0.0,1.0,0.0,1.0,0.0,0.0,0.0,1.0,0.0,0.0,0.0,0.0,1.0,0.0,0.393939393939394,0.45833333333333326,0.10268667679928131,1
0.38823676709842325,0.47403795200027954,0.5354656364574275,0.0,0.0,0.4285714285714286,0.5,2023,6,0.3999,0.0,0.0,1.0,1.0,0.0,0.0,1.0,0.0,0.0,0.0,0.0,0.0,1.0,1.0,0.0,0.0,0.0,0.393939393939394,0.45833333333333326,0.5826050444903135,0
0.9383792523906672,0.47403795200027954,0.5354656364574275,0.0,1.0,0.4285714285714286,0.5,2025,3,0.3999,0.0,1.0,0.0,0.0,0.0,1.0,0.0,1.0,0.0,0.0,0.0,0.0,1.0,1.0,0.0,0.0,0.0,0.393939393939394,0.45833333333333326,0.04428208726403157,0
0.38823676709842325,0.47403795200027954,0.5354656364574275,0.0,1.0,0.4285714285714286,0.5,2024,10,0.3999,0.0,0.0,1.0,1.0,0.0,0.0,1.0,0.0,0.0,0.0,0.0,1.0,0.0,0.0,0.0,1.0,0.0,0.393939393939394,0.45833333333333326,0.5826050444903135,1
0.6596842761989657,0.47403795200027954,0.06615825826759014,0.0,0.0,0.4285714285714286,0.5,2020,7,0.3999,0.0,0.0,1.0,0.0,0.0,1.0,1.0,0.0,0.0,0.0,1.0,0.0,0.0,0.0,0.0,0.0,1.0,0.393939393939394,0.45833333333333326,0.28844180225299054,1
0.38823676709842325,0.47403795200027954,0.5354656364574275,1.0000000000000004,0.0,0.8571428571428572,0.27500000000000013,2020,4,0.185,1.0,0.0,0.0,0.0,1.0,0.0,0.0,0.0,1.0,0.0,1.0,0.0,0.0,0.0,0.0,1.0,0.0,0.787878787878788,0.5416666666666667,0.6427439125168093,1
0.7059613126314263,0.47403795200027954,0.5354656364574275,0.0,0.0,0.4285714285714286,0.5,2024,11,0.2057,1.0,0.0,0.0,1.0,0.0,0.0,0.0,0.0,0.0,1.0,1.0,0.0,0.0,0.0,1.0,0.0,0.0,0.393939393939394,0.45833333333333326,0.2436929589308451,0
0.757619990357176,0.47403795200027954,0.5354656364574275,0.0,0.0,0.4285714285714286,0.5,2023,11,0.3999,0.0,1.0,0.0,1.0,0.0,0.0,0.0,0.0,1.0,0.0,1.0,0.0,0.0,0.0,0.0,1.0,0.0,0.393939393939394,0.45833333333333326,0.19553489140479943,1
0.38823676709842325,0.47403795200027954,0.5354656364574275,0.0,0.0,0.4285714285714286,0.5,2022,11,0.3999,0.0,0.0,1.0,0.0,0.0,1.0,0.0,0.0,0.0,1.0,0.0,0.0,1.0,0.0,0.0,1.0,0.0,0.393939393939394,0.45833333333333326,0.5826050444903135,0
0.6596842761989657,0.6128520148907115,0.5354656364574275,0.0,0.0,0.4285714285714286,0.5,2024,6,0.185,0.0,1.0,0.0,0.0,0.0,1.0,1.0,0.0,0.0,0.0,0.0,1.0,0.0,0.0,0.0,0.0,1.0,0.393939393939394,0.45833333333333326,0.28844180225299054,1
0.6596842761989657,0.47403795200027954,0.5354656364574275,0.0,0.0,0.4285714285714286,0.5,2023,5,0.3999,0.0,1.0,0.0,0.0,0.0,1.0,1.0,0.0,0.0,0.0,0.0,0.0,1.0,0.0,1.0,0.0,0.0,0.393939393939394,0.45833333333333326,0.28844180225299054,0
0.764088502509945,0.447517537800759,0.5354656364574275,0.0,1.0,0.4285714285714286,0.5,2022,11,0.102,1.0,0.0,0.0,1.0,0.0,0.0,1.0,0.0,0.0,0.0,0.0,0.0,1.0,0.0,0.0,0.0,1.0,0.393939393939394,0.45833333333333326,0.18964410734058876,0
0.6596842761989657,0.47403795200027954,0.5354656364574275,0.0,0.0,0.4285714285714286,0.5,2023,1,0.2057,0.0,1.0,0.0,0.0,1.0,0.0,0.0,1.0,0.0,0.0,1.0,0.0,0.0,0.0,0.0,0.0,1.0,0.393939393939394,0.45833333333333326,0.28844180225299054,1
0.5557708294077383,0.45286744524266,0.5354656364574275,0.0,0.0,0.4285714285714286,0.5,2021,6,0.185,0.0,0.0,1.0,0.0,0.0,1.0,1.0,0.0,0.0,0.0,0.0,0.0,1.0,0.0,0.0,1.0,0.0,0.393939393939394,0.45833333333333326,0.39425060470370465,1
0.7059613126314263,0.447517537800759,0.5354656364574275,0.0,1.0,0.5857142857142859,0.9750000000000001,2024,11,0.3999,0.0,0.0,1.0,0.0,0.0,1.0,1.0,0.0,0.0,0.0,1.0,0.0,0.0,0.0,0.0,0.0,1.0,0.31313131313131315,0.7986111111111114,0.2436929589308451,1
0.38823676709842325,0.447517537800759,0.5354656364574275,0.0,0.0,0.4285714285714286,0.5,2024,2,0.3999,0.0,0.0,1.0,0.0,1.0,0.0,0.0,1.0,0.0,0.0,0.0,1.0,0.0,0.0,0.0,0.0,1.0,0.393939393939394,0.45833333333333326,0.5826050444903135,1
0.6596842761989657,0.47403795200027954,0.5354656364574275,0.0,0.0,0.4285714285714286,0.5,2023,4,0.185,0.0,0.0,1.0,0.0,1.0,0.0,0.0,0.0,1.0,0.0,0.0,1.0,0.0,0.0,0.0,1.0,0.0,0.393939393939394,0.45833333333333326,0.28844180225299054,0
0.6596842761989657,0.47403795200027954,0.5354656364574275,0.0,0.0,0.4285714285714286,0.5,2020,6,0.102,0.0,0.0,1.0,1.0,0.0,0.0,1.0,0.0,0.0,0.0,0.0,1.0,0.0,0.0,1.0,0.0,0.0,0.393939393939394,0.45833333333333326,0.28844180225299054,0
0.7059613126314263,0.5650494510263222,0.6702053117729241,0.0,1.0,0.48571428571428577,0.5249999999999999,2022,10,0.3999,0.0,1.0,0.0,0.0,1.0,0.0,0.0,0.0,1.0,0.0,1.0,0.0,0.0,0.0,1.0,0.0,0.0,0.42424242424242425,0.5,0.2436929589308451,1
0.7059613126314263,0.08199193955191841,0.7677328182287129,1.0000000000000004,0.0,0.4285714285714286,0.5,2025,9,0.102,0.0,0.0,1.0,0.0,0.0,1.0,1.0,0.0,0.0,0.0,1.0,0.0,0.0,0.0,0.0,0.0,1.0,0.393939393939394,0.45833333333333326,0.29887056355028807,0
0.6596842761989657,0.447517537800759,0.5354656364574275,1.0000000000000004,0.0,0.4285714285714286,0.5,2022,5,0.2057,0.0,0.0,1.0,1.0,0.0,0.0,1.0,0.0,0.0,0.0,1.0,0.0,0.0,0.0,1.0,0.0,0.0,0.393939393939394,0.45833333333333326,0.34478095320423274,1
0.6596842761989657,0.447517537800759,0.9903945140699006,0.0,1.0,0.4285714285714286,0.5,2025,3,0.1074,0.0,1.0,0.0,0.0,1.0,0.0,0.0,0.0,0.0,1.0,0.0,0.0,1.0,0.0,1.0,0.0,0.0,0.393939393939394,0.45833333333333326,0.28844180225299054,1
0.6596842761989657,0.447517537800759,0.5354656364574275,0.0,0.0,0.4285714285714286,0.5,2025,5,0.3999,0.0,0.0,1.0,0.0,1.0,0.0,0.0,0.0,0.0,1.0,0.0,1.0,0.0,0.0,0.0,1.0,0.0,0.393939393939394,0.45833333333333326,0.28844180225299054,1
0.6262830509731585,0.47403795200027954,0.5354656364574275,0.0,0.0,0.4285714285714286,0.5,2024,7,0.185,0.0,0.0,1.0,1.0,0.0,0.0,1.0,0.0,0.0,0.0,1.0,0.0,0.0,0.0,0.0,0.0,1.0,0.393939393939394,0.45833333333333326,0.32164932363242216,0
0.6596842761989657,0.7460553099205858,0.5354656364574275,0.0,0.0,0.4285714285714286,0.5,2022,8,0.2057,0.0,1.0,0.0,0.0,1.0,0.0,1.0,0.0,0.0,0.0,0.0,0.0,1.0,1.0,0.0,0.0,0.0,0.393939393939394,0.45833333333333326,0.28844180225299054,1
0.8722094419952944,0.7874401243240841,0.5354656364574275,0.0,0.0,0.4285714285714286,0.5,2021,7,0.1074,1.0,0.0,0.0,0.0,0.0,1.0,1.0,0.0,0.0,0.0,1.0,0.0,0.0,1.0,0.0,0.0,0.0,0.393939393939394,0.45833333333333326,0.09622037519092183,0
0.8149733256083747,0.447517537800759,0.835838014569739,0.0,1.0,0.4285714285714286,0.5,2023,8,0.3999,0.0,0.0,1.0,1.0,0.0,0.0,0.0,0.0,0.0,1.0,1.0,0.0,0.0,0.0,0.0,0.0,1.0,0.393939393939394,0.45833333333333326,0.14445062888446727,1
0.6596842761989657,0.47403795200027954,0.5354656364574275,0.0,0.0,0.4285714285714286,0.5,2023,10,0.3999,0.0,1.0,0.0,0.0,0.0,1.0,0.0,0.0,1.0,0.0,0.0,1.0,0.0,0.0,1.0,0.0,0.0,0.393939393939394,0.45833333333333326,0.28844180225299054,1
0.7059613126314263,0.47403795200027954,0.08739654977087685,0.0,1.0,0.4285714285714286,0.5,2021,7,0.2057,1.0,0.0,0.0,1.0,0.0,0.0,1.0,0.0,0.0,0.0,0.0,1.0,0.0,1.0,0.0,0.0,0.0,0.393939393939394,0.45833333333333326,0.2436929589308451,1
0.6596842761989657,0.47403795200027954,0.8022862621300737,0.0,0.0,0.4285714285714286,0.5,2020,4,0.3999,0.0,1.0,0.0,0.0,0.0,1.0,1.0,0.0,0.0,0.0,0.0,0.0,1.0,0.0,0.0,1.0,0.0,0.393939393939394,0.45833333333333326,0.28844180225299054,1
0.7059613126314263,0.6221941181407362,0.8468092285777598,0.0,0.0,0.4285714285714286,0.5,2021,3,0.185,0.0,0.0,1.0,0.0,0.0,1.0,0.0,0.0,0.0,1.0,1.0,0.0,0.0,0.0,0.0,0.0,1.0,0.393939393939394,0.45833333333333326,0.2436929589308451,1
0.38823676709842325,0.8156046833861308,0.6047950046859647,0.0,0.0,0.4285714285714286,0.5,2025,10,0.3999,0.0,1.0,0.0,0.0,0.0,1.0,1.0,0.0,0.0,0.0,0.0,1.0,0.0,0.0,0.0,0.0,1.0,0.393939393939394,0.45833333333333326,0.5826050444903135,1
0.38823676709842325,0.47403795200027954,0.5354656364574275,0.0,1.0,0.4285714285714286,0.5,2021,10,0.3999,1.0,0.0,0.0,1.0,0.0,0.0,1.0,0.0,0.0,0.0,1.0,0.0,0.0,1.0,0.0,0.0,0.0,0.393939393939394,0.45833333333333326,0.5826050444903135,0
0.38823676709842325,0.9367475852276459,0.5354656364574275,0.0,1.0,0.4285714285714286,0.5,2022,3,0.102,1.0,0.0,0.0,0.0,1.0,0.0,1.0,0.0,0.0,0.0,1.0,0.0,0.0,0.0,0.0,1.0,0.0,0.393939393939394,0.45833333333333326,0.5826050444903135,1
0.6596842761989657,0.447517537800759,0.5354656364574275,0.0,0.0,0.4285714285714286,0.5,2025,2,0.185,0.0,1.0,0.0,1.0,0.0,0.0,0.0,0.0,1.0,0.0,0.0,1.0,0.0,0.0,1.0,0.0,0.0,0.393939393939394,0.45833333333333326,0.28844180225299054,0
0.38823676709842325,0.6081542883286875,0.5354656364574275,0.0,0.0,0.4285714285714286,0.5,2022,7,0.2057,0.0,1.0,0.0,1.0,0.0,0.0,0.0,1.0,0.0,0.0,0.0,1.0,0.0,0.0,0.0,0.0,1.0,0.393939393939394,0.45833333333333326,0.5826050444903135,0
0.38823676709842325,0.47403795200027954,0.5354656364574275,1.0000000000000004,0.0,0.4285714285714286,0.5,2024,4,0.3999,0.0,0.0,1.0,0.0,1.0,0.0,0.0,1.0,0.0,0.0,1.0,0.0,0.0,1.0,0.0,0.0,0.0,0.393939393939394,0.45833333333333326,0.6427439125168093,0
0.38823676709842325,0.447517537800759,0.44638673986166477,0.0,1.0,0.8999999999999999,0.25,2022,12,0.185,0.0,1.0,0.0,1.0,0.0,0.0,0.0,0.0,0.0,1.0,0.0,1.0,0.0,0.0,0.0,1.0,0.0,0.8282828282828284,0.5486111111111114,0.5826050444903135,1
0.38823676709842325,0.447517537800759,0.5354656364574275,0.0,0.0,0.4285714285714286,0.5,2021,2,0.102,0.0,0.0,1.0,0.0,1.0,0.0,0.0,0.0,0.0,1.0,0.0,1.0,0.0,1.0,0.0,0.0,0.0,0.393939393939394,0.45833333333333326,0.5826050444903135,0
0.9266640174205345,0.47403795200027954,0.5354656364574275,0.0,0.0,0.4285714285714286,0.5,2020,6,0.3999,0.0,0.0,1.0,0.0,1.0,0.0,0.0,0.0,1.0,0.0,1.0,0.0,0.0,0.0,0.0,0.0,1.0,0.393939393939394,0.45833333333333326,0.053159268691928246,0
0.7059613126314263,0.47403795200027954,0.3158310975377949,0.0,1.0,0.4285714285714286,0.5,2020,11,0.2057,1.0,0.0,0.0,0.0,0.0,1.0,0.0,0.0,1.0,0.0,0.0,0.0,1.0,1.0,0.0,0.0,0.0,0.393939393939394,0.45833333333333326,0.2436929589308451,1
0.38823676709842325,0.47403795200027954,0.5354656364574275,0.0,0.0,0.4285714285714286,0.5,2020,12,0.3999,0.0,0.0,1.0,0.0,0.0,1.0,1.0,0.0,0.0,0.0,1.0,0.0,0.0,1.0,0.0,0.0,0.0,0.393939393939394,0.45833333333333326,0.5826050444903135,0
0.6596842761989657,0.47403795200027954,0.5354656364574275,0.0,0.0,0.4285714285714286,0.5,2025,1,0.102,1.0,0.0,0.0,0.0,1.0,0.0,1.0,0.0,0.0,0.0,1.0,0.0,0.0,0.0,0.0,0.0,1.0,0.393939393939394,0.45833333333333326,0.28844180225299054,1
0.38823676709842325,0.47927427295186975,0.08739654977087685,0.0,1.0,0.5857142857142859,0.8500000000000001,2021,10,0.2057,0.0,0.0,1.0,0.0,1.0,0.0,0.0,0.0,0.0,1.0,0.0,0.0,1.0,0.0,0.0,1.0,0.0,0.36363636363636365,0.7291666666666667,0.5826050444903135,1
0.38823676709842325,0.47403795200027954,0.5354656364574275,1.0000000000000004,0.0,0.4285714285714286,0.5,2025,8,0.3999,0.0,1.0,0.0,0.0,1.0,0.0,0.0,0.0,1.0,0.0,1.0,0.0,0.0,0.0,0.0,0.0,1.0,0.393939393939394,0.45833333333333326,0.6427439125168093,0
0.6596842761989657,0.9403480307961405,0.6314043239791136,1.0000000000000004,1.0,0.7857142857142856,0.875,2022,4,0.2057,0.0,1.0,0.0,1.0,0.0,0.0,0.0,0.0,0.0,1.0,0.0,1.0,0.0,0.0,1.0,0.0,0.0,0.494949494949495,0.8402777777777779,0.34478095320423274,0
0.38823676709842325,0.47403795200027954,0.5496677092603841,1.0000000000000004,0.0,0.4285714285714286,0.5,2024,1,0.2057,0.0,1.0,0.0,0.0,1.0,0.0,1.0,0.0,0.0,0.0,1.0,0.0,0.0,0.0,1.0,0.0,0.0,0.393939393939394,0.45833333333333326,0.6427439125168093,1
0.38823676709842325,0.21839069413287104,0.5354656364574275,1.0000000000000004,0.0,0.4285714285714286,0.5,2022,5,0.102,0.0,0.0,1.0,0.0,0.0,1.0,0.0,1.0,0.0,0.0,0.0,0.0,1.0,0.0,0.0,0.0,1.0,0.393939393939394,0.45833333333333326,0.6427439125168093,0
0.7059613126314263,0.447517537800759,0.92082696199203,0.0,0.0,0.4285714285714286,0.5,2024,12,0.3999,0.0,0.0,1.0,1.0,0.0,0.0,0.0,1.0,0.0,0.0,0.0,1.0,0.0,1.0,0.0,0.0,0.0,0.393939393939394,0.45833333333333326,0.2436929589308451,1
0.38823676709842325,0.737609032166215,0.5354656364574275,0.0,0.0,0.4285714285714286,0.5,2024,8,0.3999,0.0,1.0,0.0,0.0,1.0,0.0,1.0,0.0,0.0,0.0,1.0,0.0,0.0,0.0,0.0,0.0,1.0,0.393939393939394,0.45833333333333326,0.5826050444903135,0
0.6596842761989657,0.3757703587966228,0.7441104797203657,0.0,0.0,0.4285714285714286,0.5,2023,12,0.102,1.0,0.0,0.0,0.0,0.0,1.0,0.0,0.0,0.0,1.0,0.0,0.0,1.0,0.0,1.0,0.0,0.0,0.393939393939394,0.45833333333333326,0.28844180225299054,1
0.38823676709842325,0.47403795200027954,0.5354656364574275,0.0,1.0,0.4285714285714286,0.5,2020,1,0.3999,0.0,0.0,1.0,0.0,0.0,1.0,1.0,0.0,0.0,0.0,0.0,1.0,0.0,1.0,0.0,0.0,0.0,0.393939393939394,0.45833333333333326,0.5826050444903135,0
0.6596842761989657,0.447517537800759,0.5354656364574275,0.0,0.0,0.4285714285714286,0.5,2022,4,0.3999,0.0,1.0,0.0,0.0,1.0,0.0,1.0,0.0,0.0,0.0,1.0,0.0,0.0,0.0,0.0,1.0,0.0,0.393939393939394,0.45833333333333326,0.28844180225299054,0
0.7059613126314263,0.47403795200027954,0.5354656364574275,0.0,0.0,0.4285714285714286,0.5,2025,7,0.185,1.0,0.0,0.0,0.0,1.0,0.0,0.0,1.0,0.0,0.0,0.0,0.0,1.0,0.0,0.0,1.0,0.0,0.393939393939394,0.45833333333333326,0.2436929589308451,1
0.6596842761989657,0.47403795200027954,0.3991371422078265,0.0,1.0,0.9428571428571431,0.5,2023,8,0.185,0.0,0.0,1.0,0.0,1.0,0.0,0.0,0.0,1.0,0.0,1.0,0.0,0.0,0.0,0.0,0.0,1.0,0.7575757575757577,0.7083333333333333,0.28844180225299054,0
0.38823676709842325,0.447517537800759,0.5354656364574275,0.0,1.0,0.4285714285714286,0.5,2022,7,0.3999,0.0,1.0,0.0,0.0,0.0,1.0,1.0,0.0,0.0,0.0,0.0,0.0,1.0,0.0,0.0,0.0,1.0,0.393939393939394,0.45833333333333326,0.5826050444903135,1
0.9626295218680472,0.47403795200027954,0.5354656364574275,0.0,1.0,0.4285714285714286,0.5,2021,12,0.3999,0.0,0.0,1.0,1.0,0.0,0.0,0.0,0.0,1.0,0.0,0.0,1.0,0.0,0.0,0.0,0.0,1.0,0.393939393939394,0.45833333333333326,0.02636345370865137,0
0.7296225131497025,0.9475175378007594,0.5354656364574275,1.0000000000000004,0.0,0.07142857142857162,0.27500000000000013,2020,8,0.2057,1.0,0.0,0.0,0.0,1.0,0.0,0.0,0.0,0.0,1.0,0.0,0.0,1.0,0.0,0.0,0.0,1.0,0.23232323232323232,0.15972222222222232,0.275897106524731,0
0.38823676709842325,0.47403795200027954,0.5354656364574275,0.0,0.0,0.41428571428571437,0.10000000000000009,2022,11,0.3999,0.0,0.0,1.0,0.0,0.0,1.0,0.0,0.0,0.0,1.0,0.0,1.0,0.0,0.0,0.0,0.0,1.0,0.5454545454545455,0.22916666666666674,0.5826050444903135,0
0.6596842761989657,0.447517537800759,0.5354656364574275,0.0,0.0,0.44285714285714284,0.9000000000000004,2024,1,0.1074,0.0,0.0,1.0,1.0,0.0,0.0,0.0,0.0,1.0,0.0,1.0,0.0,0.0,0.0,0.0,0.0,1.0,0.24242424242424243,0.6874999999999998,0.28844180225299054,0
0.7059613126314263,0.9510867204116491,0.5354656364574275,0.0,0.0,0.4285714285714286,0.5,2024,10,0.2057,0.0,0.0,1.0,0.0,1.0,0.0,0.0,0.0,0.0,1.0,1.0,0.0,0.0,0.0,1.0,0.0,0.0,0.393939393939394,0.45833333333333326,0.2436929589308451,1
0.7059613126314263,0.47403795200027954,0.5354656364574275,0.0,1.0,0.4285714285714286,0.5,2025,6,0.102,1.0,0.0,0.0,0.0,1.0,0.0,1.0,0.0,0.0,0.0,1.0,0.0,0.0,0.0,0.0,0.0,1.0,0.393939393939394,0.45833333333333326,0.2436929589308451,1
0.38823676709842325,0.11050538862370107,0.5354656364574275,1.0000000000000004,0.0,0.4285714285714286,0.5,2024,1,0.3999,1.0,0.0,0.0,0.0,0.0,1.0,1.0,0.0,0.0,0.0,0.0,1.0,0.0,1.0,0.0,0.0,0.0,0.393939393939394,0.45833333333333326,0.6427439125168093,0
0.7059613126314263,0.47403795200027954,0.3829487047303832,0.0,0.0,0.4285714285714286,0.5,2021,2,0.3999,0.0,1.0,0.0,0.0,0.0,1.0,0.0,0.0,1.0,0.0,0.0,1.0,0.0,1.0,0.0,0.0,0.0,0.393939393939394,0.45833333333333326,0.2436929589308451,0
0.7059613126314263,0.47403795200027954,0.5354656364574275,1.0000000000000004,0.0,0.4285714285714286,0.5,2023,3,0.1074,0.0,1.0,0.0,0.0,1.0,0.0,0.0,0.0,1.0,0.0,1.0,0.0,0.0,1.0,0.0,0.0,0.0,0.393939393939394,0.45833333333333326,0.29887056355028807,0
0.7059613126314263,0.47403795200027954,0.5354656364574275,0.0,1.0,0.4285714285714286,0.5,2025,6,0.102,1.0,0.0,0.0,0.0,1.0,0.0,1.0,0.0,0.0,0.0,1.0,0.0,0.0,0.0,0.0,0.0,1.0,0.393939393939394,0.45833333333333326,0.2436929589308451,1
0.6596842761989657,0.447517537800759,0.7321160261480628,0.0,0.0,0.4285714285714286,0.5,2021,7,0.2057,0.0,0.0,1.0,0.0,1.0,0.0,1.0,0.0,0.0,0.0,1.0,0.0,0.0,1.0,0.0,0.0,0.0,0.393939393939394,0.45833333333333326,0.28844180225299054,0
0.7059613126314263,0.5650494510263222,0.6702053117729241,0.0,1.0,0.48571428571428577,0.5249999999999999,2022,10,0.3999,0.0,1.0,0.0,0.0,1.0,0.0,0.0,0.0,1.0,0.0,1.0,0.0,0.0,0.0,1.0,0.0,0.0,0.42424242424242425,0.5,0.2436929589308451,1
0.8046533244696281,0.9149213210862199,0.5354656364574275,0.0,1.0,0.4285714285714286,0.5,2024,8,0.3999,0.0,1.0,0.0,1.0,0.0,0.0,0.0,1.0,0.0,0.0,1.0,0.0,0.0,0.0,0.0,1.0,0.0,0.393939393939394,0.45833333333333326,0.15344736073036283,0
0.7059613126314263,0.47403795200027954,0.5354656364574275,1.0000000000000004,1.0,0.4285714285714286,0.5,2022,3,0.3999,1.0,0.0,0.0,0.0,1.0,0.0,1.0,0.0,0.0,0.0,1.0,0.0,0.0,0.0,1.0,0.0,0.0,0.393939393939394,0.45833333333333326,0.29887056355028807,1
0.8432759846484608,0.47403795200027954,0.476847824478952,0.0,0.0,0.6142857142857143,0.27500000000000013,2024,7,0.2057,0.0,1.0,0.0,1.0,0.0,0.0,0.0,0.0,1.0,0.0,0.0,1.0,0.0,0.0,1.0,0.0,0.0,0.6161616161616162,0.4236111111111114,0.12023983935093127,0
0.38823676709842325,0.20541002973476497,0.5354656364574275,0.0,0.0,0.4285714285714286,0.5,2022,4,0.1074,0.0,1.0,0.0,1.0,0.0,0.0,1.0,0.0,0.0,0.0,0.0,1.0,0.0,1.0,0.0,0.0,0.0,0.393939393939394,0.45833333333333326,0.5826050444903135,0
0.6379982859432912,0.9439379947033202,0.5354656364574275,0.0,1.0,0.4285714285714286,0.5,2022,3,0.2057,0.0,0.0,1.0,0.0,0.0,1.0,0.0,0.0,1.0,0.0,0.0,0.0,1.0,0.0,0.0,0.0,1.0,0.393939393939394,0.45833333333333326,0.3099160458431569,0
0.38823676709842325,0.47403795200027954,0.5354656364574275,1.0000000000000004,0.0,0.4285714285714286,0.5,2020,5,0.3999,1.0,0.0,0.0,1.0,0.0,0.0,0.0,0.0,1.0,0.0,0.0,1.0,0.0,0.0,0.0,0.0,1.0,0.393939393939394,0.45833333333333326,0.6427439125168093,1
0.9494934354765419,0.447517537800759,0.5354656364574275,0.0,0.0,0.4285714285714286,0.5,2022,6,0.3999,0.0,1.0,0.0,1.0,0.0,0.0,0.0,1.0,0.0,0.0,0.0,1.0,0.0,0.0,0.0,0.0,1.0,0.393939393939394,0.45833333333333326,0.035992393836476094,1
0.9383792523906672,0.47403795200027954,0.5354656364574275,1.0000000000000004,0.0,0.4285714285714286,0.5,2024,2,0.3999,0.0,1.0,0.0,1.0,0.0,0.0,0.0,0.0,1.0,0.0,1.0,0.0,0.0,0.0,1.0,0.0,0.0,0.393939393939394,0.45833333333333326,0.09003576391578524,0
0.8519443031609923,0.47403795200027954,0.5354656364574275,0.0,0.0,0.4285714285714286,0.5,2022,2,0.102,0.0,0.0,1.0,0.0,1.0,0.0,0.0,1.0,0.0,0.0,0.0,1.0,0.0,0.0,0.0,0.0,1.0,0.393939393939394,0.45833333333333326,0.11296442566883733,0
0.6596842761989657,0.47403795200027954,0.5354656364574275,1.0000000000000004,1.0,0.4285714285714286,0.5,2025,5,0.1074,1.0,0.0,0.0,1.0,0.0,0.0,0.0,1.0,0.0,0.0,0.0,0.0,1.0,0.0,1.0,0.0,0.0,0.393939393939394,0.45833333333333326,0.34478095320423274,0
0.9774088217319686,0.47403795200027954,0.5354656364574275,0.0,1.0,0.20000000000000018,0.15000000000000013,2020,7,0.3999,0.0,1.0,0.0,1.0,0.0,0.0,0.0,0.0,1.0,0.0,0.0,1.0,0.0,1.0,0.0,0.0,0.0,0.37373737373737376,0.1527777777777779,0.015752803605833893,1
0.7059613126314263,0.47403795200027954,0.5354656364574275,0.0,1.0,0.4285714285714286,0.5,2021,4,0.185,0.0,1.0,0.0,0.0,0.0,1.0,0.0,0.0,1.0,0.0,1.0,0.0,0.0,0.0,0.0,0.0,1.0,0.393939393939394,0.45833333333333326,0.2436929589308451,0
0.38823676709842325,0.447517537800759,0.5354656364574275,0.0,1.0,0.4285714285714286,0.5,2023,4,0.2057,0.0,1.0,0.0,1.0,0.0,0.0,0.0,1.0,0.0,0.0,1.0,0.0,0.0,0.0,0.0,0.0,1.0,0.393939393939394,0.45833333333333326,0.5826050444903135,1
0.9626295218680472,0.47403795200027954,0.5354656364574275,0.0,1.0,0.2571428571428571,0.15000000000000013,2020,7,0.3999,1.0,0.0,0.0,0.0,0.0,1.0,0.0,1.0,0.0,0.0,1.0,0.0,0.0,0.0,1.0,0.0,0.0,0.41414141414141414,0.18055555555555558,0.02636345370865137,0
0.6596842761989657,0.447517537800759,0.835838014569739,0.0,0.0,0.4285714285714286,0.5,2020,9,0.185,1.0,0.0,0.0,0.0,0.0,1.0,0.0,0.0,1.0,0.0,0.0,1.0,0.0,0.0,0.0,0.0,1.0,0.393939393939394,0.45833333333333326,0.28844180225299054,1
0.4216379923242304,0.447517537800759,0.5354656364574275,0.0,0.0,0.4285714285714286,0.5,2020,3,0.1074,0.0,0.0,1.0,0.0,0.0,1.0,1.0,0.0,0.0,0.0,1.0,0.0,0.0,0.0,0.0,0.0,1.0,0.393939393939394,0.45833333333333326,0.5428792661115055,1
0.7059613126314263,0.447517537800759,0.5354656364574275,1.0000000000000004,0.0,0.4285714285714286,0.5,2025,6,0.185,0.0,1.0,0.0,1.0,0.0,0.0,0.0,0.0,1.0,0.0,0.0,1.0,0.0,0.0,1.0,0.0,0.0,0.393939393939394,0.45833333333333326,0.29887056355028807,1
0.6596842761989657,0.47403795200027954,0.5354656364574275,0.0,0.0,0.4285714285714286,0.5,2021,4,0.102,0.0,0.0,1.0,1.0,0.0,0.0,1.0,0.0,0.0,0.0,1.0,0.0,0.0,0.0,0.0,1.0,0.0,0.393939393939394,0.45833333333333326,0.28844180225299054,0
0.6596842761989657,0.47403795200027954,0.5354656364574275,1.0000000000000004,0.0,0.5,0.9500000000000002,2022,9,0.185,1.0,0.0,0.0,0.0,0.0,1.0,1.0,0.0,0.0,0.0,0.0,1.0,0.0,0.0,0.0,1.0,0.0,0.26262626262626265,0.7430555555555556,0.34478095320423274,0
0.38823676709842325,0.447517537800759,0.5354656364574275,0.0,0.0,0.4285714285714286,0.5,2020,3,0.3999,0.0,0.0,1.0,1.0,0.0,0.0,1.0,0.0,0.0,0.0,0.0,1.0,0.0,1.0,0.0,0.0,0.0,0.393939393939394,0.45833333333333326,0.5826050444903135,1
0.9236334915818912,0.47403795200027954,0.5354656364574275,0.0,0.0,0.4285714285714286,0.5,2025,9,0.3999,0.0,1.0,0.0,1.0,0.0,0.0,0.0,1.0,0.0,0.0,0.0,1.0,0.0,0.0,0.0,1.0,0.0,0.393939393939394,0.45833333333333326,0.05547858198464192,0
0.6596842761989657,0.8586032361019442,0.5354656364574275,0.0,0.0,0.4285714285714286,0.5,2022,12,0.2057,0.0,0.0,1.0,1.0,0.0,0.0,0.0,1.0,0.0,0.0,1.0,0.0,0.0,0.0,0.0,0.0,1.0,0.393939393939394,0.45833333333333326,0.28844180225299054,1
0.6596842761989657,0.7032332388232052,0.5354656364574275,1.0000000000000004,1.0,0.4285714285714286,0.5,2025,9,0.2057,1.0,0.0,0.0,1.0,0.0,0.0,0.0,0.0,0.0,1.0,1.0,0.0,0.0,0.0,0.0,0.0,1.0,0.393939393939394,0.45833333333333326,0.34478095320423274,0
0.7059613126314263,0.47403795200027954,0.9903945140699006,0.0,0.0,0.4285714285714286,0.5,2023,5,0.102,1.0,0.0,0.0,0.0,0.0,1.0,1.0,0.0,0.0,0.0,1.0,0.0,0.0,0.0,0.0,0.0,1.0,0.393939393939394,0.45833333333333326,0.2436929589308451,1
0.6596842761989657,0.47403795200027954,0.5354656364574275,0.0,0.0,0.4285714285714286,0.5,2021,4,0.3999,1.0,0.0,0.0,1.0,0.0,0.0,0.0,0.0,0.0,1.0,0.0,1.0,0.0,0.0,1.0,0.0,0.0,0.393939393939394,0.45833333333333326,0.28844180225299054,0
0.7059613126314263,0.47403795200027954,0.5354656364574275,0.0,0.0,0.4285714285714286,0.5,2022,4,0.3999,0.0,0.0,1.0,0.0,1.0,0.0,0.0,0.0,1.0,0.0,0.0,1.0,0.0,0.0,0.0,0.0,1.0,0.393939393939394,0.45833333333333326,0.2436929589308451,1
0.6596842761989657,0.22483014339339613,0.5354656364574275,0.0,0.0,0.4285714285714286,0.5,2022,10,0.2057,1.0,0.0,0.0,1.0,0.0,0.0,1.0,0.0,0.0,0.0,1.0,0.0,0.0,0.0,0.0,1.0,0.0,0.393939393939394,0.45833333333333326,0.28844180225299054,1
0.38823676709842325,0.447517537800759,0.9610903055226858,0.0,0.0,0.6142857142857143,0.4500000000000002,2024,12,0.3999,0.0,0.0,1.0,0.0,1.0,0.0,0.0,0.0,1.0,0.0,0.0,1.0,0.0,0.0,0.0,0.0,1.0,0.5454545454545455,0.5208333333333333,0.5826050444903135,1
0.38823676709842325,0.47403795200027954,0.5354656364574275,0.0,0.0,0.4285714285714286,0.5,2023,12,0.3999,0.0,0.0,1.0,0.0,1.0,0.0,1.0,0.0,0.0,0.0,1.0,0.0,0.0,1.0,0.0,0.0,0.0,0.393939393939394,0.45833333333333326,0.5826050444903135,1
0.9821194217167522,0.447517537800759,0.5354656364574275,0.0,0.0,0.4285714285714286,0.5,2022,5,0.185,1.0,0.0,0.0,0.0,1.0,0.0,0.0,0.0,1.0,0.0,1.0,0.0,0.0,0.0,0.0,1.0,0.0,0.393939393939394,0.45833333333333326,0.012421196829099784,1
0.15019048322368794,0.447517537800759,0.7321160261480628,0.0,0.0,0.7857142857142856,0.40000000000000013,2025,3,0.2057,1.0,0.0,0.0,1.0,0.0,0.0,1.0,0.0,0.0,0.0,0.0,1.0,0.0,0.0,0.0,1.0,0.0,0.686868686868687,0.5763888888888891,0.9387591798167269,0
0.7440731378420168,0.28132025205531574,0.5354656364574275,1.0000000000000004,0.0,0.4285714285714286,0.5,2021,9,0.3999,1.0,0.0,0.0,0.0,0.0,1.0,0.0,1.0,0.0,0.0,1.0,0.0,0.0,0.0,0.0,0.0,1.0,0.393939393939394,0.45833333333333326,0.262037443893098,1
0.38823676709842325,0.6543451464146908,0.5354656364574275,1.0000000000000004,1.0,0.4285714285714286,0.5,2025,7,0.2057,0.0,0.0,1.0,0.0,0.0,1.0,0.0,0.0,1.0,0.0,0.0,1.0,0.0,0.0,0.0,0.0,1.0,0.393939393939394,0.45833333333333326,0.6427439125168093,1
0.8432759846484608,0.447517537800759,0.5354656364574275,0.0,0.0,0.07142857142857162,0.8500000000000001,2024,7,0.3999,0.0,0.0,1.0,0.0,0.0,1.0,0.0,0.0,0.0,1.0,1.0,0.0,0.0,1.0,0.0,0.0,0.0,0.0,0.47916666666666674,0.12023983935093127,0
0.6596842761989657,0.5747593573455676,0.5354656364574275,0.0,0.0,0.4285714285714286,0.5,2025,7,0.2057,0.0,0.0,1.0,0.0,1.0,0.0,1.0,0.0,0.0,0.0,1.0,0.0,0.0,1.0,0.0,0.0,0.0,0.393939393939394,0.45833333333333326,0.28844180225299054,1
0.9355092890383155,0.47403795200027954,0.5354656364574275,0.0,0.0,0.4285714285714286,0.5,2023,4,0.102,1.0,0.0,0.0,1.0,0.0,0.0,0.0,0.0,1.0,0.0,0.0,1.0,0.0,0.0,0.0,1.0,0.0,0.393939393939394,0.45833333333333326,0.04644367765757876,0
0.6596842761989657,0.47403795200027954,0.5354656364574275,0.0,0.0,0.4285714285714286,0.5,2020,7,0.185,1.0,0.0,0.0,1.0,0.0,0.0,0.0,0.0,0.0,1.0,0.0,1.0,0.0,1.0,0.0,0.0,0.0,0.393939393939394,0.45833333333333326,0.28844180225299054,1
0.7059613126314263,0.47403795200027954,0.5354656364574275,1.0000000000000004,0.0,0.4285714285714286,0.5,2025,7,0.2057,1.0,0.0,0.0,0.0,1.0,0.0,0.0,1.0,0.0,0.0,1.0,0.0,0.0,0.0,0.0,1.0,0.0,0.393939393939394,0.45833333333333326,0.29887056355028807,1
0.38823676709842325,0.447517537800759,0.5354656364574275,0.0,0.0,0.4285714285714286,0.5,2020,7,0.2057,0.0,1.0,0.0,0.0,1.0,0.0,0.0,0.0,0.0,1.0,1.0,0.0,0.0,0.0,1.0,0.0,0.0,0.393939393939394,0.45833333333333326,0.5826050444903135,1
0.9266640174205345,0.6678716264387723,0.5354656364574275,0.0,0.0,0.4285714285714286,0.5,2022,12,0.3999,1.0,0.0,0.0,0.0,1.0,0.0,0.0,1.0,0.0,0.0,1.0,0.0,0.0,1.0,0.0,0.0,0.0,0.393939393939394,0.45833333333333326,0.053159268691928246,0
0.8561517958551143,0.8353355320170963,0.6047950046859647,0.0,0.0,0.4285714285714286,0.5,2021,10,0.102,0.0,0.0,1.0,0.0,1.0,0.0,0.0,0.0,1.0,0.0,1.0,0.0,0.0,0.0,0.0,0.0,1.0,0.393939393939394,0.45833333333333326,0.10945724761671569,1
0.6596842761989657,0.447517537800759,0.4151022837625655,0.0,0.0,0.4285714285714286,0.5,2021,2,0.3999,0.0,0.0,1.0,0.0,1.0,0.0,1.0,0.0,0.0,0.0,0.0,1.0,0.0,0.0,1.0,0.0,0.0,0.393939393939394,0.45833333333333326,0.28844180225299054,0
0.6596842761989657,0.7995895007389637,0.5354656364574275,0.0,1.0,0.4285714285714286,0.5,2021,7,0.185,0.0,1.0,0.0,0.0,1.0,0.0,0.0,0.0,1.0,0.0,1.0,0.0,0.0,0.0,0.0,0.0,1.0,0.393939393939394,0.45833333333333326,0.28844180225299054,1
0.38823676709842325,0.47403795200027954,0.5354656364574275,0.0,0.0,0.4285714285714286,0.5,2020,1,0.185,0.0,1.0,0.0,1.0,0.0,0.0,0.0,1.0,0.0,0.0,0.0,0.0,1.0,0.0,0.0,0.0,1.0,0.393939393939394,0.45833333333333326,0.5826050444903135,0
0.7059613126314263,0.3056195945699809,0.5354656364574275,1.0000000000000004,1.0,0.4285714285714286,0.5,2024,6,0.3999,0.0,0.0,1.0,0.0,1.0,0.0,0.0,0.0,1.0,0.0,0.0,1.0,0.0,1.0,0.0,0.0,0.0,0.393939393939394,0.45833333333333326,0.29887056355028807,1
0.897730560073701,0.47403795200027954,0.0,0.0,1.0,1.0,0.0,2020,12,0.3999,1.0,0.0,0.0,0.0,0.0,1.0,0.0,0.0,1.0,0.0,0.0,1.0,0.0,1.0,0.0,0.0,0.0,1.0,0.4583333333333337,0.07567887812750071,0
0.7059613126314263,0.447517537800759,0.5354656364574275,0.0,0.0,0.7857142857142856,0.0,2024,5,0.3999,1.0,0.0,0.0,0.0,0.0,1.0,0.0,0.0,1.0,0.0,0.0,0.0,1.0,0.0,0.0,0.0,1.0,0.8484848484848486,0.35416666666666674,0.2436929589308451,1
0.7059613126314263,0.47403795200027954,0.5354656364574275,0.0,0.0,0.4285714285714286,0.5,2020,6,0.3999,0.0,0.0,1.0,1.0,0.0,0.0,1.0,0.0,0.0,0.0,0.0,1.0,0.0,0.0,0.0,0.0,1.0,0.393939393939394,0.45833333333333326,0.2436929589308451,1
0.6596842761989657,0.47403795200027954,0.6828552126767171,0.0,0.0,0.4285714285714286,0.5,2021,10,0.185,0.0,1.0,0.0,0.0,1.0,0.0,1.0,0.0,0.0,0.0,0.0,0.0,1.0,0.0,0.0,0.0,1.0,0.393939393939394,0.45833333333333326,0.28844180225299054,1
0.8476534883872682,0.42588274198223797,0.5354656364574275,0.0,1.0,0.7571428571428571,0.9000000000000004,2023,4,0.185,0.0,1.0,0.0,0.0,0.0,1.0,0.0,1.0,0.0,0.0,0.0,0.0,1.0,0.0,0.0,1.0,0.0,0.4646464646464647,0.8402777777777779,0.1165574008242615,0
0.6596842761989657,0.47403795200027954,0.5354656364574275,0.0,0.0,0.4285714285714286,0.5,2021,5,0.2057,1.0,0.0,0.0,1.0,0.0,0.0,1.0,0.0,0.0,0.0,1.0,0.0,0.0,0.0,1.0,0.0,0.0,0.393939393939394,0.45833333333333326,0.28844180225299054,1
0.8248240703312607,0.9258827419822375,0.5354656364574275,1.0000000000000004,0.0,0.4285714285714286,0.5,2024,3,0.2057,0.0,0.0,1.0,1.0,0.0,0.0,1.0,0.0,0.0,0.0,1.0,0.0,0.0,0.0,1.0,0.0,0.0,0.393939393939394,0.45833333333333326,0.18711670807330735,0
0.6596842761989657,0.447517537800759,0.5354656364574275,0.0,0.0,0.4285714285714286,0.5,2025,6,0.2057,1.0,0.0,0.0,0.0,1.0,0.0,0.0,0.0,1.0,0.0,0.0,1.0,0.0,1.0,0.0,0.0,0.0,0.393939393939394,0.45833333333333326,0.28844180225299054,1
0.38823676709842325,0.2935297748782637,0.3665306363799026,0.0,0.0,0.4285714285714286,0.5,2024,8,0.1074,1.0,0.0,0.0,1.0,0.0,0.0,1.0,0.0,0.0,0.0,1.0,0.0,0.0,0.0,0.0,0.0,1.0,0.393939393939394,0.45833333333333326,0.5826050444903135,1
0.38823676709842325,0.8470242615341319,0.5354656364574275,0.0,0.0,0.2714285714285716,0.025000000000000133,2024,8,0.1074,1.0,0.0,0.0,0.0,0.0,1.0,1.0,0.0,0.0,0.0,0.0,0.0,1.0,0.0,0.0,0.0,1.0,0.47474747474747475,0.11805555555555558,0.5826050444903135,1
0.6596842761989657,0.47403795200027954,0.49178292733284845,1.0000000000000004,0.0,0.08571428571428585,0.27500000000000013,2022,5,0.2057,1.0,0.0,0.0,1.0,0.0,0.0,1.0,0.0,0.0,0.0,1.0,0.0,0.0,0.0,0.0,0.0,1.0,0.24242424242424243,0.16666666666666674,0.34478095320423274,0
0.6596842761989657,0.47403795200027954,0.5354656364574275,1.0000000000000004,1.0,0.4285714285714286,0.5,2025,5,0.3999,0.0,0.0,1.0,0.0,0.0,1.0,0.0,0.0,1.0,0.0,1.0,0.0,0.0,0.0,0.0,1.0,0.0,0.393939393939394,0.45833333333333326,0.34478095320423274,0
0.6596842761989657,0.447517537800759,0.5354656364574275,0.0,1.0,0.4285714285714286,0.5,2024,7,0.3999,1.0,0.0,0.0,0.0,0.0,1.0,1.0,0.0,0.0,0.0,0.0,1.0,0.0,0.0,1.0,0.0,0.0,0.393939393939394,0.45833333333333326,0.28844180225299054,1
0.7059613126314263,0.47403795200027954,0.12873860205784737,0.0,0.0,0.4285714285714286,0.5,2020,2,0.102,0.0,0.0,1.0,1.0,0.0,0.0,0.0,0.0,1.0,0.0,0.0,0.0,1.0,0.0,0.0,0.0,1.0,0.393939393939394,0.45833333333333326,0.2436929589308451,0
0.6596842761989657,0.47403795200027954,0.5354656364574275,0.0,0.0,0.4285714285714286,0.5,2020,3,0.185,0.0,0.0,1.0,1.0,0.0,0.0,0.0,0.0,0.0,1.0,1.0,0.0,0.0,0.0,0.0,0.0,1.0,0.393939393939394,0.45833333333333326,0.28844180225299054,1
0.7059613126314263,0.447517537800759,0.3158310975377949,1.0000000000000004,0.0,0.4285714285714286,0.5,2024,10,0.3999,0.0,1.0,0.0,0.0,0.0,1.0,0.0,0.0,1.0,0.0,0.0,0.0,1.0,0.0,0.0,0.0,1.0,0.393939393939394,0.45833333333333326,0.29887056355028807,0
0.7059613126314263,0.447517537800759,0.8896828119009514,0.0,0.0,0.30000000000000004,0.0,2025,7,0.102,0.0,0.0,1.0,0.0,0.0,1.0,0.0,1.0,0.0,0.0,0.0,0.0,1.0,0.0,0.0,1.0,0.0,0.5050505050505052,0.11805555555555558,0.2436929589308451,1
0.764088502509945,0.933136596611694,0.5354656364574275,0.0,0.0,0.4285714285714286,0.5,2025,1,0.2057,1.0,0.0,0.0,1.0,0.0,0.0,0.0,1.0,0.0,0.0,0.0,1.0,0.0,0.0,1.0,0.0,0.0,0.393939393939394,0.45833333333333326,0.18964410734058876,0
0.6596842761989657,0.447517537800759,0.5354656364574275,0.0,0.0,0.24285714285714288,0.9500000000000002,2020,12,0.102,0.0,1.0,0.0,1.0,0.0,0.0,1.0,0.0,0.0,0.0,0.0,0.0,1.0,0.0,0.0,0.0,1.0,0.08080808080808081,0.6180555555555556,0.28844180225299054,0
0.9725935332246339,0.47403795200027954,0.5354656364574275,0.0,1.0,0.4285714285714286,0.5,2025,8,0.1074,1.0,0.0,0.0,1.0,0.0,0.0,1.0,0.0,0.0,0.0,0.0,0.0,1.0,0.0,1.0,0.0,0.0,0.393939393939394,0.45833333333333326,0.01918370494016927,1
0.7059613126314263,0.447517537800759,0.779365623801902,0.0,0.0,0.4285714285714286,0.5,2025,2,0.2057,0.0,0.0,1.0,0.0,1.0,0.0,1.0,0.0,0.0,0.0,1.0,0.0,0.0,1.0,0.0,0.0,0.0,0.393939393939394,0.45833333333333326,0.2436929589308451,0
0.6596842761989657,0.47403795200027954,0.5354656364574275,0.0,0.0,0.10000000000000009,0.025000000000000133,2022,10,0.1074,0.0,0.0,1.0,0.0,0.0,1.0,0.0,0.0,1.0,0.0,0.0,0.0,1.0,0.0,0.0,1.0,0.0,0.35353535353535354,0.03472222222222232,0.28844180225299054,0
0.6596842761989657,0.447517537800759,0.5354656364574275,1.0000000000000004,1.0,0.4285714285714286,0.5,2023,8,0.185,0.0,1.0,0.0,0.0,1.0,0.0,1.0,0.0,0.0,0.0,0.0,1.0,0.0,0.0,1.0,0.0,0.0,0.393939393939394,0.45833333333333326,0.34478095320423274,1
0.38823676709842325,0.47403795200027954,0.5354656364574275,0.0,0.0,0.4285714285714286,0.5,2024,5,0.1074,0.0,1.0,0.0,1.0,0.0,0.0,1.0,0.0,0.0,0.0,1.0,0.0,0.0,0.0,0.0,1.0,0.0,0.393939393939394,0.45833333333333326,0.5826050444903135,1
0.38823676709842325,0.47403795200027954,0.5354656364574275,0.0,0.0,0.4285714285714286,0.5,2025,7,0.3999,1.0,0.0,0.0,1.0,0.0,0.0,0.0,1.0,0.0,0.0,1.0,0.0,0.0,0.0,0.0,1.0,0.0,0.393939393939394,0.45833333333333326,0.5826050444903135,1
0.6596842761989657,0.47403795200027954,0.5354656364574275,0.0,0.0,0.4285714285714286,0.5,2021,1,0.2057,0.0,1.0,0.0,1.0,0.0,0.0,0.0,0.0,1.0,0.0,1.0,0.0,0.0,0.0,0.0,0.0,1.0,0.393939393939394,0.45833333333333326,0.28844180225299054,0
0.7059613126314263,0.447517537800759,0.14886875138769273,0.0,1.0,0.4285714285714286,0.5,2025,1,0.2057,0.0,0.0,1.0,1.0,0.0,0.0,0.0,0.0,1.0,0.0,0.0,0.0,1.0,0.0,0.0,1.0,0.0,0.393939393939394,0.45833333333333326,0.2436929589308451,1
0.6262830509731585,0.47403795200027954,0.5354656364574275,0.0,0.0,0.4285714285714286,0.5,2024,1,0.3999,1.0,0.0,0.0,0.0,1.0,0.0,1.0,0.0,0.0,0.0,0.0,1.0,0.0,0.0,0.0,0.0,1.0,0.393939393939394,0.45833333333333326,0.32164932363242216,0
0.7220189587716063,0.47403795200027954,0.5354656364574275,1.0000000000000004,1.0,0.4285714285714286,0.5,2020,2,0.102,0.0,1.0,0.0,0.0,0.0,1.0,0.0,0.0,1.0,0.0,0.0,1.0,0.0,1.0,0.0,0.0,0.0,0.393939393939394,0.45833333333333326,0.28324208078750346,1
0.4216379923242304,0.21839069413287104,0.5354656364574275,0.0,0.0,0.4285714285714286,0.5,2024,3,0.3999,1.0,0.0,0.0,0.0,1.0,0.0,0.0,0.0,0.0,1.0,1.0,0.0,0.0,0.0,0.0,0.0,1.0,0.393939393939394,0.45833333333333326,0.5428792661115055,0
0.38823676709842325,0.47403795200027954,0.5354656364574275,0.0,0.0,0.4285714285714286,0.5,2023,11,0.2057,0.0,0.0,1.0,0.0,1.0,0.0,0.0,0.0,0.0,1.0,0.0,1.0,0.0,0.0,0.0,0.0,1.0,0.393939393939394,0.45833333333333326,0.5826050444903135,0
0.9978439716109563,0.47403795200027954,0.5354656364574275,0.0,0.0,0.4285714285714286,0.5,2022,3,0.3999,0.0,0.0,1.0,0.0,1.0,0.0,0.0,0.0,0.0,1.0,0.0,1.0,0.0,1.0,0.0,0.0,0.0,0.393939393939394,0.45833333333333326,0.0014787003342740523,1
0.6596842761989657,0.47403795200027954,0.5354656364574275,0.0,0.0,0.4285714285714286,0.5,2024,11,0.102,1.0,0.0,0.0,1.0,0.0,0.0,0.0,0.0,0.0,1.0,0.0,1.0,0.0,1.0,0.0,0.0,0.0,0.393939393939394,0.45833333333333326,0.28844180225299054,1
0.7059613126314263,0.447517537800759,0.5354656364574275,0.0,1.0,0.4285714285714286,0.5,2022,4,0.2057,0.0,0.0,1.0,0.0,1.0,0.0,1.0,0.0,0.0,0.0,0.0,1.0,0.0,0.0,0.0,0.0,1.0,0.393939393939394,0.45833333333333326,0.2436929589308451,1
0.6596842761989657,0.47403795200027954,0.18810825193982694,1.0000000000000004,0.0,0.4285714285714286,0.5,2021,8,0.3999,0.0,0.0,1.0,0.0,0.0,1.0,0.0,0.0,1.0,0.0,0.0,1.0,0.0,1.0,0.0,0.0,0.0,0.393939393939394,0.45833333333333326,0.34478095320423274,1
0.38823676709842325,0.47403795200027954,0.5354656364574275,1.0000000000000004,0.0,0.7,0.375,2025,8,0.2057,0.0,0.0,1.0,0.0,1.0,0.0,1.0,0.0,0.0,0.0,1.0,0.0,0.0,0.0,0.0,0.0,1.0,0.6363636363636365,0.5208333333333333,0.6427439125168093,0
0.6596842761989657,0.47403795200027954,0.5354656364574275,0.0,1.0,0.4285714285714286,0.5,2020,9,0.102,0.0,0.0,1.0,1.0,0.0,0.0,0.0,0.0,1.0,0.0,1.0,0.0,0.0,1.0,0.0,0.0,0.0,0.393939393939394,0.45833333333333326,0.28844180225299054,0
0.6697641897061286,0.47403795200027954,0.5354656364574275,0.0,1.0,0.4285714285714286,0.5,2022,8,0.3999,0.0,0.0,1.0,0.0,1.0,0.0,0.0,0.0,0.0,1.0,1.0,0.0,0.0,0.0,0.0,1.0,0.0,0.393939393939394,0.45833333333333326,0.2785691040751598,0
0.6596842761989657,0.47403795200027954,0.4617174859980837,0.0,0.0,0.4285714285714286,0.5,2025,3,0.2057,1.0,0.0,0.0,0.0,0.0,1.0,1.0,0.0,0.0,0.0,0.0,1.0,0.0,0.0,1.0,0.0,0.0,0.393939393939394,0.45833333333333326,0.28844180225299054,0
0.7059613126314263,0.47403795200027954,0.5354656364574275,0.0,0.0,0.8857142857142857,0.5750000000000002,2023,9,0.3999,0.0,0.0,1.0,0.0,1.0,0.0,0.0,0.0,0.0,1.0,1.0,0.0,0.0,0.0,0.0,0.0,1.0,0.686868686868687,0.7222222222222221,0.2436929589308451,1
0.7059613126314263,0.447517537800759,0.7441104797203657,1.0000000000000004,1.0,0.4285714285714286,0.5,2024,3,0.3999,0.0,1.0,0.0,0.0,1.0,0.0,1.0,0.0,0.0,0.0,0.0,1.0,0.0,1.0,0.0,0.0,0.0,0.393939393939394,0.45833333333333326,0.29887056355028807,0
0.38823676709842325,0.47403795200027954,0.5354656364574275,0.0,0.0,0.4285714285714286,0.5,2020,2,0.185,0.0,1.0,0.0,0.0,0.0,1.0,0.0,0.0,1.0,0.0,0.0,0.0,1.0,0.0,0.0,1.0,0.0,0.393939393939394,0.45833333333333326,0.5826050444903135,1
0.38823676709842325,0.447517537800759,0.5354656364574275,0.0,1.0,0.4285714285714286,0.5,2020,7,0.3999,0.0,1.0,0.0,0.0,0.0,1.0,1.0,0.0,0.0,0.0,0.0,0.0,1.0,0.0,0.0,0.0,1.0,0.393939393939394,0.45833333333333326,0.5826050444903135,0
0.8683052090642308,0.47403795200027954,0.5354656364574275,0.0,0.0,0.20000000000000018,1.0,2024,12,0.1074,0.0,1.0,0.0,1.0,0.0,0.0,0.0,1.0,0.0,0.0,1.0,0.0,0.0,1.0,0.0,0.0,0.0,0.030303030303030304,0.6249999999999998,0.09941696283721821,0
0.7059613126314263,0.47403795200027954,0.5354656364574275,0.0,1.0,0.4285714285714286,0.5,2020,4,0.3999,1.0,0.0,0.0,0.0,1.0,0.0,0.0,0.0,0.0,1.0,0.0,1.0,0.0,1.0,0.0,0.0,0.0,0.393939393939394,0.45833333333333326,0.2436929589308451,0
0.7059613126314263,0.11050538862370107,0.5354656364574275,0.0,0.0,0.9285714285714288,0.8500000000000001,2024,3,0.1074,0.0,0.0,1.0,1.0,0.0,0.0,0.0,1.0,0.0,0.0,0.0,1.0,0.0,0.0,0.0,1.0,0.0,0.6060606060606062,0.8958333333333333,0.2436929589308451,0
0.9383792523906672,0.47403795200027954,0.5354656364574275,0.0,0.0,0.4285714285714286,0.5,2023,9,0.2057,0.0,0.0,1.0,1.0,0.0,0.0,0.0,0.0,0.0,1.0,0.0,1.0,0.0,0.0,0.0,1.0,0.0,0.393939393939394,0.45833333333333326,0.04428208726403157,1
0.38823676709842325,0.447517537800759,0.9610903055226858,1.0000000000000004,0.0,0.4285714285714286,0.5,2021,2,0.2057,1.0,0.0,0.0,0.0,0.0,1.0,1.0,0.0,0.0,0.0,0.0,0.0,1.0,0.0,0.0,0.0,1.0,0.393939393939394,0.45833333333333326,0.6427439125168093,1
